model,fold,date,symbol,target,net_return,probability
logistic_regression,0,2020-10-14T00:00:00+00:00,AAPL,0,-0.012674362246902882,0.630506539796734
logistic_regression,0,2020-10-14T00:00:00+00:00,MSFT,0,-0.016570266193637107,0.6149743188320338
logistic_regression,0,2020-10-14T00:00:00+00:00,QQQ,0,-0.009468855045423163,0.6007620541455795
logistic_regression,0,2020-10-14T00:00:00+00:00,SPY,0,-0.004175743302371582,0.5965351894867463
logistic_regression,0,2020-10-15T00:00:00+00:00,AAPL,0,-0.0422374077975185,0.6477035070014023
logistic_regression,0,2020-10-15T00:00:00+00:00,MSFT,0,-0.025208275712791606,0.6274049896714847
logistic_regression,0,2020-10-15T00:00:00+00:00,QQQ,0,-0.026041490656493083,0.6211002370126236
logistic_regression,0,2020-10-15T00:00:00+00:00,SPY,0,-0.010663473383533129,0.6043827948696534
logistic_regression,0,2020-10-16T00:00:00+00:00,AAPL,0,-0.05149894479401751,0.6664976695409252
logistic_regression,0,2020-10-16T00:00:00+00:00,MSFT,0,-0.03174517533435295,0.6430769091884344
logistic_regression,0,2020-10-16T00:00:00+00:00,QQQ,0,-0.029860773954634157,0.6315962791992276
logistic_regression,0,2020-10-16T00:00:00+00:00,SPY,0,-0.02066132800236653,0.6029626911206267
logistic_regression,0,2020-10-19T00:00:00+00:00,AAPL,0,-0.008095675205638142,0.654090964267694
logistic_regression,0,2020-10-19T00:00:00+00:00,MSFT,0,-0.021467611100672856,0.6385899338792691
logistic_regression,0,2020-10-19T00:00:00+00:00,QQQ,0,-0.012729984048584053,0.6331629962406721
logistic_regression,0,2020-10-19T00:00:00+00:00,SPY,0,-0.012748930551943816,0.6193810316172251
logistic_regression,0,2020-10-20T00:00:00+00:00,AAPL,0,-0.01585547738480264,0.6503027115136797
logistic_regression,0,2020-10-20T00:00:00+00:00,MSFT,0,-0.027519031187599463,0.6345493928139385
logistic_regression,0,2020-10-20T00:00:00+00:00,QQQ,0,-0.025346734368430934,0.6266721993026356
logistic_regression,0,2020-10-20T00:00:00+00:00,SPY,0,-0.03464165084656212,0.6104952740343316
logistic_regression,0,2020-10-21T00:00:00+00:00,AAPL,0,-0.045163816875193774,0.6615758383182486
logistic_regression,0,2020-10-21T00:00:00+00:00,MSFT,0,-0.04799590480027349,0.6420113191503052
logistic_regression,0,2020-10-21T00:00:00+00:00,QQQ,0,-0.04418713027097987,0.6399347150070347
logistic_regression,0,2020-10-21T00:00:00+00:00,SPY,0,-0.04870303036488133,0.625177430312238
logistic_regression,0,2020-10-22T00:00:00+00:00,AAPL,0,-0.04770083696755212,0.680521087189012
logistic_regression,0,2020-10-22T00:00:00+00:00,MSFT,0,-0.05551159060786082,0.6497344614932807
logistic_regression,0,2020-10-22T00:00:00+00:00,QQQ,0,-0.03855076909967059,0.6609210647577161
logistic_regression,0,2020-10-22T00:00:00+00:00,SPY,0,-0.052917926837591,0.6349413135854656
logistic_regression,0,2020-10-23T00:00:00+00:00,AAPL,0,-0.044890745104961716,0.6721410579363898
logistic_regression,0,2020-10-23T00:00:00+00:00,MSFT,0,-0.04661281326648259,0.6457301022153648
logistic_regression,0,2020-10-23T00:00:00+00:00,QQQ,0,-0.03921343433416846,0.6593030237251838
logistic_regression,0,2020-10-23T00:00:00+00:00,SPY,0,-0.03679805915481882,0.6366070111590522
logistic_regression,0,2020-10-26T00:00:00+00:00,AAPL,0,-0.052377724546601834,0.6527014888369312
logistic_regression,0,2020-10-26T00:00:00+00:00,MSFT,0,-0.038316593480861694,0.626268521552451
logistic_regression,0,2020-10-26T00:00:00+00:00,QQQ,0,-0.03582070351572553,0.6449559223478868
logistic_regression,0,2020-10-26T00:00:00+00:00,SPY,0,-0.019828150816350254,0.6045044435853497
logistic_regression,0,2020-10-27T00:00:00+00:00,AAPL,0,-0.009891810186722916,0.653169994542449
logistic_regression,0,2020-10-27T00:00:00+00:00,MSFT,1,0.02851841182736048,0.6196228157205099
logistic_regression,0,2020-10-27T00:00:00+00:00,QQQ,1,0.018032861055714777,0.6308056448710534
logistic_regression,0,2020-10-27T00:00:00+00:00,SPY,1,0.02432665732613315,0.6175446844887615
logistic_regression,0,2020-10-28T00:00:00+00:00,AAPL,1,0.047560078235740155,0.6412845025434101
logistic_regression,0,2020-10-28T00:00:00+00:00,MSFT,1,0.08588401836296966,0.6196872307332505
logistic_regression,0,2020-10-28T00:00:00+00:00,QQQ,1,0.07305306581852045,0.6377193015172763
logistic_regression,0,2020-10-28T00:00:00+00:00,SPY,1,0.0661719614759666,0.620916555578495
logistic_regression,0,2020-10-29T00:00:00+00:00,AAPL,1,0.06507582721858518,0.6395828541587424
logistic_regression,0,2020-10-29T00:00:00+00:00,MSFT,1,0.09000494288676553,0.636508788323972
logistic_regression,0,2020-10-29T00:00:00+00:00,QQQ,1,0.06846698882477753,0.6470741301653482
logistic_regression,0,2020-10-29T00:00:00+00:00,SPY,1,0.06381997134917117,0.6339202467191914
logistic_regression,0,2020-10-30T00:00:00+00:00,AAPL,1,0.10408474100283072,0.6372170534875162
logistic_regression,0,2020-10-30T00:00:00+00:00,MSFT,1,0.0964391792729351,0.643787394613761
logistic_regression,0,2020-10-30T00:00:00+00:00,QQQ,1,0.09271755418736172,0.6500305489583404
logistic_regression,0,2020-10-30T00:00:00+00:00,SPY,1,0.10006875647294833,0.6253860202949791
logistic_regression,0,2020-11-02T00:00:00+00:00,AAPL,1,0.053420466772968966,0.6357905867942313
logistic_regression,0,2020-11-02T00:00:00+00:00,MSFT,1,0.04993584304318577,0.6205407322606865
logistic_regression,0,2020-11-02T00:00:00+00:00,QQQ,1,0.04647890256590381,0.6210264930221517
logistic_regression,0,2020-11-02T00:00:00+00:00,SPY,1,0.05721993189664376,0.5960833643851357
logistic_regression,0,2020-11-03T00:00:00+00:00,AAPL,1,0.02643798336025993,0.6636883506321334
logistic_regression,0,2020-11-03T00:00:00+00:00,MSFT,0,-0.009599226053845888,0.6466714306704779
logistic_regression,0,2020-11-03T00:00:00+00:00,QQQ,1,0.006589095624179642,0.6477438364992345
logistic_regression,0,2020-11-03T00:00:00+00:00,SPY,1,0.043501621278017266,0.6323308778908002
logistic_regression,0,2020-11-04T00:00:00+00:00,AAPL,1,0.013878347777673605,0.6328697519530592
logistic_regression,0,2020-11-04T00:00:00+00:00,MSFT,0,-0.023707023863737242,0.6191786438935702
logistic_regression,0,2020-11-04T00:00:00+00:00,QQQ,0,-0.011415741340365715,0.5688748524303775
logistic_regression,0,2020-11-04T00:00:00+00:00,SPY,1,0.016119325375156368,0.5701109254439198
logistic_regression,0,2020-11-05T00:00:00+00:00,AAPL,1,0.007448874435056707,0.6369250351665395
logistic_regression,0,2020-11-05T00:00:00+00:00,MSFT,0,-0.028490556196484884,0.6095543631517547
logistic_regression,0,2020-11-05T00:00:00+00:00,QQQ,0,-0.014026856029898394,0.5924423152172756
logistic_regression,0,2020-11-05T00:00:00+00:00,SPY,1,0.01323162638520814,0.5794929153280288
logistic_regression,0,2020-11-06T00:00:00+00:00,AAPL,0,-0.015083675963753262,0.6363114945299047
logistic_regression,0,2020-11-06T00:00:00+00:00,MSFT,0,-0.04455230181880143,0.6259383943360681
logistic_regression,0,2020-11-06T00:00:00+00:00,QQQ,0,-0.025569139359193804,0.6033046617308437
logistic_regression,0,2020-11-06T00:00:00+00:00,SPY,0,-0.01019640435075675,0.5905742075780434
logistic_regression,0,2020-11-09T00:00:00+00:00,AAPL,1,0.03254974007466194,0.6374473957588567
logistic_regression,0,2020-11-09T00:00:00+00:00,MSFT,1,0.00544645681382705,0.6085745575668466
logistic_regression,0,2020-11-09T00:00:00+00:00,QQQ,1,0.026804091221679816,0.5991813407043814
logistic_regression,0,2020-11-09T00:00:00+00:00,SPY,1,0.01629672279663108,0.5394302392215141
logistic_regression,0,2020-11-10T00:00:00+00:00,AAPL,1,0.010094717356151861,0.6486127465107678
logistic_regression,0,2020-11-10T00:00:00+00:00,MSFT,1,0.006551216682941785,0.5956476297564587
logistic_regression,0,2020-11-10T00:00:00+00:00,QQQ,1,0.017785585505442292,0.6050925375590159
logistic_regression,0,2020-11-10T00:00:00+00:00,SPY,1,0.010631193668207306,0.5797813791827067
logistic_regression,0,2020-11-11T00:00:00+00:00,AAPL,0,-0.01893441800636486,0.654441024020981
logistic_regression,0,2020-11-11T00:00:00+00:00,MSFT,0,-0.026242392170400808,0.6217748249381392
logistic_regression,0,2020-11-11T00:00:00+00:00,QQQ,0,-0.006185710420741675,0.6215841510951542
logistic_regression,0,2020-11-11T00:00:00+00:00,SPY,0,-0.0019419048165248975,0.584695720959868
logistic_regression,0,2020-11-12T00:00:00+00:00,AAPL,0,-0.00868229350641292,0.6541392958432487
logistic_regression,0,2020-11-12T00:00:00+00:00,MSFT,0,-0.01862428772537772,0.6393861580040672
logistic_regression,0,2020-11-12T00:00:00+00:00,QQQ,1,0.005327910453692963,0.6324488095966848
logistic_regression,0,2020-11-12T00:00:00+00:00,SPY,1,0.004266322070832773,0.5845086462686349
logistic_regression,0,2020-11-13T00:00:00+00:00,AAPL,0,-0.016600359097282857,0.6603172756136229
logistic_regression,0,2020-11-13T00:00:00+00:00,MSFT,0,-0.01763992749710197,0.6470147912205408
logistic_regression,0,2020-11-13T00:00:00+00:00,QQQ,1,0.0007149534110775235,0.6401864875122311
logistic_regression,0,2020-11-13T00:00:00+00:00,SPY,0,-0.012227455777079177,0.600492598182602
logistic_regression,0,2020-11-16T00:00:00+00:00,AAPL,0,-0.04908050851139745,0.6573565841604687
logistic_regression,0,2020-11-16T00:00:00+00:00,MSFT,0,-0.02952870331922497,0.6411910323224814
logistic_regression,0,2020-11-16T00:00:00+00:00,QQQ,0,-0.00849468487674665,0.6322475404235632
logistic_regression,0,2020-11-16T00:00:00+00:00,SPY,0,-0.0013322897550817059,0.578907865886409
logistic_regression,0,2020-11-17T00:00:00+00:00,AAPL,0,-0.02774521054066581,0.6551438122981584
logistic_regression,0,2020-11-17T00:00:00+00:00,MSFT,1,0.0048217577252309685,0.6295223919356806
logistic_regression,0,2020-11-17T00:00:00+00:00,QQQ,1,0.011242433799802276,0.6331259143429132
logistic_regression,0,2020-11-17T00:00:00+00:00,SPY,1,0.004140916830254859,0.5765123011035963
logistic_regression,0,2020-11-18T00:00:00+00:00,AAPL,0,-0.010654930192430911,0.6516008123368341
logistic_regression,0,2020-11-18T00:00:00+00:00,MSFT,1,0.014385213245315498,0.6289028702592735
logistic_regression,0,2020-11-18T00:00:00+00:00,QQQ,1,0.028231060497644567,0.6275708277418834
logistic_regression,0,2020-11-18T00:00:00+00:00,SPY,1,0.021127815847747033,0.583971751987511
logistic_regression,0,2020-11-19T00:00:00+00:00,AAPL,0,-0.01604635445125835,0.6585086762183168
logistic_regression,0,2020-11-19T00:00:00+00:00,MSFT,1,0.006937800236210823,0.6355007151217172
logistic_regression,0,2020-11-19T00:00:00+00:00,QQQ,1,0.02203865884189482,0.6387524529734873
logistic_regression,0,2020-11-19T00:00:00+00:00,SPY,1,0.012881336568291157,0.586844588808512
logistic_regression,0,2020-11-20T00:00:00+00:00,AAPL,1,0.030621522314518312,0.6533307947785636
logistic_regression,0,2020-11-20T00:00:00+00:00,MSFT,1,0.014844312292667139,0.6309793844993848
logistic_regression,0,2020-11-20T00:00:00+00:00,QQQ,1,0.03416753558460184,0.6265164027537447
logistic_regression,0,2020-11-20T00:00:00+00:00,SPY,1,0.02115857756550965,0.5775185267749051
logistic_regression,0,2020-11-23T00:00:00+00:00,AAPL,1,0.0690559457087423,0.648211033145218
logistic_regression,0,2020-11-23T00:00:00+00:00,MSFT,1,0.02319110609602526,0.6571423461850554
logistic_regression,0,2020-11-23T00:00:00+00:00,QQQ,1,0.0348421022371499,0.6470108157949501
logistic_regression,0,2020-11-23T00:00:00+00:00,SPY,1,0.01077431849770738,0.6162266594474712
logistic_regression,0,2020-11-24T00:00:00+00:00,AAPL,1,0.06683859868684161,0.644466184111937
logistic_regression,0,2020-11-24T00:00:00+00:00,MSFT,0,-0.004317764590486273,0.6456416175534894
logistic_regression,0,2020-11-24T00:00:00+00:00,QQQ,1,0.027040264873295472,0.6435157073241038
logistic_regression,0,2020-11-24T00:00:00+00:00,SPY,1,0.007758355442634812,0.6077811296203467
logistic_regression,0,2020-11-25T00:00:00+00:00,AAPL,1,0.04962721888249377,0.673292756961394
logistic_regression,0,2020-11-25T00:00:00+00:00,MSFT,0,-0.00492450224025387,0.6617774140067971
logistic_regression,0,2020-11-25T00:00:00+00:00,QQQ,1,0.018142047478697743,0.6521309677464975
logistic_regression,0,2020-11-25T00:00:00+00:00,SPY,1,0.007547728270079768,0.6268603049472764
logistic_regression,0,2020-11-27T00:00:00+00:00,AAPL,1,0.04356370961567846,0.6662586785740322
logistic_regression,0,2020-11-27T00:00:00+00:00,MSFT,0,-0.0007391398811210648,0.6557588557062771
logistic_regression,0,2020-11-27T00:00:00+00:00,QQQ,1,0.019239830889832055,0.6406696108863605
logistic_regression,0,2020-11-27T00:00:00+00:00,SPY,1,0.01502824683975068,0.6250500869668634
logistic_regression,0,2020-11-30T00:00:00+00:00,AAPL,1,0.025712706446934686,0.6412131895454173
logistic_regression,0,2020-11-30T00:00:00+00:00,MSFT,0,-0.004510359432627675,0.6378087157006658
logistic_regression,0,2020-11-30T00:00:00+00:00,QQQ,1,0.013832559885214257,0.638116510038352
logistic_regression,0,2020-11-30T00:00:00+00:00,SPY,1,0.0038718548636422767,0.6175625410772119
logistic_regression,0,2020-12-01T00:00:00+00:00,AAPL,1,0.01853158474150285,0.6360945748698978
logistic_regression,0,2020-12-01T00:00:00+00:00,MSFT,0,-0.0006972925517028106,0.6455815791348796
logistic_regression,0,2020-12-01T00:00:00+00:00,QQQ,1,0.017218666852518494,0.6283985073175893
logistic_regression,0,2020-12-01T00:00:00+00:00,SPY,1,0.01457985135877471,0.6148421975513648
logistic_regression,0,2020-12-02T00:00:00+00:00,AAPL,0,-0.026398504254974586,0.655694945287731
logistic_regression,0,2020-12-02T00:00:00+00:00,MSFT,0,-0.015205054013710417,0.6565886030689354
logistic_regression,0,2020-12-02T00:00:00+00:00,QQQ,0,-0.018272401772857827,0.6469592807776968
logistic_regression,0,2020-12-02T00:00:00+00:00,SPY,0,-0.0055633831174349835,0.6364948669829015
logistic_regression,0,2020-12-03T00:00:00+00:00,AAPL,0,-0.0033819591025326945,0.6429985276795602
logistic_regression,0,2020-12-03T00:00:00+00:00,MSFT,0,-0.021424989834195163,0.6387032028059008
logistic_regression,0,2020-12-03T00:00:00+00:00,QQQ,0,-0.013541536350494376,0.6286358612649063
logistic_regression,0,2020-12-03T00:00:00+00:00,SPY,0,-0.008573400617395643,0.6362257085699466
logistic_regression,0,2020-12-04T00:00:00+00:00,AAPL,1,0.00036826441776316443,0.6245527752101687
logistic_regression,0,2020-12-04T00:00:00+00:00,MSFT,0,-0.007910623162472041,0.6208017198254395
logistic_regression,0,2020-12-04T00:00:00+00:00,QQQ,0,-0.010583978652985881,0.6125274046106095
logistic_regression,0,2020-12-04T00:00:00+00:00,SPY,0,-0.0030255516152801754,0.6185420441216374
logistic_regression,0,2020-12-07T00:00:00+00:00,AAPL,0,-0.002238663676872199,0.6224433335339568
logistic_regression,0,2020-12-07T00:00:00+00:00,MSFT,1,0.003599022021919307,0.6255817982224383
logistic_regression,0,2020-12-07T00:00:00+00:00,QQQ,0,-0.003267203055953294,0.605916171880414
logistic_regression,0,2020-12-07T00:00:00+00:00,SPY,0,-0.0028667801023525286,0.6234197939463239
logistic_regression,0,2020-12-08T00:00:00+00:00,AAPL,1,0.021082717283833485,0.6344068284875494
logistic_regression,0,2020-12-08T00:00:00+00:00,MSFT,0,-0.00389982805744693,0.6515619640983786
logistic_regression,0,2020-12-08T00:00:00+00:00,QQQ,0,-0.003196080603937168,0.6187634144269555
logistic_regression,0,2020-12-08T00:00:00+00:00,SPY,0,-0.004850202908981527,0.6375866483592156
logistic_regression,0,2020-12-09T00:00:00+00:00,AAPL,1,0.06757221232248178,0.6248196770986121
logistic_regression,0,2020-12-09T00:00:00+00:00,MSFT,1,0.03617477259127355,0.6422938514398626
logistic_regression,0,2020-12-09T00:00:00+00:00,QQQ,1,0.03609309414123074,0.6184569350490121
logistic_regression,0,2020-12-09T00:00:00+00:00,SPY,1,0.015947723406239067,0.6161154501660654
logistic_regression,0,2020-12-10T00:00:00+00:00,AAPL,1,0.051232328179255715,0.6198488478612637
logistic_regression,0,2020-12-10T00:00:00+00:00,MSFT,1,0.03857795650461582,0.6229862100675305
logistic_regression,0,2020-12-10T00:00:00+00:00,QQQ,1,0.033999428444674074,0.6111491369583475
logistic_regression,0,2020-12-10T00:00:00+00:00,SPY,1,0.018928754027972783,0.6125540103234927
logistic_regression,0,2020-12-11T00:00:00+00:00,AAPL,1,0.01770140294064726,0.616375386709092
logistic_regression,0,2020-12-11T00:00:00+00:00,MSFT,1,0.01884248438465841,0.6079766427925433
logistic_regression,0,2020-12-11T00:00:00+00:00,QQQ,1,0.010961236616845449,0.6197007210656961
logistic_regression,0,2020-12-11T00:00:00+00:00,SPY,0,-0.007722035980946007,0.6259119996925816
logistic_regression,0,2020-12-14T00:00:00+00:00,AAPL,1,0.05635406479167293,0.6112098658760668
logistic_regression,0,2020-12-14T00:00:00+00:00,MSFT,1,0.032881320885139065,0.5999212083237436
logistic_regression,0,2020-12-14T00:00:00+00:00,QQQ,1,0.011168028884955383,0.6028622372235565
logistic_regression,0,2020-12-14T00:00:00+00:00,SPY,1,0.004465869610338125,0.6120784596477894
logistic_regression,0,2020-12-15T00:00:00+00:00,AAPL,1,0.03520885236999782,0.5836776289540804
logistic_regression,0,2020-12-15T00:00:00+00:00,MSFT,1,0.036853182833334275,0.6203016813743011
logistic_regression,0,2020-12-15T00:00:00+00:00,QQQ,1,0.006666612808651218,0.6164689068441355
logistic_regression,0,2020-12-15T00:00:00+00:00,SPY,0,-0.0019175886240713202,0.6220408061134828
logistic_regression,0,2020-12-16T00:00:00+00:00,AAPL,1,0.016738711830313058,0.5963117882990057
logistic_regression,0,2020-12-16T00:00:00+00:00,MSFT,1,0.0050375434556255705,0.60143750720155
logistic_regression,0,2020-12-16T00:00:00+00:00,QQQ,0,-0.007141066062032908,0.5989095592772192
logistic_regression,0,2020-12-16T00:00:00+00:00,SPY,0,-0.008145182332041645,0.6193227557366593
logistic_regression,0,2020-12-17T00:00:00+00:00,AAPL,1,0.03692844565354303,0.5994390874012818
logistic_regression,0,2020-12-17T00:00:00+00:00,MSFT,1,0.02475646551985311,0.6124710469933581
logistic_regression,0,2020-12-17T00:00:00+00:00,QQQ,1,0.0017035853429034908,0.6095128213246919
logistic_regression,0,2020-12-17T00:00:00+00:00,SPY,1,7.322058576475499e-05,0.6152261036446622
logistic_regression,0,2020-12-18T00:00:00+00:00,AAPL,1,0.10201699338386394,0.5404997183053286
logistic_regression,0,2020-12-18T00:00:00+00:00,MSFT,1,0.038188042845044956,0.5511371793806958
logistic_regression,0,2020-12-18T00:00:00+00:00,QQQ,1,0.022719339747305334,0.5665053693650992
logistic_regression,0,2020-12-18T00:00:00+00:00,SPY,1,0.022174727604915123,0.5569334133533855
logistic_regression,0,2020-12-21T00:00:00+00:00,AAPL,1,0.02810648684105388,0.5864885510166196
logistic_regression,0,2020-12-21T00:00:00+00:00,MSFT,1,0.009385127396006387,0.587300630953575
logistic_regression,0,2020-12-21T00:00:00+00:00,QQQ,1,0.011884050549438196,0.5858035387517622
logistic_regression,0,2020-12-21T00:00:00+00:00,SPY,1,0.009196145499140052,0.6006881325593696
logistic_regression,0,2020-12-22T00:00:00+00:00,AAPL,1,0.012500798705962879,0.605855689479273
logistic_regression,0,2020-12-22T00:00:00+00:00,MSFT,0,-0.008305202125356459,0.6156176373779113
logistic_regression,0,2020-12-22T00:00:00+00:00,QQQ,1,0.00785941065782092,0.6167521477315742
logistic_regression,0,2020-12-22T00:00:00+00:00,SPY,1,0.007486569610968052,0.6343013231554832
logistic_regression,0,2020-12-23T00:00:00+00:00,AAPL,1,0.014721618485159738,0.6269072465500172
logistic_regression,0,2020-12-23T00:00:00+00:00,MSFT,1,0.0030050834031853935,0.6248889004363839
logistic_regression,0,2020-12-23T00:00:00+00:00,QQQ,1,0.019484224686888707,0.6213314570345914
logistic_regression,0,2020-12-23T00:00:00+00:00,SPY,1,0.017605277446214096,0.6275693499759468
logistic_regression,0,2020-12-24T00:00:00+00:00,AAPL,0,-0.03998440769503475,0.6313147097652425
logistic_regression,0,2020-12-24T00:00:00+00:00,MSFT,0,-0.03396802094500928,0.6286717451889365
logistic_regression,0,2020-12-24T00:00:00+00:00,QQQ,0,-0.01465457987295471,0.6323226297438871
logistic_regression,0,2020-12-24T00:00:00+00:00,SPY,0,-0.01177009520924932,0.6348978852345537
logistic_regression,0,2020-12-28T00:00:00+00:00,AAPL,0,-0.07667625299720793,0.5452909353503433
logistic_regression,0,2020-12-28T00:00:00+00:00,MSFT,0,-0.0643539505923656,0.5948578920902576
logistic_regression,0,2020-12-28T00:00:00+00:00,QQQ,0,-0.02440176840625652,0.6022367218613409
logistic_regression,0,2020-12-28T00:00:00+00:00,SPY,0,-0.012944089080877075,0.5994138511145539
logistic_regression,0,2020-12-29T00:00:00+00:00,AAPL,0,-0.055144349338584364,0.6332096114435328
logistic_regression,0,2020-12-29T00:00:00+00:00,MSFT,0,-0.051581213448489094,0.6266879977451754
logistic_regression,0,2020-12-29T00:00:00+00:00,QQQ,0,-0.014323607216545353,0.6188813937289179
logistic_regression,0,2020-12-29T00:00:00+00:00,SPY,1,0.008080089491399933,0.6321741127735068
logistic_regression,0,2020-12-30T00:00:00+00:00,AAPL,0,-0.014279486782322048,0.6208058245799781
logistic_regression,0,2020-12-30T00:00:00+00:00,MSFT,0,-0.015592779130810919,0.6196259979814983
logistic_regression,0,2020-12-30T00:00:00+00:00,QQQ,1,0.01226047284449705,0.6238853565740561
logistic_regression,0,2020-12-30T00:00:00+00:00,SPY,1,0.021651595509006638,0.6248567180880932
logistic_regression,0,2020-12-31T00:00:00+00:00,AAPL,0,-0.03436301221849003,0.6079385964487348
logistic_regression,0,2020-12-31T00:00:00+00:00,MSFT,0,-0.020206023687423302,0.6131029343169608
logistic_regression,0,2020-12-31T00:00:00+00:00,QQQ,1,0.0007575544158193726,0.611740045816975
logistic_regression,0,2020-12-31T00:00:00+00:00,SPY,1,0.004756083787602616,0.5782006755256524
logistic_regression,0,2021-01-04T00:00:00+00:00,AAPL,0,-0.005018050857593659,0.5845224653680616
logistic_regression,0,2021-01-04T00:00:00+00:00,MSFT,0,-0.005489077933967135,0.5964061763110393
logistic_regression,0,2021-01-04T00:00:00+00:00,QQQ,1,0.017975421877998388,0.5716699506346973
logistic_regression,0,2021-01-04T00:00:00+00:00,SPY,1,0.027256147135900965,0.5810571990288927
logistic_regression,0,2021-01-05T00:00:00+00:00,AAPL,1,0.006128587569834476,0.6168243035787504
logistic_regression,0,2021-01-05T00:00:00+00:00,MSFT,1,0.006704213889612953,0.6220372349749148
logistic_regression,0,2021-01-05T00:00:00+00:00,QQQ,1,0.02137502491947041,0.5945475414771951
logistic_regression,0,2021-01-05T00:00:00+00:00,SPY,1,0.02224247499704246,0.5998870110383329
logistic_regression,0,2021-01-06T00:00:00+00:00,AAPL,1,0.016973427664985996,0.5954129356084069
logistic_regression,0,2021-01-06T00:00:00+00:00,MSFT,1,0.0067211926144408185,0.6095271628324825
logistic_regression,0,2021-01-06T00:00:00+00:00,QQQ,1,0.018008289862877946,0.5541883149453914
logistic_regression,0,2021-01-06T00:00:00+00:00,SPY,1,0.009916556042044888,0.5632375870336046
logistic_regression,0,2021-01-07T00:00:00+00:00,AAPL,0,-0.029504894948383487,0.6241122382528911
logistic_regression,0,2021-01-07T00:00:00+00:00,MSFT,0,-0.025546916196818037,0.6271787443777673
logistic_regression,0,2021-01-07T00:00:00+00:00,QQQ,0,-0.012092987936124455,0.5955139383107623
logistic_regression,0,2021-01-07T00:00:00+00:00,SPY,0,-0.012146264038520926,0.5781328310816944
logistic_regression,0,2021-01-08T00:00:00+00:00,AAPL,0,-0.01289018172053169,0.6446755016046465
logistic_regression,0,2021-01-08T00:00:00+00:00,MSFT,0,-0.023559814888715835,0.6488213074574535
logistic_regression,0,2021-01-08T00:00:00+00:00,QQQ,0,-0.007462288751343804,0.6260669011702745
logistic_regression,0,2021-01-08T00:00:00+00:00,SPY,0,-0.0007036088223059123,0.5993107258307797
logistic_regression,0,2021-01-11T00:00:00+00:00,AAPL,0,-0.0007551411033599464,0.6240480032559932
logistic_regression,0,2021-01-11T00:00:00+00:00,MSFT,1,0.003533712700315439,0.6427810826149079
logistic_regression,0,2021-01-11T00:00:00+00:00,QQQ,1,0.0160288528691086,0.602054741604975
logistic_regression,0,2021-01-11T00:00:00+00:00,SPY,1,0.0038493243223844953,0.5990963849740826
logistic_regression,0,2021-01-12T00:00:00+00:00,AAPL,1,0.037066589544058726,0.6369383429298627
logistic_regression,0,2021-01-12T00:00:00+00:00,MSFT,1,0.04780388707149208,0.6440153192780251
logistic_regression,0,2021-01-12T00:00:00+00:00,QQQ,1,0.03281555279161941,0.6136189201237485
logistic_regression,0,2021-01-12T00:00:00+00:00,SPY,1,0.013287746131267042,0.6002870948977155
logistic_regression,0,2021-01-13T00:00:00+00:00,AAPL,1,0.03981392819437457,0.6535059264658392
logistic_regression,0,2021-01-13T00:00:00+00:00,MSFT,1,0.04963329638505032,0.6435789178055054
logistic_regression,0,2021-01-13T00:00:00+00:00,QQQ,1,0.025719068735797546,0.6279088806173153
logistic_regression,0,2021-01-13T00:00:00+00:00,SPY,1,0.0023547390666720514,0.6186070047867588
logistic_regression,0,2021-01-14T00:00:00+00:00,AAPL,1,0.10874488817011185,0.6518339631371528
logistic_regression,0,2021-01-14T00:00:00+00:00,MSFT,1,0.07091718780919498,0.6308005025460318
logistic_regression,0,2021-01-14T00:00:00+00:00,QQQ,1,0.04495833346968592,0.6235996160611966
logistic_regression,0,2021-01-14T00:00:00+00:00,SPY,1,0.016414059620424748,0.6109708235202705
logistic_regression,0,2021-01-15T00:00:00+00:00,AAPL,1,0.12156090097219296,0.6315592053276863
logistic_regression,0,2021-01-15T00:00:00+00:00,MSFT,1,0.08255765991486386,0.629676336148619
logistic_regression,0,2021-01-15T00:00:00+00:00,QQQ,1,0.04436942205345673,0.6074381657442295
logistic_regression,0,2021-01-15T00:00:00+00:00,SPY,1,0.016651277496815053,0.5721273310315658
logistic_regression,0,2021-01-19T00:00:00+00:00,AAPL,1,0.11257115398293038,0.6388723286184654
logistic_regression,0,2021-01-19T00:00:00+00:00,MSFT,1,0.09106345342117939,0.6338891373686951
logistic_regression,0,2021-01-19T00:00:00+00:00,QQQ,1,0.01708036484627673,0.6250250351500791
logistic_regression,0,2021-01-19T00:00:00+00:00,SPY,0,-0.004328387851538218,0.6175926055745411
logistic_regression,0,2021-01-20T00:00:00+00:00,AAPL,1,0.04066646928856765,0.6683020723887158
logistic_regression,0,2021-01-20T00:00:00+00:00,MSFT,1,0.04645911189551266,0.6575145375558104
logistic_regression,0,2021-01-20T00:00:00+00:00,QQQ,0,-0.01574841363204138,0.6321510937059936
logistic_regression,0,2021-01-20T00:00:00+00:00,SPY,0,-0.023100705336599137,0.6311324110271017
logistic_regression,0,2021-01-21T00:00:00+00:00,AAPL,0,-0.005293594877506358,0.6545070737565737
logistic_regression,0,2021-01-21T00:00:00+00:00,MSFT,1,0.037160723823602027,0.6368902788143319
logistic_regression,0,2021-01-21T00:00:00+00:00,QQQ,0,-0.01951646712404853,0.6265924687586124
logistic_regression,0,2021-01-21T00:00:00+00:00,SPY,0,-0.01928182256799993,0.62777505433538
logistic_regression,0,2021-01-22T00:00:00+00:00,AAPL,0,-0.06701095545785773,0.6415865335808777
logistic_regression,0,2021-01-22T00:00:00+00:00,MSFT,1,0.02387549787902188,0.6054854019032248
logistic_regression,0,2021-01-22T00:00:00+00:00,QQQ,0,-0.034768171835351636,0.6155141379130352
logistic_regression,0,2021-01-22T00:00:00+00:00,SPY,0,-0.027880212462840448,0.6044517376386095
logistic_regression,0,2021-01-25T00:00:00+00:00,AAPL,0,-0.056693512484449426,0.5795645956976313
logistic_regression,0,2021-01-25T00:00:00+00:00,MSFT,1,0.03863487744317062,0.5759244392341297
logistic_regression,0,2021-01-25T00:00:00+00:00,QQQ,0,-0.01222562967899432,0.5678250029091272
logistic_regression,0,2021-01-25T00:00:00+00:00,SPY,0,-0.016913215674766335,0.5883334140698693
logistic_regression,0,2021-01-26T00:00:00+00:00,AAPL,0,-0.05536676999765899,0.5753285067704692
logistic_regression,0,2021-01-26T00:00:00+00:00,MSFT,1,0.004585295302109271,0.44263289996429706
logistic_regression,0,2021-01-26T00:00:00+00:00,QQQ,1,0.008891850762587916,0.5813817183613104
logistic_regression,0,2021-01-26T00:00:00+00:00,SPY,1,0.003828978228772373,0.585413810166809
logistic_regression,0,2021-01-27T00:00:00+00:00,AAPL,0,-0.025031030136449584,0.5889234588832011
logistic_regression,0,2021-01-27T00:00:00+00:00,MSFT,1,0.027864481634997773,0.47130934544367353
logistic_regression,0,2021-01-27T00:00:00+00:00,QQQ,1,0.020254172017364125,0.5506416390495439
logistic_regression,0,2021-01-27T00:00:00+00:00,SPY,1,0.015503516123829053,0.5293899220039285
logistic_regression,0,2021-01-28T00:00:00+00:00,AAPL,1,0.010678535650505472,0.5985938046415243
logistic_regression,0,2021-01-28T00:00:00+00:00,MSFT,1,0.024390921020132073,0.5048606977942274
logistic_regression,0,2021-01-28T00:00:00+00:00,QQQ,1,0.034351860168528425,0.5917409279217157
logistic_regression,0,2021-01-28T00:00:00+00:00,SPY,1,0.031398826995938656,0.5966730012589948
logistic_regression,0,2021-01-29T00:00:00+00:00,AAPL,1,0.01653159993982478,0.583644638830302
logistic_regression,0,2021-01-29T00:00:00+00:00,MSFT,1,0.032349789109045846,0.544053437556911
logistic_regression,0,2021-01-29T00:00:00+00:00,QQQ,1,0.04503019104221995,0.5418518143530734
logistic_regression,0,2021-01-29T00:00:00+00:00,SPY,1,0.03952772320476017,0.5711054573283693
logistic_regression,0,2021-02-01T00:00:00+00:00,AAPL,1,0.006047177445213769,0.6270635784886729
logistic_regression,0,2021-02-01T00:00:00+00:00,MSFT,1,0.00035963000559369185,0.5730567380702859
logistic_regression,0,2021-02-01T00:00:00+00:00,QQQ,1,0.01989505763040289,0.6099396904068742
logistic_regression,0,2021-02-01T00:00:00+00:00,SPY,1,0.024184201799100524,0.6416035753915548
logistic_regression,0,2021-02-02T00:00:00+00:00,AAPL,1,0.004794002431156352,0.6525656820924042
logistic_regression,0,2021-02-02T00:00:00+00:00,MSFT,1,0.02062231684536009,0.6129053346884815
logistic_regression,0,2021-02-02T00:00:00+00:00,QQQ,1,0.013645724130042725,0.6480611447408219
logistic_regression,0,2021-02-02T00:00:00+00:00,SPY,1,0.023262379009315826,0.6589971387657035
logistic_regression,0,2021-02-03T00:00:00+00:00,AAPL,0,-0.0034396776595817524,0.6362926631618542
logistic_regression,0,2021-02-03T00:00:00+00:00,MSFT,1,0.006720906988851638,0.5876438802658609
logistic_regression,0,2021-02-03T00:00:00+00:00,QQQ,1,0.01782068111533719,0.6378960730147176
logistic_regression,0,2021-02-03T00:00:00+00:00,SPY,1,0.019579743453598697,0.6438117044401264
logistic_regression,0,2021-02-04T00:00:00+00:00,AAPL,0,-0.023796581858566812,0.6587479741281351
logistic_regression,0,2021-02-04T00:00:00+00:00,MSFT,1,0.005006093957358182,0.6112707528290257
logistic_regression,0,2021-02-04T00:00:00+00:00,QQQ,1,0.005504665390366981,0.6602346422897388
logistic_regression,0,2021-02-04T00:00:00+00:00,SPY,1,0.0022439482490672624,0.6509991710245127
logistic_regression,0,2021-02-05T00:00:00+00:00,AAPL,0,-0.0059598134191573005,0.6330462065715231
logistic_regression,0,2021-02-05T00:00:00+00:00,MSFT,1,0.005718429587900253,0.6019682758622353
logistic_regression,0,2021-02-05T00:00:00+00:00,QQQ,1,0.010495803924625458,0.631705251715952
logistic_regression,0,2021-02-05T00:00:00+00:00,SPY,1,0.010025812518059007,0.6269105483909486
logistic_regression,0,2021-02-08T00:00:00+00:00,AAPL,0,-0.04122526986525399,0.6329744402397979
logistic_regression,0,2021-02-08T00:00:00+00:00,MSFT,0,-0.001973998950003608,0.5943677194396799
logistic_regression,0,2021-02-08T00:00:00+00:00,QQQ,0,-0.002448103729822848,0.6305832295838975
logistic_regression,0,2021-02-08T00:00:00+00:00,SPY,1,7.674508519062151e-05,0.6269852257070969
logistic_regression,0,2021-02-09T00:00:00+00:00,AAPL,0,-0.05523255817055195,0.6331250650100221
logistic_regression,0,2021-02-09T00:00:00+00:00,MSFT,0,-0.012764363127443223,0.5944902607112097
logistic_regression,0,2021-02-09T00:00:00+00:00,QQQ,0,-0.01617904811527504,0.6357257888762297
logistic_regression,0,2021-02-09T00:00:00+00:00,SPY,0,-0.00843732815901621,0.6204510640369543
logistic_regression,0,2021-02-10T00:00:00+00:00,AAPL,0,-0.043563022664361184,0.6322600865517692
logistic_regression,0,2021-02-10T00:00:00+00:00,MSFT,0,-0.003908396614735188,0.6036659903906767
logistic_regression,0,2021-02-10T00:00:00+00:00,QQQ,0,-0.0034011224089396386,0.6200847509354652
logistic_regression,0,2021-02-10T00:00:00+00:00,SPY,1,0.00011924401295160258,0.6026222798878791
logistic_regression,0,2021-02-11T00:00:00+00:00,AAPL,0,-0.04909397757485234,0.6334698434745638
logistic_regression,0,2021-02-11T00:00:00+00:00,MSFT,0,-0.026395508872073425,0.6094303480749457
logistic_regression,0,2021-02-11T00:00:00+00:00,QQQ,0,-0.023560711140734547,0.618433034349331
logistic_regression,0,2021-02-11T00:00:00+00:00,SPY,0,-0.009140411449596986,0.6100968969423722
logistic_regression,0,2021-02-12T00:00:00+00:00,AAPL,0,-0.08839970365121741,0.6404161389569427
logistic_regression,0,2021-02-12T00:00:00+00:00,MSFT,0,-0.05970999859574355,0.6212948832365968
logistic_regression,0,2021-02-12T00:00:00+00:00,QQQ,0,-0.061978329157001744,0.6213380686348661
logistic_regression,0,2021-02-12T00:00:00+00:00,SPY,0,-0.02555704588648766,0.6064465572612662
logistic_regression,0,2021-02-16T00:00:00+00:00,AAPL,0,-0.049978289339606685,0.6443102714834369
logistic_regression,0,2021-02-16T00:00:00+00:00,MSFT,0,-0.04877174673562079,0.6237361666168361
logistic_regression,0,2021-02-16T00:00:00+00:00,QQQ,0,-0.04321251835240236,0.6328977289862171
logistic_regression,0,2021-02-16T00:00:00+00:00,SPY,0,-0.012452687282131558,0.6307989067994222
logistic_regression,0,2021-02-17T00:00:00+00:00,AAPL,0,-0.03691240565038678,0.6428359666725396
logistic_regression,0,2021-02-17T00:00:00+00:00,MSFT,0,-0.04211637917366573,0.6469507287374476
logistic_regression,0,2021-02-17T00:00:00+00:00,QQQ,0,-0.0287137905487983,0.6097525626960674
logistic_regression,0,2021-02-17T00:00:00+00:00,SPY,1,0.00010287784442897241,0.6074524046721975
logistic_regression,0,2021-02-18T00:00:00+00:00,AAPL,0,-0.06061846967907103,0.6303941324627945
logistic_regression,0,2021-02-18T00:00:00+00:00,MSFT,0,-0.0520313218602555,0.6428727577662557
logistic_regression,0,2021-02-18T00:00:00+00:00,QQQ,0,-0.05583459854641559,0.6121035585162115
logistic_regression,0,2021-02-18T00:00:00+00:00,SPY,0,-0.021648999449328743,0.6071669197244682
logistic_regression,0,2021-02-19T00:00:00+00:00,AAPL,0,-0.03521010956210302,0.6220713542540462
logistic_regression,0,2021-02-19T00:00:00+00:00,MSFT,0,-0.008387440726427942,0.6339508418866715
logistic_regression,0,2021-02-19T00:00:00+00:00,QQQ,0,-0.024097503299701284,0.5929290950878661
logistic_regression,0,2021-02-19T00:00:00+00:00,SPY,0,-0.005788288328183233,0.5776041265050698
logistic_regression,0,2021-02-22T00:00:00+00:00,AAPL,1,0.03549962945618623,0.5956477155357219
logistic_regression,0,2021-02-22T00:00:00+00:00,MSFT,1,0.02694591903847754,0.635992556799392
logistic_regression,0,2021-02-22T00:00:00+00:00,QQQ,1,0.02082693529284607,0.5790941179165041
logistic_regression,0,2021-02-22T00:00:00+00:00,SPY,1,0.011389658544008308,0.6025398822077425
logistic_regression,0,2021-02-23T00:00:00+00:00,AAPL,0,-0.0030363350227219366,0.5758509261749274
logistic_regression,0,2021-02-23T00:00:00+00:00,MSFT,1,0.007330793280672765,0.6514510836135537
logistic_regression,0,2021-02-23T00:00:00+00:00,QQQ,0,-0.006600758075859581,0.5685726405662863
logistic_regression,0,2021-02-23T00:00:00+00:00,SPY,0,-0.003392909056577076,0.5937943155817873
logistic_regression,0,2021-02-24T00:00:00+00:00,AAPL,0,-0.025451324397874342,0.5717498956186131
logistic_regression,0,2021-02-24T00:00:00+00:00,MSFT,0,-0.02496148202106163,0.6657094064684684
logistic_regression,0,2021-02-24T00:00:00+00:00,QQQ,0,-0.04115512134345034,0.5809345897987481
logistic_regression,0,2021-02-24T00:00:00+00:00,SPY,0,-0.0254902288881943,0.589189214780987
logistic_regression,0,2021-02-25T00:00:00+00:00,AAPL,0,-0.015104869553775324,0.9999929927685394
logistic_regression,0,2021-02-25T00:00:00+00:00,MSFT,0,-0.010661962883369402,0.6634415367162283
logistic_regression,0,2021-02-25T00:00:00+00:00,QQQ,0,-0.030593536982013725,0.6029597017081092
logistic_regression,0,2021-02-25T00:00:00+00:00,SPY,0,-0.012098897770026595,0.6177356958065183
logistic_regression,0,2021-02-26T00:00:00+00:00,AAPL,0,-0.024740293343178732,0.8448065729742652
logistic_regression,0,2021-02-26T00:00:00+00:00,MSFT,0,-0.02116250535216102,0.6479686179357248
logistic_regression,0,2021-02-26T00:00:00+00:00,QQQ,0,-0.0368513985140736,0.5872118755575653
logistic_regression,0,2021-02-26T00:00:00+00:00,SPY,0,-0.004404834032211591,0.6015212887388238
logistic_regression,0,2021-03-01T00:00:00+00:00,AAPL,0,-0.07489915225102983,0.6272467893597816
logistic_regression,0,2021-03-01T00:00:00+00:00,MSFT,0,-0.019388595196812575,0.6558596355205486
logistic_regression,0,2021-03-01T00:00:00+00:00,QQQ,0,-0.0536446238301016,0.6569035026125075
logistic_regression,0,2021-03-01T00:00:00+00:00,SPY,0,-0.012161827043874918,0.6499412276854278
logistic_regression,0,2021-03-02T00:00:00+00:00,AAPL,0,-0.026946110165194215,0.6042118924577772
logistic_regression,0,2021-03-02T00:00:00+00:00,MSFT,1,0.018807884245683804,0.6330055184142168
logistic_regression,0,2021-03-02T00:00:00+00:00,QQQ,0,-0.005489502400987556,0.624646098121985
logistic_regression,0,2021-03-02T00:00:00+00:00,SPY,1,0.008090728629599697,0.6390890714147724
logistic_regression,0,2021-03-03T00:00:00+00:00,AAPL,1,0.004477852891368039,0.5844107080176886
logistic_regression,0,2021-03-03T00:00:00+00:00,MSFT,1,0.03418254494479522,0.6085539293135427
logistic_regression,0,2021-03-03T00:00:00+00:00,QQQ,1,0.020594125040839684,0.5687229234029532
logistic_regression,0,2021-03-03T00:00:00+00:00,SPY,1,0.026825025292553484,0.6038919096318919
logistic_regression,0,2021-03-04T00:00:00+00:00,AAPL,0,-0.00678254725629146,0.5512256823628997
logistic_regression,0,2021-03-04T00:00:00+00:00,MSFT,1,0.017525442093043964,0.5855553320372492
logistic_regression,0,2021-03-04T00:00:00+00:00,QQQ,1,0.02096752143012015,0.43061506551193096
logistic_regression,0,2021-03-04T00:00:00+00:00,SPY,1,0.02845661228104368,0.5309544881602141
logistic_regression,0,2021-03-05T00:00:00+00:00,AAPL,1,0.0019633213050798126,0.5496742216379131
logistic_regression,0,2021-03-05T00:00:00+00:00,MSFT,1,0.013487423772223561,0.594017751012506
logistic_regression,0,2021-03-05T00:00:00+00:00,QQQ,1,0.02284515657025632,0.4365577478989495
logistic_regression,0,2021-03-05T00:00:00+00:00,SPY,1,0.02309065541203492,0.5425330454347307
logistic_regression,0,2021-03-08T00:00:00+00:00,AAPL,1,0.05392608445095526,0.5329557007380986
logistic_regression,0,2021-03-08T00:00:00+00:00,MSFT,1,0.0125724724119185,0.5816216045914697
logistic_regression,0,2021-03-08T00:00:00+00:00,QQQ,1,0.04221026405425743,0.5000626790323422
logistic_regression,0,2021-03-08T00:00:00+00:00,SPY,1,0.027022648461703325,0.5706374038177339
logistic_regression,0,2021-03-09T00:00:00+00:00,AAPL,1,0.017356694115710614,0.558600344188311
logistic_regression,0,2021-03-09T00:00:00+00:00,MSFT,0,-0.0055770915021310374,0.6051599154545952
logistic_regression,0,2021-03-09T00:00:00+00:00,QQQ,1,0.0020740841451853953,0.5039226063497727
logistic_regression,0,2021-03-09T00:00:00+00:00,SPY,1,0.010397315693237097,0.5487445198193578
logistic_regression,0,2021-03-10T00:00:00+00:00,AAPL,1,0.0007709468881371695,0.5735446901564597
logistic_regression,0,2021-03-10T00:00:00+00:00,MSFT,0,-0.012191961538949636,0.6064226390408249
logistic_regression,0,2021-03-10T00:00:00+00:00,QQQ,1,0.0014783546336094577,0.47492771402441186
logistic_regression,0,2021-03-10T00:00:00+00:00,SPY,1,0.0037270400212756627,0.5380944438272441
logistic_regression,0,2021-03-11T00:00:00+00:00,AAPL,0,-0.006142485470728376,0.5784215795530342
logistic_regression,0,2021-03-11T00:00:00+00:00,MSFT,0,-0.014749815710583536,0.6048167574213781
logistic_regression,0,2021-03-11T00:00:00+00:00,QQQ,0,-0.008325701239883299,0.5757973531205711
logistic_regression,0,2021-03-11T00:00:00+00:00,SPY,0,-0.004322015484278019,0.6012231692952046
logistic_regression,0,2021-03-12T00:00:00+00:00,AAPL,0,-0.010875752656218873,0.5776035188553374
logistic_regression,0,2021-03-12T00:00:00+00:00,MSFT,0,-0.02191898108925472,0.5960334801938237
logistic_regression,0,2021-03-12T00:00:00+00:00,QQQ,0,-0.0025729440861080866,0.5145158081847552
logistic_regression,0,2021-03-12T00:00:00+00:00,SPY,0,-0.009647689265380621,0.5948333708917294
logistic_regression,0,2021-03-15T00:00:00+00:00,AAPL,0,-0.020814745640145738,0.5796604371257329
logistic_regression,0,2021-03-15T00:00:00+00:00,MSFT,1,0.0031127952840328543,0.5861516491262749
logistic_regression,0,2021-03-15T00:00:00+00:00,QQQ,0,-0.004969802462167716,0.5516079260995945
logistic_regression,0,2021-03-15T00:00:00+00:00,SPY,0,-0.011741141470296035,0.5884526033143163
logistic_regression,0,2021-03-16T00:00:00+00:00,AAPL,0,-0.011893476558664462,0.6010227385806661
logistic_regression,0,2021-03-16T00:00:00+00:00,MSFT,1,0.005186381220241509,0.6121586011229577
logistic_regression,0,2021-03-16T00:00:00+00:00,QQQ,1,0.002976894837589228,0.5574426669586581
logistic_regression,0,2021-03-16T00:00:00+00:00,SPY,0,-0.0076880759026762835,0.5885512569231166
logistic_regression,0,2021-03-17T00:00:00+00:00,AAPL,0,-0.029124640964344306,0.6159596783116459
logistic_regression,0,2021-03-17T00:00:00+00:00,MSFT,1,0.009760500331836619,0.5953615982390276
logistic_regression,0,2021-03-17T00:00:00+00:00,QQQ,0,-0.022496882198670076,0.5364150255139497
logistic_regression,0,2021-03-17T00:00:00+00:00,SPY,0,-0.020304208771072974,0.5683241365193444
logistic_regression,0,2021-03-18T00:00:00+00:00,AAPL,1,0.0017475859159694629,0.6165415885817114
logistic_regression,0,2021-03-18T00:00:00+00:00,MSFT,1,0.00029173367291068786,0.5797969834737863
logistic_regression,0,2021-03-18T00:00:00+00:00,QQQ,0,-0.003172642718100027,0.5447013615124595
logistic_regression,0,2021-03-18T00:00:00+00:00,SPY,1,0.0006898281048284272,0.5719850580247956
logistic_regression,0,2021-03-19T00:00:00+00:00,AAPL,1,0.008949802661705863,0.5895749193196869
logistic_regression,0,2021-03-19T00:00:00+00:00,MSFT,1,0.025393159047580216,0.6015695325807445
logistic_regression,0,2021-03-19T00:00:00+00:00,QQQ,0,-0.0012382978306579862,0.5861647436199855
logistic_regression,0,2021-03-19T00:00:00+00:00,SPY,1,0.009183749478091974,0.6007754180831931
logistic_regression,0,2021-03-22T00:00:00+00:00,AAPL,0,-0.0280545779307092,0.6474997449255732
logistic_regression,0,2021-03-22T00:00:00+00:00,MSFT,0,-0.0186391344956941,0.6531069136905231
logistic_regression,0,2021-03-22T00:00:00+00:00,QQQ,0,-0.020227120028143752,0.6282642090176113
logistic_regression,0,2021-03-22T00:00:00+00:00,SPY,1,0.004393767352237621,0.6177599639883677
logistic_regression,0,2021-03-23T00:00:00+00:00,AAPL,0,-0.011505159187701897,0.6661115750791033
logistic_regression,0,2021-03-23T00:00:00+00:00,MSFT,0,-0.02272601739841007,0.6456214380380163
logistic_regression,0,2021-03-23T00:00:00+00:00,QQQ,0,-0.009734358581505731,0.6541049676976312
logistic_regression,0,2021-03-23T00:00:00+00:00,SPY,1,0.009079723734982226,0.6300397671771925
logistic_regression,0,2021-03-24T00:00:00+00:00,AAPL,1,0.032398510109026724,0.6574611986570589
logistic_regression,0,2021-03-24T00:00:00+00:00,MSFT,1,0.011447108929013128,0.6447784635424962
logistic_regression,0,2021-03-24T00:00:00+00:00,QQQ,1,0.04017963890836951,0.6320305079018053
logistic_regression,0,2021-03-24T00:00:00+00:00,SPY,1,0.03011557929174624,0.6086240756166468
logistic_regression,0,2021-03-25T00:00:00+00:00,AAPL,1,0.027191568414352885,0.6651319359869935
logistic_regression,0,2021-03-25T00:00:00+00:00,MSFT,1,0.04631816404414191,0.6497622901376624
logistic_regression,0,2021-03-25T00:00:00+00:00,QQQ,1,0.04939252214941714,0.6508941298019935
logistic_regression,0,2021-03-25T00:00:00+00:00,SPY,1,0.02998970651070243,0.632922229235204
logistic_regression,0,2021-03-26T00:00:00+00:00,AAPL,1,0.03779105159577778,0.6694951659976655
logistic_regression,0,2021-03-26T00:00:00+00:00,MSFT,1,0.04448741479156637,0.6564089205149651
logistic_regression,0,2021-03-26T00:00:00+00:00,QQQ,1,0.04634420546232776,0.6568063396300593
logistic_regression,0,2021-03-26T00:00:00+00:00,SPY,1,0.026747748626433143,0.6367702319962714
logistic_regression,0,2021-03-29T00:00:00+00:00,AAPL,1,0.04552992659885091,0.6497540996420538
logistic_regression,0,2021-03-29T00:00:00+00:00,MSFT,1,0.05902850833156048,0.6364232566462082
logistic_regression,0,2021-03-29T00:00:00+00:00,QQQ,1,0.05027247111503108,0.6272559541802275
logistic_regression,0,2021-03-29T00:00:00+00:00,SPY,1,0.02715120341289512,0.6114269770803341
logistic_regression,0,2021-03-30T00:00:00+00:00,AAPL,1,0.05789043389091675,0.6454113314540412
logistic_regression,0,2021-03-30T00:00:00+00:00,MSFT,1,0.08310089470055404,0.6367024619366142
logistic_regression,0,2021-03-30T00:00:00+00:00,QQQ,1,0.05608421667727681,0.6364818039057217
logistic_regression,0,2021-03-30T00:00:00+00:00,SPY,1,0.02978433877058695,0.6135868754567256
logistic_regression,0,2021-03-31T00:00:00+00:00,AAPL,1,0.04755516480907129,0.6434958240978895
logistic_regression,0,2021-03-31T00:00:00+00:00,MSFT,1,0.05826611793820424,0.6352855497580371
logistic_regression,0,2021-03-31T00:00:00+00:00,QQQ,1,0.030777552219132698,0.6503886727961323
logistic_regression,0,2021-03-31T00:00:00+00:00,SPY,1,0.023027316970403833,0.6145992064290089
logistic_regression,0,2021-04-01T00:00:00+00:00,AAPL,1,0.06769373674585077,0.6723794148404001
logistic_regression,0,2021-04-01T00:00:00+00:00,MSFT,1,0.047129141462112,0.6543088622904274
logistic_regression,0,2021-04-01T00:00:00+00:00,QQQ,1,0.02518405169308413,0.6552119732459947
logistic_regression,0,2021-04-01T00:00:00+00:00,SPY,1,0.016281774747633593,0.6324363216090945
logistic_regression,0,2021-04-05T00:00:00+00:00,AAPL,1,0.044864575589055544,0.6677457901968626
logistic_regression,0,2021-04-05T00:00:00+00:00,MSFT,1,0.036896661463931,0.6225172193537939
logistic_regression,0,2021-04-05T00:00:00+00:00,QQQ,1,0.020663780357142558,0.6381381483623736
logistic_regression,0,2021-04-05T00:00:00+00:00,SPY,1,0.012193655076284005,0.6122593910091094
logistic_regression,0,2021-04-06T00:00:00+00:00,AAPL,1,0.07025681097694458,0.683818828822461
logistic_regression,0,2021-04-06T00:00:00+00:00,MSFT,1,0.03694594300019771,0.6365525909628955
logistic_regression,0,2021-04-06T00:00:00+00:00,QQQ,1,0.029785451611358038,0.6535607484754369
logistic_regression,0,2021-04-06T00:00:00+00:00,SPY,1,0.01494080853043589,0.6219224323816592
logistic_regression,0,2021-04-07T00:00:00+00:00,AAPL,1,0.03569310805984993,0.6528664037802976
logistic_regression,0,2021-04-07T00:00:00+00:00,MSFT,1,0.018374585276501376,0.6195182041937146
logistic_regression,0,2021-04-07T00:00:00+00:00,QQQ,1,0.012648503977164882,0.6298818859039131
logistic_regression,0,2021-04-07T00:00:00+00:00,SPY,1,0.012216245504955925,0.6179661579075991
logistic_regression,0,2021-04-08T00:00:00+00:00,AAPL,1,0.032601425840411036,0.6403005911582319
logistic_regression,0,2021-04-08T00:00:00+00:00,MSFT,1,0.02405043440424226,0.6093769152969777
logistic_regression,0,2021-04-08T00:00:00+00:00,QQQ,1,0.02333506425564913,0.6267355902217087
logistic_regression,0,2021-04-08T00:00:00+00:00,SPY,1,0.019653541014432285,0.6119653915842936
logistic_regression,0,2021-04-09T00:00:00+00:00,AAPL,1,0.005457572887848761,0.6141721744534611
logistic_regression,0,2021-04-09T00:00:00+00:00,MSFT,1,0.01947369745033445,0.5959725675447494
logistic_regression,0,2021-04-09T00:00:00+00:00,QQQ,1,0.010921180593963742,0.6002160407713205
logistic_regression,0,2021-04-09T00:00:00+00:00,SPY,1,0.011143643329710295,0.5955891445838639
logistic_regression,0,2021-04-12T00:00:00+00:00,AAPL,1,0.017443524955244705,0.6146083126080193
logistic_regression,0,2021-04-12T00:00:00+00:00,MSFT,1,0.00017430547195407264,0.5846709332721303
logistic_regression,0,2021-04-12T00:00:00+00:00,QQQ,0,-0.0021157870814635382,0.6173637195533156
logistic_regression,0,2021-04-12T00:00:00+00:00,SPY,1,0.0037740031289030807,0.5902137368890359
logistic_regression,0,2021-04-13T00:00:00+00:00,AAPL,0,-0.021079606785720295,0.603843942365781
logistic_regression,0,2021-04-13T00:00:00+00:00,MSFT,1,0.0036608819931820413,0.589832172869746
logistic_regression,0,2021-04-13T00:00:00+00:00,QQQ,0,-0.01886313118674443,0.59428821224666
logistic_regression,0,2021-04-13T00:00:00+00:00,SPY,0,-0.005188880071468893,0.5909206987904326
logistic_regression,0,2021-04-14T00:00:00+00:00,AAPL,0,-0.007815169138936096,0.6126269175338945
logistic_regression,0,2021-04-14T00:00:00+00:00,MSFT,1,0.006824338843966382,0.5959838935291375
logistic_regression,0,2021-04-14T00:00:00+00:00,QQQ,0,-0.0037030599674189313,0.5961683910797395
logistic_regression,0,2021-04-14T00:00:00+00:00,SPY,1,0.0031879536483541138,0.5924442767739996
logistic_regression,0,2021-04-15T00:00:00+00:00,AAPL,0,-0.017900876838994106,0.6192276228571966
logistic_regression,0,2021-04-15T00:00:00+00:00,MSFT,0,-0.008113759329502201,0.5980220048434827
logistic_regression,0,2021-04-15T00:00:00+00:00,QQQ,0,-0.020374058565497677,0.6129597692952681
logistic_regression,0,2021-04-15T00:00:00+00:00,SPY,0,-0.012474173774263186,0.6003373261606773
logistic_regression,0,2021-04-16T00:00:00+00:00,AAPL,1,0.007869184740183055,0.6250168735636997
logistic_regression,0,2021-04-16T00:00:00+00:00,MSFT,1,0.003640039100576864,0.6048358232499086
logistic_regression,0,2021-04-16T00:00:00+00:00,QQQ,0,-0.004108945386569252,0.6107917544664867
logistic_regression,0,2021-04-16T00:00:00+00:00,SPY,1,0.0008309676212177042,0.594771449836257
logistic_regression,0,2021-04-19T00:00:00+00:00,AAPL,0,-0.0020719786203987622,0.6341169693108546
logistic_regression,0,2021-04-19T00:00:00+00:00,MSFT,1,0.012556929401100314,0.6212416507791002
logistic_regression,0,2021-04-19T00:00:00+00:00,QQQ,1,0.009008827372030126,0.6179355653617141
logistic_regression,0,2021-04-19T00:00:00+00:00,SPY,1,0.007694746017083087,0.5996680436047787
logistic_regression,0,2021-04-20T00:00:00+00:00,AAPL,1,0.012705143948966713,0.612422330662413
logistic_regression,0,2021-04-20T00:00:00+00:00,MSFT,0,-0.013021006240073074,0.6099103801467773
logistic_regression,0,2021-04-20T00:00:00+00:00,QQQ,1,0.012059242918401658,0.6082245350527334
logistic_regression,0,2021-04-20T00:00:00+00:00,SPY,1,0.013280664815387366,0.5858878228880642
logistic_regression,0,2021-04-21T00:00:00+00:00,AAPL,1,0.02373245369514665,0.6201339581627221
logistic_regression,0,2021-04-21T00:00:00+00:00,MSFT,0,-0.020216093212586217,0.606909613724552
logistic_regression,0,2021-04-21T00:00:00+00:00,QQQ,1,0.008250362887388896,0.6133400424392825
logistic_regression,0,2021-04-21T00:00:00+00:00,SPY,1,0.00863265736308061,0.6062140666894815
logistic_regression,0,2021-04-22T00:00:00+00:00,AAPL,0,-0.004867344477383462,0.6155237552582344
logistic_regression,0,2021-04-22T00:00:00+00:00,MSFT,0,-0.03350012274045777,0.6048350110203004
logistic_regression,0,2021-04-22T00:00:00+00:00,QQQ,1,0.0034993736582678014,0.6201048348894393
logistic_regression,0,2021-04-22T00:00:00+00:00,SPY,1,0.0095079945687917,0.6050705846122271
logistic_regression,0,2021-04-23T00:00:00+00:00,AAPL,0,-0.022649464902403382,0.6260787384846154
logistic_regression,0,2021-04-23T00:00:00+00:00,MSFT,0,-0.033502288462659235,0.6250555741112257
logistic_regression,0,2021-04-23T00:00:00+00:00,QQQ,0,-0.003290883457933713,0.6402787567004945
logistic_regression,0,2021-04-23T00:00:00+00:00,SPY,1,0.0027596634612871984,0.6296402693507276
logistic_regression,0,2021-04-26T00:00:00+00:00,AAPL,0,-0.030235539622261,0.6292969768971973
logistic_regression,0,2021-04-26T00:00:00+00:00,MSFT,0,-0.04247825169740527,0.6128097968942577
logistic_regression,0,2021-04-26T00:00:00+00:00,QQQ,0,-0.026427544616469234,0.6343520699769643
logistic_regression,0,2021-04-26T00:00:00+00:00,SPY,0,-0.0064397052823225165,0.6291005109682013
logistic_regression,0,2021-04-27T00:00:00+00:00,AAPL,0,-0.03996844857108739,0.6243141174272789
logistic_regression,0,2021-04-27T00:00:00+00:00,MSFT,0,-0.02935644734642817,0.5949809097800728
logistic_regression,0,2021-04-27T00:00:00+00:00,QQQ,0,-0.024200947527866723,0.630197667970875
logistic_regression,0,2021-04-27T00:00:00+00:00,SPY,0,-0.003024877554137717,0.6288471473795744
logistic_regression,0,2021-04-28T00:00:00+00:00,AAPL,0,-0.06474335709112466,0.6190750775624391
logistic_regression,0,2021-04-28T00:00:00+00:00,MSFT,0,-0.03719730789405551,0.5900849774370625
logistic_regression,0,2021-04-28T00:00:00+00:00,QQQ,0,-0.04167089422928072,0.636209450588717
logistic_regression,0,2021-04-28T00:00:00+00:00,SPY,0,-0.012658997847103337,0.6253186226221935
logistic_regression,0,2021-04-29T00:00:00+00:00,AAPL,0,-0.007357671479795269,0.6147599576391096
logistic_regression,0,2021-04-29T00:00:00+00:00,MSFT,1,0.007632915889690395,0.6442894823971328
logistic_regression,0,2021-04-29T00:00:00+00:00,QQQ,0,-0.011839228032246907,0.643017046747059
logistic_regression,0,2021-04-29T00:00:00+00:00,SPY,1,0.00340253829175996,0.6254512447197388
logistic_regression,0,2021-04-30T00:00:00+00:00,AAPL,0,-0.02021496733692374,0.6216654492325335
logistic_regression,0,2021-04-30T00:00:00+00:00,MSFT,0,-0.01196221664103081,0.6454370460775913
logistic_regression,0,2021-04-30T00:00:00+00:00,QQQ,0,-0.020973717488315113,0.6491432310914027
logistic_regression,0,2021-04-30T00:00:00+00:00,SPY,1,0.0053069358074804285,0.6250652886489159
logistic_regression,0,2021-05-03T00:00:00+00:00,AAPL,0,-0.0589024215467745,0.6411245173831213
logistic_regression,0,2021-05-03T00:00:00+00:00,MSFT,0,-0.027527784825730484,0.6529705145942193
logistic_regression,0,2021-05-03T00:00:00+00:00,QQQ,0,-0.04346720290407324,0.6418648852813067
logistic_regression,0,2021-05-03T00:00:00+00:00,SPY,0,-0.009121810728107804,0.6247181741975589
logistic_regression,0,2021-05-04T00:00:00+00:00,AAPL,0,-0.045180713085080315,0.6174428570136816
logistic_regression,0,2021-05-04T00:00:00+00:00,MSFT,0,-0.02960685471422486,0.620167283963753
logistic_regression,0,2021-05-04T00:00:00+00:00,QQQ,0,-0.03810342729181193,0.5958974831841419
logistic_regression,0,2021-05-04T00:00:00+00:00,SPY,0,-0.016703328015368557,0.5909483526726939
logistic_regression,0,2021-05-05T00:00:00+00:00,AAPL,0,-0.02617688116288841,0.6436541423939085
logistic_regression,0,2021-05-05T00:00:00+00:00,MSFT,0,-0.0208283049881548,0.6331044498532153
logistic_regression,0,2021-05-05T00:00:00+00:00,QQQ,0,-0.028833358741421122,0.6180214955221169
logistic_regression,0,2021-05-05T00:00:00+00:00,SPY,0,-0.02302210568799845,0.6187432810174555
logistic_regression,0,2021-05-06T00:00:00+00:00,AAPL,0,-0.037082770737483006,0.6446419138901436
logistic_regression,0,2021-05-06T00:00:00+00:00,MSFT,0,-0.02800187827207201,0.6242024685745617
logistic_regression,0,2021-05-06T00:00:00+00:00,QQQ,0,-0.037128265413812755,0.6126060210274574
logistic_regression,0,2021-05-06T00:00:00+00:00,SPY,0,-0.01787505663863198,0.6154493888643219
logistic_regression,0,2021-05-07T00:00:00+00:00,AAPL,0,-0.021971858615147388,0.6390162662829633
logistic_regression,0,2021-05-07T00:00:00+00:00,MSFT,0,-0.019183590461867572,0.6186627116790607
logistic_regression,0,2021-05-07T00:00:00+00:00,QQQ,0,-0.0264397235376862,0.6123330934415515
logistic_regression,0,2021-05-07T00:00:00+00:00,SPY,0,-0.018792854418912208,0.6139948554250378
logistic_regression,0,2021-05-10T00:00:00+00:00,AAPL,1,0.022729775394238594,0.6307087642621862
logistic_regression,0,2021-05-10T00:00:00+00:00,MSFT,1,0.005021216218992874,0.6209620120185327
logistic_regression,0,2021-05-10T00:00:00+00:00,QQQ,1,0.01576449200982566,0.5753537765618152
logistic_regression,0,2021-05-10T00:00:00+00:00,SPY,1,0.004524838788301899,0.6013496775864665
logistic_regression,0,2021-05-11T00:00:00+00:00,AAPL,0,-0.003939157817637429,0.5984521671065698
logistic_regression,0,2021-05-11T00:00:00+00:00,MSFT,0,-0.011507010967440778,0.6025990547737499
logistic_regression,0,2021-05-11T00:00:00+00:00,QQQ,0,-0.013123795325663101,0.5711857656552088
logistic_regression,0,2021-05-11T00:00:00+00:00,SPY,0,-0.012457868088091018,0.5790824026868794
logistic_regression,0,2021-05-12T00:00:00+00:00,AAPL,1,0.0032091377530059084,0.5922741819337677
logistic_regression,0,2021-05-12T00:00:00+00:00,MSFT,1,0.009242207392551993,0.5857586183498416
logistic_regression,0,2021-05-12T00:00:00+00:00,QQQ,1,0.01110414242800073,0.5749945771083764
logistic_regression,0,2021-05-12T00:00:00+00:00,SPY,1,0.009598391901022296,0.5776053328069721
logistic_regression,0,2021-05-13T00:00:00+00:00,AAPL,1,0.01041285544480286,0.5939491859218058
logistic_regression,0,2021-05-13T00:00:00+00:00,MSFT,1,0.008412216525571337,0.6019555629495845
logistic_regression,0,2021-05-13T00:00:00+00:00,QQQ,1,0.022225144567253663,0.5796934828973224
logistic_regression,0,2021-05-13T00:00:00+00:00,SPY,1,0.006841663143267285,0.5970116730763427
logistic_regression,0,2021-05-14T00:00:00+00:00,AAPL,0,-0.008372277395800043,0.6077599603363396
logistic_regression,0,2021-05-14T00:00:00+00:00,MSFT,1,0.005337165336123384,0.6113098399120372
logistic_regression,0,2021-05-14T00:00:00+00:00,QQQ,1,0.012573959670352908,0.6177305231582949
logistic_regression,0,2021-05-14T00:00:00+00:00,SPY,1,0.0026870316662559457,0.6288844629808206
logistic_regression,0,2021-05-17T00:00:00+00:00,AAPL,1,0.00793797905589666,0.6095527146137768
logistic_regression,0,2021-05-17T00:00:00+00:00,MSFT,1,0.02264667460547609,0.6040428144010017
logistic_regression,0,2021-05-17T00:00:00+00:00,QQQ,1,0.02462449742411521,0.6111099145049593
logistic_regression,0,2021-05-17T00:00:00+00:00,SPY,1,0.008874800484710788,0.6340101315921038
logistic_regression,0,2021-05-18T00:00:00+00:00,AAPL,1,0.028794544163817992,0.6120761744591117
logistic_regression,0,2021-05-18T00:00:00+00:00,MSFT,1,0.048546329034880875,0.6034004751744468
logistic_regression,0,2021-05-18T00:00:00+00:00,QQQ,1,0.05158001678668578,0.6152468882088737
logistic_regression,0,2021-05-18T00:00:00+00:00,SPY,1,0.027310227211960525,0.6379575602405233
logistic_regression,0,2021-05-19T00:00:00+00:00,AAPL,1,0.007644941484368228,0.5826859090137473
logistic_regression,0,2021-05-19T00:00:00+00:00,MSFT,1,0.02749709598222827,0.5962759426008025
logistic_regression,0,2021-05-19T00:00:00+00:00,QQQ,1,0.027407251156825962,0.574305275445342
logistic_regression,0,2021-05-19T00:00:00+00:00,SPY,1,0.018286689749865026,0.5986609131379286
logistic_regression,0,2021-05-20T00:00:00+00:00,AAPL,0,-0.01956571095360271,0.6090735586572332
logistic_regression,0,2021-05-20T00:00:00+00:00,MSFT,1,0.011828974726300956,0.6088290270537353
logistic_regression,0,2021-05-20T00:00:00+00:00,QQQ,1,0.00914682905973141,0.6101049121502632
logistic_regression,0,2021-05-20T00:00:00+00:00,SPY,1,0.00781753564074772,0.6341595139687106
logistic_regression,0,2021-05-21T00:00:00+00:00,AAPL,0,-0.009363672829766134,0.5977135980444326
logistic_regression,0,2021-05-21T00:00:00+00:00,MSFT,1,0.01185724533355792,0.5950300994422739
logistic_regression,0,2021-05-21T00:00:00+00:00,QQQ,1,0.01597038195187017,0.5875945647676755
logistic_regression,0,2021-05-21T00:00:00+00:00,SPY,1,0.010508731352337541,0.6191941598030835
logistic_regression,0,2021-05-24T00:00:00+00:00,AAPL,0,-0.02963785521030915,0.6021613116130579
logistic_regression,0,2021-05-24T00:00:00+00:00,MSFT,0,-0.016426750217022223,0.593059351931997
logistic_regression,0,2021-05-24T00:00:00+00:00,QQQ,0,-0.004447605469707239,0.5994398044296451
logistic_regression,0,2021-05-24T00:00:00+00:00,SPY,0,-0.0019028905899197701,0.6193931808403362
logistic_regression,0,2021-05-25T00:00:00+00:00,AAPL,0,-0.019920487824287014,0.5995488377829467
logistic_regression,0,2021-05-25T00:00:00+00:00,MSFT,0,-0.02664727935839717,0.6275471479830188
logistic_regression,0,2021-05-25T00:00:00+00:00,QQQ,0,-0.011300471654766553,0.6001839849364062
logistic_regression,0,2021-05-25T00:00:00+00:00,SPY,0,-0.004428282333897693,0.6105488365852776
logistic_regression,0,2021-05-26T00:00:00+00:00,AAPL,0,-0.020704453243972853,0.6244093750253548
logistic_regression,0,2021-05-26T00:00:00+00:00,MSFT,0,-0.01554734405405267,0.6402003076898872
logistic_regression,0,2021-05-26T00:00:00+00:00,QQQ,0,-0.0074412878013625505,0.6059056824068704
logistic_regression,0,2021-05-26T00:00:00+00:00,SPY,0,-0.0006201119102973163,0.620035075247688
logistic_regression,0,2021-05-27T00:00:00+00:00,AAPL,1,0.0027705859844100456,0.625267205839616
logistic_regression,0,2021-05-27T00:00:00+00:00,MSFT,0,-0.006053596614374102,0.6329992795989755
logistic_regression,0,2021-05-27T00:00:00+00:00,QQQ,1,0.0007799712685090388,0.6099617612012731
logistic_regression,0,2021-05-27T00:00:00+00:00,SPY,1,0.0018426352230280774,0.6225614025971442
logistic_regression,0,2021-05-28T00:00:00+00:00,AAPL,1,0.010129897677928712,0.6238775032535633
logistic_regression,0,2021-05-28T00:00:00+00:00,MSFT,1,0.013613790108784052,0.63235606872684
logistic_regression,0,2021-05-28T00:00:00+00:00,QQQ,1,0.007228916291867282,0.6108148179952784
logistic_regression,0,2021-05-28T00:00:00+00:00,SPY,0,-0.0007226140106971757,0.6235973339880372
logistic_regression,0,2021-06-01T00:00:00+00:00,AAPL,1,0.021530708513174623,0.6220562390776582
logistic_regression,0,2021-06-01T00:00:00+00:00,MSFT,1,0.020847538901966445,0.6113741654962914
logistic_regression,0,2021-06-01T00:00:00+00:00,QQQ,1,0.0127360384123274,0.6070422573105944
logistic_regression,0,2021-06-01T00:00:00+00:00,SPY,1,0.004673171518920105,0.6188928794203575
logistic_regression,0,2021-06-02T00:00:00+00:00,AAPL,1,0.016732573862219935,0.6442898983529599
logistic_regression,0,2021-06-02T00:00:00+00:00,MSFT,1,0.03491519095947182,0.6408968379187701
logistic_regression,0,2021-06-02T00:00:00+00:00,QQQ,1,0.01804982256163634,0.6399902936596966
logistic_regression,0,2021-06-02T00:00:00+00:00,SPY,1,0.010206777249110344,0.6330823207506714
logistic_regression,0,2021-06-03T00:00:00+00:00,AAPL,1,0.017789721618469923,0.623449861250083
logistic_regression,0,2021-06-03T00:00:00+00:00,MSFT,1,0.03920952861994231,0.6211804652046631
logistic_regression,0,2021-06-03T00:00:00+00:00,QQQ,1,0.023594880056466927,0.6247534241946289
logistic_regression,0,2021-06-03T00:00:00+00:00,SPY,1,0.0061851759431514886,0.6139471938971147
logistic_regression,0,2021-06-04T00:00:00+00:00,AAPL,1,0.011053408328631109,0.6199075855416494
logistic_regression,0,2021-06-04T00:00:00+00:00,MSFT,1,0.02962108495306781,0.6285989321699903
logistic_regression,0,2021-06-04T00:00:00+00:00,QQQ,1,0.01775061017860957,0.6215472309679699
logistic_regression,0,2021-06-04T00:00:00+00:00,SPY,1,0.0023474415509692204,0.6200414139134548
logistic_regression,0,2021-06-07T00:00:00+00:00,AAPL,1,0.024331710032357234,0.6334501951533699
logistic_regression,0,2021-06-07T00:00:00+00:00,MSFT,1,0.016032897252910905,0.6228692270551428
logistic_regression,0,2021-06-07T00:00:00+00:00,QQQ,1,0.01495969897055005,0.6251128228521312
logistic_regression,0,2021-06-07T00:00:00+00:00,SPY,1,0.0034509000208979845,0.6170518787169853
logistic_regression,0,2021-06-08T00:00:00+00:00,AAPL,1,0.02279317917880852,0.6377697415094675
logistic_regression,0,2021-06-08T00:00:00+00:00,MSFT,1,0.019982293703611376,0.626595519167149
logistic_regression,0,2021-06-08T00:00:00+00:00,QQQ,1,0.01148894182217619,0.6320186050102171
logistic_regression,0,2021-06-08T00:00:00+00:00,SPY,1,0.0014216397157571503,0.6269240868820554
logistic_regression,0,2021-06-09T00:00:00+00:00,AAPL,1,0.01984459111152792,0.654830986283087
logistic_regression,0,2021-06-09T00:00:00+00:00,MSFT,1,0.004988055497790134,0.6362254855252398
logistic_regression,0,2021-06-09T00:00:00+00:00,QQQ,1,0.006230153601256561,0.6386833816700491
logistic_regression,0,2021-06-09T00:00:00+00:00,SPY,0,-0.005041609654591439,0.6353370151679616
logistic_regression,0,2021-06-10T00:00:00+00:00,AAPL,1,0.0309717166962864,0.6489121045971808
logistic_regression,0,2021-06-10T00:00:00+00:00,MSFT,1,0.004346041662624867,0.6299577544597633
logistic_regression,0,2021-06-10T00:00:00+00:00,QQQ,1,0.007590184916913989,0.6313985101222835
logistic_regression,0,2021-06-10T00:00:00+00:00,SPY,0,-0.01551532724457394,0.6396292282125857
logistic_regression,0,2021-06-11T00:00:00+00:00,AAPL,1,0.017365631790095204,0.6513328382146215
logistic_regression,0,2021-06-11T00:00:00+00:00,MSFT,1,0.005432163473917617,0.6244188573452265
logistic_regression,0,2021-06-11T00:00:00+00:00,QQQ,1,0.0013528690104387397,0.636585614303737
logistic_regression,0,2021-06-11T00:00:00+00:00,SPY,0,-0.016732651295506606,0.6330476212008604
logistic_regression,0,2021-06-14T00:00:00+00:00,AAPL,1,0.01482251973534221,0.6081397157365767
logistic_regression,0,2021-06-14T00:00:00+00:00,MSFT,1,0.009335394068560321,0.6058911273745157
logistic_regression,0,2021-06-14T00:00:00+00:00,QQQ,0,-0.0008402508512012075,0.6076140518488917
logistic_regression,0,2021-06-14T00:00:00+00:00,SPY,0,-0.009488975132221578,0.6202683834989011
logistic_regression,0,2021-06-15T00:00:00+00:00,AAPL,1,0.02402945767118192,0.623512629428354
logistic_regression,0,2021-06-15T00:00:00+00:00,MSFT,1,0.023356027871081153,0.6117214006361185
logistic_regression,0,2021-06-15T00:00:00+00:00,QQQ,1,0.013065480566600396,0.5985904261090483
logistic_regression,0,2021-06-15T00:00:00+00:00,SPY,0,-0.0021281352968506306,0.610737503460186
logistic_regression,0,2021-06-16T00:00:00+00:00,AAPL,1,0.03375468690871064,0.6007921593486155
logistic_regression,0,2021-06-16T00:00:00+00:00,MSFT,1,0.0373266429945569,0.5900485119431593
logistic_regression,0,2021-06-16T00:00:00+00:00,QQQ,1,0.02784412196569841,0.5772331545172981
logistic_regression,0,2021-06-16T00:00:00+00:00,SPY,1,0.008913020624651269,0.5902734698112098
logistic_regression,0,2021-06-17T00:00:00+00:00,AAPL,1,0.018998628309764065,0.6135130368339882
logistic_regression,0,2021-06-17T00:00:00+00:00,MSFT,1,0.023372055821091253,0.6086328664371701
logistic_regression,0,2021-06-17T00:00:00+00:00,QQQ,1,0.01904816206779647,0.6130732356914544
logistic_regression,0,2021-06-17T00:00:00+00:00,SPY,1,0.019082419673747797,0.6190055976884206
logistic_regression,0,2021-06-18T00:00:00+00:00,AAPL,1,0.021822199050828273,0.5904011836194397
logistic_regression,0,2021-06-18T00:00:00+00:00,MSFT,1,0.022470046296862334,0.5790894311263943
logistic_regression,0,2021-06-18T00:00:00+00:00,QQQ,1,0.022337705101301175,0.5948720941325724
logistic_regression,0,2021-06-18T00:00:00+00:00,SPY,1,0.02283220960343102,0.5944113833919957
logistic_regression,0,2021-06-21T00:00:00+00:00,AAPL,1,0.01816872235473066,0.6132685406237179
logistic_regression,0,2021-06-21T00:00:00+00:00,MSFT,1,0.021364425826003064,0.6011899827008925
logistic_regression,0,2021-06-21T00:00:00+00:00,QQQ,1,0.02520313056886403,0.6262861642583574
logistic_regression,0,2021-06-21T00:00:00+00:00,SPY,1,0.014672825871814954,0.6267985135308853
logistic_regression,0,2021-06-22T00:00:00+00:00,AAPL,1,0.015907306325289694,0.5935113357164775
logistic_regression,0,2021-06-22T00:00:00+00:00,MSFT,1,0.01563645454826501,0.5859326243865394
logistic_regression,0,2021-06-22T00:00:00+00:00,QQQ,1,0.01902373755307618,0.6046498819776251
logistic_regression,0,2021-06-22T00:00:00+00:00,SPY,1,0.007481990705228148,0.6143256881419709
logistic_regression,0,2021-06-23T00:00:00+00:00,AAPL,1,0.013961250184328255,0.6096701713227455
logistic_regression,0,2021-06-23T00:00:00+00:00,MSFT,1,0.010938038462700472,0.5871492401025612
logistic_regression,0,2021-06-23T00:00:00+00:00,QQQ,1,0.010386639329834413,0.6052436827719031
logistic_regression,0,2021-06-23T00:00:00+00:00,SPY,1,0.007350282507746275,0.6237405877840547
logistic_regression,0,2021-06-24T00:00:00+00:00,AAPL,1,0.031204360457986358,0.5945982503508667
logistic_regression,0,2021-06-24T00:00:00+00:00,MSFT,1,0.02270517339358169,0.5813459745924355
logistic_regression,0,2021-06-24T00:00:00+00:00,QQQ,1,0.015229834835255973,0.5839535112132269
logistic_regression,0,2021-06-24T00:00:00+00:00,SPY,1,0.011522586049691697,0.6126866709685371
logistic_regression,0,2021-06-25T00:00:00+00:00,AAPL,1,0.047823497929165404,0.6161376718182767
logistic_regression,0,2021-06-25T00:00:00+00:00,MSFT,1,0.042392729402247475,0.5911898262180121
logistic_regression,0,2021-06-25T00:00:00+00:00,QQQ,1,0.02212835414539338,0.5959624484291447
logistic_regression,0,2021-06-25T00:00:00+00:00,SPY,1,0.013444935238084543,0.6088229110299562
logistic_regression,0,2021-06-28T00:00:00+00:00,AAPL,1,0.06270906426409595,0.6123420003674177
logistic_regression,0,2021-06-28T00:00:00+00:00,MSFT,1,0.03708731936649201,0.5897320171427446
logistic_regression,0,2021-06-28T00:00:00+00:00,QQQ,1,0.02318280421079555,0.5785190489399114
logistic_regression,0,2021-06-28T00:00:00+00:00,SPY,1,0.011483390084535916,0.6115632329576639
logistic_regression,0,2021-06-29T00:00:00+00:00,AAPL,1,0.03765228881144678,0.6049303155564663
logistic_regression,0,2021-06-29T00:00:00+00:00,MSFT,1,0.020897503281377627,0.5935584520045859
logistic_regression,0,2021-06-29T00:00:00+00:00,QQQ,1,0.0005616512245956162,0.5912689499703934
logistic_regression,0,2021-06-29T00:00:00+00:00,SPY,1,0.0016696251556651553,0.620645568333776
logistic_regression,0,2021-06-30T00:00:00+00:00,AAPL,1,0.04293395956575918,0.5947350876243036
logistic_regression,0,2021-06-30T00:00:00+00:00,MSFT,1,0.02061933182523945,0.5829578605098487
logistic_regression,0,2021-06-30T00:00:00+00:00,QQQ,1,0.00955846608244082,0.5684457819483744
logistic_regression,0,2021-06-30T00:00:00+00:00,SPY,1,0.006518927533379015,0.5918394001551854
logistic_regression,0,2021-07-01T00:00:00+00:00,AAPL,1,0.0581424011962004,0.620802090639753
logistic_regression,0,2021-07-01T00:00:00+00:00,MSFT,1,0.021194637603634048,0.616248003842342
logistic_regression,0,2021-07-01T00:00:00+00:00,QQQ,1,0.014602131756128234,0.6102095689657149
logistic_regression,0,2021-07-01T00:00:00+00:00,SPY,1,0.006694918625083757,0.6063618589765114
logistic_regression,0,2021-07-02T00:00:00+00:00,AAPL,1,0.026217047646959202,0.5891566637633932
logistic_regression,0,2021-07-02T00:00:00+00:00,MSFT,0,-0.0038288509387806036,0.5843822262426143
logistic_regression,0,2021-07-02T00:00:00+00:00,QQQ,1,0.005697157169283207,0.5963884791185976
logistic_regression,0,2021-07-02T00:00:00+00:00,SPY,1,0.0036616344918962707,0.5920698998052301
logistic_regression,0,2021-07-06T00:00:00+00:00,AAPL,1,0.029706590502453167,0.5639093657882909
logistic_regression,0,2021-07-06T00:00:00+00:00,MSFT,1,0.008539374720080373,0.5680090343415933
logistic_regression,0,2021-07-06T00:00:00+00:00,QQQ,1,0.004555325413804656,0.580246509980454
logistic_regression,0,2021-07-06T00:00:00+00:00,SPY,1,0.006609071765918184,0.5797784413293429
logistic_regression,0,2021-07-07T00:00:00+00:00,AAPL,1,0.05199792703433914,0.5580308190025457
logistic_regression,0,2021-07-07T00:00:00+00:00,MSFT,1,0.01638352148046418,0.5807811712393098
logistic_regression,0,2021-07-07T00:00:00+00:00,QQQ,1,0.018313269044367253,0.5756400807735473
logistic_regression,0,2021-07-07T00:00:00+00:00,SPY,1,0.012037045504749821,0.5783255958160824
logistic_regression,0,2021-07-08T00:00:00+00:00,AAPL,1,0.03792184775661456,0.5393013790735076
logistic_regression,0,2021-07-08T00:00:00+00:00,MSFT,1,0.020986390567511837,0.5774987722990989
logistic_regression,0,2021-07-08T00:00:00+00:00,QQQ,1,0.007001948854387763,0.5388547440637524
logistic_regression,0,2021-07-08T00:00:00+00:00,SPY,1,0.0060316627518957056,0.5537623914149107
logistic_regression,0,2021-07-09T00:00:00+00:00,AAPL,0,-0.01878931782390303,0.5651385409517978
logistic_regression,0,2021-07-09T00:00:00+00:00,MSFT,0,-0.002820264562010455,0.5906007537810845
logistic_regression,0,2021-07-09T00:00:00+00:00,QQQ,0,-0.025127307910918772,0.5948843668174115
logistic_regression,0,2021-07-09T00:00:00+00:00,SPY,0,-0.023175974927162613,0.576507305619716
logistic_regression,0,2021-07-12T00:00:00+00:00,AAPL,0,-0.005947451135580706,0.5756704596776375
logistic_regression,0,2021-07-12T00:00:00+00:00,MSFT,0,-0.0001638599976196975,0.5936905989892156
logistic_regression,0,2021-07-12T00:00:00+00:00,QQQ,0,-0.019641036353391317,0.5872979144754137
logistic_regression,0,2021-07-12T00:00:00+00:00,SPY,0,-0.026156517729399975,0.5885673089813495
logistic_regression,0,2021-07-13T00:00:00+00:00,AAPL,0,-0.01931603191568876,0.5806936387990307
logistic_regression,0,2021-07-13T00:00:00+00:00,MSFT,0,-0.014192456441406764,0.5775401609872582
logistic_regression,0,2021-07-13T00:00:00+00:00,QQQ,0,-0.019724347448472956,0.5763266226689222
logistic_regression,0,2021-07-13T00:00:00+00:00,SPY,0,-0.013543319919160912,0.5848594182199156
logistic_regression,0,2021-07-14T00:00:00+00:00,AAPL,0,-0.024066110966628917,0.534237970724748
logistic_regression,0,2021-07-14T00:00:00+00:00,MSFT,1,0.004513715143096286,0.5793233751600491
logistic_regression,0,2021-07-14T00:00:00+00:00,QQQ,0,-0.005325016174120734,0.595685424085874
logistic_regression,0,2021-07-14T00:00:00+00:00,SPY,0,-0.002158698777790069,0.5874297959906792
logistic_regression,0,2021-07-15T00:00:00+00:00,AAPL,0,-0.008115272040571053,0.5691631457059997
logistic_regression,0,2021-07-15T00:00:00+00:00,MSFT,1,0.016753892292127093,0.6036447404893144
logistic_regression,0,2021-07-15T00:00:00+00:00,QQQ,1,0.008799627879527927,0.6021186197636788
logistic_regression,0,2021-07-15T00:00:00+00:00,SPY,1,0.001458432191310477,0.6126605208839796
logistic_regression,0,2021-07-16T00:00:00+00:00,AAPL,1,0.0293822964689594,0.579262974366047
logistic_regression,0,2021-07-16T00:00:00+00:00,MSFT,1,0.034032271290178384,0.5960242181250777
logistic_regression,0,2021-07-16T00:00:00+00:00,QQQ,1,0.0358865357762721,0.6099278731508487
logistic_regression,0,2021-07-16T00:00:00+00:00,SPY,1,0.028725057764007023,0.6123568093462691
logistic_regression,0,2021-07-19T00:00:00+00:00,AAPL,1,0.03737637980507791,0.5934212255572507
logistic_regression,0,2021-07-19T00:00:00+00:00,MSFT,1,0.03892255709928749,0.6134344516989012
logistic_regression,0,2021-07-19T00:00:00+00:00,QQQ,1,0.0333332111081559,0.6059176472847063
logistic_regression,0,2021-07-19T00:00:00+00:00,SPY,1,0.03136418735679536,0.6137597176428388
logistic_regression,0,2021-07-20T00:00:00+00:00,AAPL,0,-0.006935780772525879,0.6000538908375974
logistic_regression,0,2021-07-20T00:00:00+00:00,MSFT,1,0.03410736174943896,0.6161938043304508
logistic_regression,0,2021-07-20T00:00:00+00:00,QQQ,1,0.018193289310643346,0.6099954080821038
logistic_regression,0,2021-07-20T00:00:00+00:00,SPY,1,0.014945361857970907,0.6112876080539754
logistic_regression,0,2021-07-21T00:00:00+00:00,AAPL,0,-0.010546082423606107,0.6062342553557052
logistic_regression,0,2021-07-21T00:00:00+00:00,MSFT,1,0.00644051735609974,0.6132620096040015
logistic_regression,0,2021-07-21T00:00:00+00:00,QQQ,1,0.007602314871447469,0.6153930208933669
logistic_regression,0,2021-07-21T00:00:00+00:00,SPY,1,0.0096639169536199,0.6191720538332662
logistic_regression,0,2021-07-22T00:00:00+00:00,AAPL,0,-0.023439111811317526,0.5966932443221739
logistic_regression,0,2021-07-22T00:00:00+00:00,MSFT,0,-0.009638348890313009,0.5978631125508072
logistic_regression,0,2021-07-22T00:00:00+00:00,QQQ,0,-0.009838739560299237,0.6118021995582945
logistic_regression,0,2021-07-22T00:00:00+00:00,SPY,0,-0.001108517131394926,0.6259525531465311
logistic_regression,0,2021-07-23T00:00:00+00:00,AAPL,0,-0.014853945980991212,0.606206751616188
logistic_regression,0,2021-07-23T00:00:00+00:00,MSFT,0,-0.011114892820483835,0.5903790516527723
logistic_regression,0,2021-07-23T00:00:00+00:00,QQQ,0,-0.005284059618609227,0.6039242419846073
logistic_regression,0,2021-07-23T00:00:00+00:00,SPY,1,0.000341666058532919,0.5980187895969596
logistic_regression,0,2021-07-26T00:00:00+00:00,AAPL,0,-0.02415045306068242,0.6136999438046619
logistic_regression,0,2021-07-26T00:00:00+00:00,MSFT,0,-0.01582515052568212,0.6041344166255562
logistic_regression,0,2021-07-26T00:00:00+00:00,QQQ,0,-0.009966456458330053,0.6069898261356069
logistic_regression,0,2021-07-26T00:00:00+00:00,SPY,0,-0.005333003408117709,0.6189044780808272
logistic_regression,0,2021-07-27T00:00:00+00:00,AAPL,1,0.014955673016696203,0.5943014462363488
logistic_regression,0,2021-07-27T00:00:00+00:00,MSFT,0,-0.011563795892786777,0.5738376006742362
logistic_regression,0,2021-07-27T00:00:00+00:00,QQQ,1,0.0011957948562639764,0.5876054281237328
logistic_regression,0,2021-07-27T00:00:00+00:00,SPY,0,-0.0017709750305734406,0.5985658730715661
logistic_regression,0,2021-07-28T00:00:00+00:00,AAPL,1,0.01379757374063506,0.5881420834279302
logistic_regression,0,2021-07-28T00:00:00+00:00,MSFT,1,0.00023378129785478485,0.5738926494145894
logistic_regression,0,2021-07-28T00:00:00+00:00,QQQ,1,0.00600766100559702,0.5907221581298294
logistic_regression,0,2021-07-28T00:00:00+00:00,SPY,0,-0.0010902460822234117,0.5915388062866759
logistic_regression,0,2021-07-29T00:00:00+00:00,AAPL,1,0.01313502472039274,0.6296184636598546
logistic_regression,0,2021-07-29T00:00:00+00:00,MSFT,1,0.009691329012577743,0.6139037430391673
logistic_regression,0,2021-07-29T00:00:00+00:00,QQQ,1,0.014330542674406033,0.6188496582222651
logistic_regression,0,2021-07-29T00:00:00+00:00,SPY,1,0.007551004119618732,0.6214826086716575
logistic_regression,0,2021-07-30T00:00:00+00:00,AAPL,0,-0.0015953914123231216,0.6239639333705412
logistic_regression,0,2021-07-30T00:00:00+00:00,MSFT,1,0.009816630503580281,0.6112855127212908
logistic_regression,0,2021-07-30T00:00:00+00:00,QQQ,1,0.0041054406183196335,0.6028768981154338
logistic_regression,0,2021-07-30T00:00:00+00:00,SPY,1,0.0028070369606174594,0.5988063435571832
logistic_regression,0,2021-08-02T00:00:00+00:00,AAPL,1,0.0038160748811981726,0.648253689368178
logistic_regression,0,2021-08-02T00:00:00+00:00,MSFT,1,0.00982076296058465,0.6289985862554001
logistic_regression,0,2021-08-02T00:00:00+00:00,QQQ,1,0.008876098661559695,0.6180672990642871
logistic_regression,0,2021-08-02T00:00:00+00:00,SPY,1,0.007494047971143392,0.6101994423775825
logistic_regression,0,2021-08-03T00:00:00+00:00,AAPL,0,-0.00878256971217295,0.6531727049697544
logistic_regression,0,2021-08-03T00:00:00+00:00,MSFT,1,0.0014541637135527807,0.6322982306340212
logistic_regression,0,2021-08-03T00:00:00+00:00,QQQ,1,0.0017298573544042295,0.6136543628943266
logistic_regression,0,2021-08-03T00:00:00+00:00,SPY,1,0.007169974088251152,0.6189145943614226
logistic_regression,0,2021-08-04T00:00:00+00:00,AAPL,0,-0.005875115889976246,0.6478929994114302
logistic_regression,0,2021-08-04T00:00:00+00:00,MSFT,0,-0.0028681279542069893,0.6260904084110459
logistic_regression,0,2021-08-04T00:00:00+00:00,QQQ,0,-0.008747329390919711,0.6174540142300247
logistic_regression,0,2021-08-04T00:00:00+00:00,SPY,1,0.005709870198176592,0.6237632605403356
logistic_regression,0,2021-08-05T00:00:00+00:00,AAPL,1,0.01586823398039483,0.6534285204111262
logistic_regression,0,2021-08-05T00:00:00+00:00,MSFT,1,0.0013570943090313037,0.6342522085433163
logistic_regression,0,2021-08-05T00:00:00+00:00,QQQ,0,-0.0032984127133364183,0.6331838276961383
logistic_regression,0,2021-08-05T00:00:00+00:00,SPY,1,0.005880357486929055,0.6384497447089498
logistic_regression,0,2021-08-06T00:00:00+00:00,AAPL,1,0.013975649322667039,0.644567235947799
logistic_regression,0,2021-08-06T00:00:00+00:00,MSFT,1,0.009850814285775389,0.6272650590353849
logistic_regression,0,2021-08-06T00:00:00+00:00,QQQ,0,-0.004299785716203708,0.609518133572955
logistic_regression,0,2021-08-06T00:00:00+00:00,SPY,1,0.0026709370766131446,0.6236617078809956
logistic_regression,0,2021-08-09T00:00:00+00:00,AAPL,1,0.023831007812371574,0.6408185601814275
logistic_regression,0,2021-08-09T00:00:00+00:00,MSFT,1,0.010407940723731857,0.6209638396260274
logistic_regression,0,2021-08-09T00:00:00+00:00,QQQ,0,-0.010403498707286518,0.6060809718976357
logistic_regression,0,2021-08-09T00:00:00+00:00,SPY,1,0.001677437402793025,0.6158068416962542
logistic_regression,0,2021-08-10T00:00:00+00:00,AAPL,1,0.023626946242997438,0.6371862709003857
logistic_regression,0,2021-08-10T00:00:00+00:00,MSFT,1,0.0167279688443005,0.6235678913192598
logistic_regression,0,2021-08-10T00:00:00+00:00,QQQ,0,-0.010022764558147546,0.613323574637613
logistic_regression,0,2021-08-10T00:00:00+00:00,SPY,0,-0.003931764018458517,0.6156715980909446
logistic_regression,0,2021-08-11T00:00:00+00:00,AAPL,0,-0.009916718486016718,0.6385968876579268
logistic_regression,0,2021-08-11T00:00:00+00:00,MSFT,1,0.0070993604797848775,0.6271173082087554
logistic_regression,0,2021-08-11T00:00:00+00:00,QQQ,0,-0.01692598796642497,0.6109773300683137
logistic_regression,0,2021-08-11T00:00:00+00:00,SPY,0,-0.018533189938415573,0.6187380428982344
logistic_regression,0,2021-08-12T00:00:00+00:00,AAPL,0,-0.012248083649180952,0.6338774716671032
logistic_regression,0,2021-08-12T00:00:00+00:00,MSFT,1,0.03528333232602732,0.628645606111907
logistic_regression,0,2021-08-12T00:00:00+00:00,QQQ,0,-0.009675029593222195,0.6333103689644054
logistic_regression,0,2021-08-12T00:00:00+00:00,SPY,0,-0.014002901282398561,0.6169596607966138
logistic_regression,0,2021-08-13T00:00:00+00:00,AAPL,0,-0.003543572633197045,0.6336971757077557
logistic_regression,0,2021-08-13T00:00:00+00:00,MSFT,1,0.034221578982498446,0.6193454299728701
logistic_regression,0,2021-08-13T00:00:00+00:00,QQQ,1,0.0010688390092763456,0.6360789258209177
logistic_regression,0,2021-08-13T00:00:00+00:00,SPY,0,-0.0005836528516640627,0.6234857619907034
logistic_regression,0,2021-08-16T00:00:00+00:00,AAPL,0,-0.0071795626503166066,0.6279084849582494
logistic_regression,0,2021-08-16T00:00:00+00:00,MSFT,1,0.04310437487171237,0.6198730200733497
logistic_regression,0,2021-08-16T00:00:00+00:00,QQQ,1,0.018962358751322128,0.6382167438580736
logistic_regression,0,2021-08-16T00:00:00+00:00,SPY,1,0.006381620669937638,0.6294276429535829
logistic_regression,0,2021-08-17T00:00:00+00:00,AAPL,0,-0.0019312906711410616,0.6082824275658818
logistic_regression,0,2021-08-17T00:00:00+00:00,MSFT,1,0.03989856849597628,0.6176225906952473
logistic_regression,0,2021-08-17T00:00:00+00:00,QQQ,1,0.023828299712385315,0.6184432786614641
logistic_regression,0,2021-08-17T00:00:00+00:00,SPY,1,0.009740323224384673,0.611404062118627
logistic_regression,0,2021-08-18T00:00:00+00:00,AAPL,1,0.02084778366200557,0.607325788105263
logistic_regression,0,2021-08-18T00:00:00+00:00,MSFT,1,0.0405227096910612,0.6177287205839669
logistic_regression,0,2021-08-18T00:00:00+00:00,QQQ,1,0.03595808126472311,0.6117787853427369
logistic_regression,0,2021-08-18T00:00:00+00:00,SPY,1,0.026230709767284255,0.5974293493191339
logistic_regression,0,2021-08-19T00:00:00+00:00,AAPL,0,-0.0017272046370475636,0.6092554100184406
logistic_regression,0,2021-08-19T00:00:00+00:00,MSFT,0,-0.0044285877635161786,0.5955672737871952
logistic_regression,0,2021-08-19T00:00:00+00:00,QQQ,1,0.019899678922435937,0.5986298182207176
logistic_regression,0,2021-08-19T00:00:00+00:00,SPY,1,0.013621787027016108,0.5801391572618367
logistic_regression,0,2021-08-20T00:00:00+00:00,AAPL,1,0.002645035057088574,0.6188720529181434
logistic_regression,0,2021-08-20T00:00:00+00:00,MSFT,0,-0.009007875083710148,0.5583701762360719
logistic_regression,0,2021-08-20T00:00:00+00:00,QQQ,1,0.019786079158322645,0.610720534323573
logistic_regression,0,2021-08-20T00:00:00+00:00,SPY,1,0.011027609207679534,0.6116596340295627
logistic_regression,0,2021-08-23T00:00:00+00:00,AAPL,1,0.01943789967549625,0.6226412566319706
logistic_regression,0,2021-08-23T00:00:00+00:00,MSFT,0,-0.0039614460860425416,0.5887027355961848
logistic_regression,0,2021-08-23T00:00:00+00:00,QQQ,1,0.01580823871396042,0.6066308727256905
logistic_regression,0,2021-08-23T00:00:00+00:00,SPY,1,0.007269704173054059,0.6054334398487361
logistic_regression,0,2021-08-24T00:00:00+00:00,AAPL,1,0.01812054752294512,0.6391073203736499
logistic_regression,0,2021-08-24T00:00:00+00:00,MSFT,0,-0.006688064072696953,0.6079529920310911
logistic_regression,0,2021-08-24T00:00:00+00:00,QQQ,1,0.015078231210368553,0.6340381311651689
logistic_regression,0,2021-08-24T00:00:00+00:00,SPY,1,0.0077778154572007985,0.6300294613862871
logistic_regression,0,2021-08-25T00:00:00+00:00,AAPL,1,0.03513698488726269,0.6385495443629559
logistic_regression,0,2021-08-25T00:00:00+00:00,MSFT,1,0.002014369792764592,0.6067039827991034
logistic_regression,0,2021-08-25T00:00:00+00:00,QQQ,1,0.019487595017369852,0.6235756185708456
logistic_regression,0,2021-08-25T00:00:00+00:00,SPY,1,0.008480254774253071,0.6180094370718726
logistic_regression,0,2021-08-26T00:00:00+00:00,AAPL,1,0.04049919460554219,0.6236245082384616
logistic_regression,0,2021-08-26T00:00:00+00:00,MSFT,1,0.0046774925410630885,0.5968711512738877
logistic_regression,0,2021-08-26T00:00:00+00:00,QQQ,1,0.014453851885871671,0.59663403978296
logistic_regression,0,2021-08-26T00:00:00+00:00,SPY,1,0.008849726534176483,0.598807496375993
logistic_regression,0,2021-08-27T00:00:00+00:00,AAPL,1,0.03798930108915899,0.6294786777232237
logistic_regression,0,2021-08-27T00:00:00+00:00,MSFT,0,-0.0023626365174860275,0.6001926528608474
logistic_regression,0,2021-08-27T00:00:00+00:00,QQQ,1,0.010793206577945025,0.6143020281049331
logistic_regression,0,2021-08-27T00:00:00+00:00,SPY,1,0.0018525184977951081,0.6034742602479339
logistic_regression,0,2021-08-30T00:00:00+00:00,AAPL,1,0.02624349325404629,0.6073485319610006
logistic_regression,0,2021-08-30T00:00:00+00:00,MSFT,0,-0.017209367074979887,0.6100749232866324
logistic_regression,0,2021-08-30T00:00:00+00:00,QQQ,1,0.001726381488379003,0.596617950900444
logistic_regression,0,2021-08-30T00:00:00+00:00,SPY,0,-0.004734952494402367,0.6134355099178751
logistic_regression,0,2021-08-31T00:00:00+00:00,AAPL,1,0.015372311887188683,0.6062611094187893
logistic_regression,0,2021-08-31T00:00:00+00:00,MSFT,0,-0.008752916552805745,0.5901093266622172
logistic_regression,0,2021-08-31T00:00:00+00:00,QQQ,0,-0.002076682787447215,0.6004914517525053
logistic_regression,0,2021-08-31T00:00:00+00:00,SPY,0,-0.006099815182297741,0.602462670060436
logistic_regression,0,2021-09-01T00:00:00+00:00,AAPL,1,0.0053312409441188535,0.603313269521959
logistic_regression,0,2021-09-01T00:00:00+00:00,MSFT,0,-0.014481799225358527,0.6054681859801959
logistic_regression,0,2021-09-01T00:00:00+00:00,QQQ,0,-0.003931203921698545,0.5951773896237187
logistic_regression,0,2021-09-01T00:00:00+00:00,SPY,0,-0.007017481964426864,0.6031535293237377
logistic_regression,0,2021-09-02T00:00:00+00:00,AAPL,0,-0.02231384962568972,0.5963506203062182
logistic_regression,0,2021-09-02T00:00:00+00:00,MSFT,0,-0.013403873545657419,0.603138509099671
logistic_regression,0,2021-09-02T00:00:00+00:00,QQQ,0,-0.0026032578313638366,0.5834927682422837
logistic_regression,0,2021-09-02T00:00:00+00:00,SPY,0,-0.00937308971513573,0.597277606988033
logistic_regression,0,2021-09-03T00:00:00+00:00,AAPL,0,-0.031750893334632546,0.6139687445550617
logistic_regression,0,2021-09-03T00:00:00+00:00,MSFT,0,-0.00680538993270019,0.6173175544062888
logistic_regression,0,2021-09-03T00:00:00+00:00,QQQ,0,-0.011986326165389749,0.6035501450096998
logistic_regression,0,2021-09-03T00:00:00+00:00,SPY,0,-0.012116624699690881,0.6019844396414439
logistic_regression,0,2021-09-07T00:00:00+00:00,AAPL,0,-0.05552809115571,0.5830558374934537
logistic_regression,0,2021-09-07T00:00:00+00:00,MSFT,1,0.00958752629323012,0.613348099649067
logistic_regression,0,2021-09-07T00:00:00+00:00,QQQ,0,-0.018198694683707384,0.5964908828327474
logistic_regression,0,2021-09-07T00:00:00+00:00,SPY,0,-0.015876185102982943,0.5943474814244032
logistic_regression,0,2021-09-08T00:00:00+00:00,AAPL,0,-0.04724799635530397,0.6098413725951519
logistic_regression,0,2021-09-08T00:00:00+00:00,MSFT,1,0.0077559482540936475,0.6278759137803855
logistic_regression,0,2021-09-08T00:00:00+00:00,QQQ,0,-0.013339767029263871,0.5995411418478863
logistic_regression,0,2021-09-08T00:00:00+00:00,SPY,0,-0.009482261563849792,0.5945123856200887
logistic_regression,0,2021-09-09T00:00:00+00:00,AAPL,0,-0.041789369742581295,0.6092900021426526
logistic_regression,0,2021-09-09T00:00:00+00:00,MSFT,1,0.017231734270287458,0.61133681709405
logistic_regression,0,2021-09-09T00:00:00+00:00,QQQ,0,-0.01092478596013513,0.6067878126190931
logistic_regression,0,2021-09-09T00:00:00+00:00,SPY,0,-0.012385707102249177,0.5961101292346046
logistic_regression,0,2021-09-10T00:00:00+00:00,AAPL,0,-0.047250422758313815,0.5781891848119134
logistic_regression,0,2021-09-10T00:00:00+00:00,MSFT,0,-0.0060900608538028145,0.6163320884466263
logistic_regression,0,2021-09-10T00:00:00+00:00,QQQ,0,-0.031287355776493775,0.5819014643313483
logistic_regression,0,2021-09-10T00:00:00+00:00,SPY,0,-0.02950778737722204,0.558519532537774
logistic_regression,0,2021-09-13T00:00:00+00:00,AAPL,0,-0.04461283829781515,0.5922733480162016
logistic_regression,0,2021-09-13T00:00:00+00:00,MSFT,0,-0.014891133779807442,0.6166399458600205
logistic_regression,0,2021-09-13T00:00:00+00:00,QQQ,0,-0.02807294194356691,0.5438932869381129
logistic_regression,0,2021-09-13T00:00:00+00:00,SPY,0,-0.024695257645268587,0.5695773955321479
logistic_regression,0,2021-09-14T00:00:00+00:00,AAPL,0,-0.029608604254956372,0.6191752964796274
logistic_regression,0,2021-09-14T00:00:00+00:00,MSFT,0,-0.023487825559276865,0.6298057980974157
logistic_regression,0,2021-09-14T00:00:00+00:00,QQQ,0,-0.02386648549828896,0.603605496945008
logistic_regression,0,2021-09-14T00:00:00+00:00,SPY,0,-0.018098745672015637,0.6157897713850959
logistic_regression,0,2021-09-15T00:00:00+00:00,AAPL,0,-0.014032768259362949,0.6297902239572377
logistic_regression,0,2021-09-15T00:00:00+00:00,MSFT,0,-0.018130138016045905,0.6129679789827891
logistic_regression,0,2021-09-15T00:00:00+00:00,QQQ,0,-0.01659392934996773,0.6244177826668564
logistic_regression,0,2021-09-15T00:00:00+00:00,SPY,0,-0.015520399617342084,0.6269253983374627
logistic_regression,0,2021-09-16T00:00:00+00:00,AAPL,0,-0.023189280980953297,0.637704569028486
logistic_regression,0,2021-09-16T00:00:00+00:00,MSFT,0,-0.02148694114226668,0.639248360251344
logistic_regression,0,2021-09-16T00:00:00+00:00,QQQ,0,-0.019852110691444325,0.6208161969516917
logistic_regression,0,2021-09-16T00:00:00+00:00,SPY,0,-0.009804160405645468,0.625931579247192
logistic_regression,0,2021-09-17T00:00:00+00:00,AAPL,1,0.00959226397817381,0.6042369529676962
logistic_regression,0,2021-09-17T00:00:00+00:00,MSFT,0,-0.0026378542623330947,0.6105905831782804
logistic_regression,0,2021-09-17T00:00:00+00:00,QQQ,1,0.005443801764518419,0.6139644418836436
logistic_regression,0,2021-09-17T00:00:00+00:00,SPY,1,0.016200431675916782,0.6141707354125585
logistic_regression,0,2021-09-20T00:00:00+00:00,AAPL,0,-0.006713286745455682,0.5695360319501044
logistic_regression,0,2021-09-20T00:00:00+00:00,MSFT,0,-0.021877729405241464,0.6176354924892831
logistic_regression,0,2021-09-20T00:00:00+00:00,QQQ,0,-0.007183986714809132,0.5902203055973294
logistic_regression,0,2021-09-20T00:00:00+00:00,SPY,1,0.005226143555905782,0.5674998439236691
logistic_regression,0,2021-09-21T00:00:00+00:00,AAPL,0,-0.01567738383796602,0.5995023011014659
logistic_regression,0,2021-09-21T00:00:00+00:00,MSFT,0,-0.04111354068600637,0.6199502363320459
logistic_regression,0,2021-09-21T00:00:00+00:00,QQQ,0,-0.01809246236555684,0.6161480680363116
logistic_regression,0,2021-09-21T00:00:00+00:00,SPY,0,-0.003966255671482233,0.5928574410895784
logistic_regression,0,2021-09-22T00:00:00+00:00,AAPL,0,-0.022345980064140236,0.5916617000789635
logistic_regression,0,2021-09-22T00:00:00+00:00,MSFT,0,-0.04587851508366725,0.6072561834355792
logistic_regression,0,2021-09-22T00:00:00+00:00,QQQ,0,-0.02835048241707039,0.5795699131389401
logistic_regression,0,2021-09-22T00:00:00+00:00,SPY,0,-0.010688038750332973,0.554517521876804
logistic_regression,0,2021-09-23T00:00:00+00:00,AAPL,0,-0.02775984127693143,0.6130969260361646
logistic_regression,0,2021-09-23T00:00:00+00:00,MSFT,0,-0.05590928673582041,0.6287012719997652
logistic_regression,0,2021-09-23T00:00:00+00:00,QQQ,0,-0.0344434259494264,0.5771652393144376
logistic_regression,0,2021-09-23T00:00:00+00:00,SPY,0,-0.025645714981223255,0.5844160160603586
logistic_regression,0,2021-09-24T00:00:00+00:00,AAPL,0,-0.027450484137995668,0.6101418723198031
logistic_regression,0,2021-09-24T00:00:00+00:00,MSFT,0,-0.03145244305140893,0.6300085848289342
logistic_regression,0,2021-09-24T00:00:00+00:00,QQQ,0,-0.033485611492484746,0.6124126378556355
logistic_regression,0,2021-09-24T00:00:00+00:00,SPY,0,-0.024107826881828,0.6127667016968328
logistic_regression,0,2021-09-27T00:00:00+00:00,AAPL,0,-0.028193266268857875,0.5936725449843953
logistic_regression,0,2021-09-27T00:00:00+00:00,MSFT,0,-0.021799520218078627,0.6222791491652968
logistic_regression,0,2021-09-27T00:00:00+00:00,QQQ,0,-0.034639717933563796,0.5896199754969798
logistic_regression,0,2021-09-27T00:00:00+00:00,SPY,0,-0.023447370266547418,0.614947786551391
logistic_regression,0,2021-09-28T00:00:00+00:00,AAPL,0,-0.02301295771310019,0.5785547047551602
logistic_regression,0,2021-09-28T00:00:00+00:00,MSFT,1,0.00038234161362327157,0.5434423553561949
logistic_regression,0,2021-09-28T00:00:00+00:00,QQQ,0,-0.021589630063533538,0.5019423663936903
logistic_regression,0,2021-09-28T00:00:00+00:00,SPY,0,-0.015574273163830421,0.5383967854193685
logistic_regression,0,2021-09-29T00:00:00+00:00,AAPL,0,-0.006166421794778443,0.5994090924984568
logistic_regression,0,2021-09-29T00:00:00+00:00,MSFT,1,0.03108129553636796,0.6210445271348207
logistic_regression,0,2021-09-29T00:00:00+00:00,QQQ,1,0.0030617732829454347,0.5764141590480385
logistic_regression,0,2021-09-29T00:00:00+00:00,SPY,1,0.003426648718882319,0.5984186147561907
logistic_regression,0,2021-09-30T00:00:00+00:00,AAPL,1,0.012982339169417045,0.5853644038860458
logistic_regression,0,2021-09-30T00:00:00+00:00,MSFT,1,0.047881013698199526,0.5921749739807906
logistic_regression,0,2021-09-30T00:00:00+00:00,QQQ,1,0.013253073038432372,0.5674385136730227
logistic_regression,0,2021-09-30T00:00:00+00:00,SPY,1,0.017685080955499366,0.5340562868154068
logistic_regression,0,2021-10-01T00:00:00+00:00,AAPL,1,0.001592457790473567,0.5751606970556093
logistic_regression,0,2021-10-01T00:00:00+00:00,MSFT,1,0.017170890560459506,0.5944104899786801
logistic_regression,0,2021-10-01T00:00:00+00:00,QQQ,1,0.0009527907557085324,0.567075426871198
logistic_regression,0,2021-10-01T00:00:00+00:00,SPY,1,0.007590176145297667,0.5296130370770393
logistic_regression,0,2021-10-04T00:00:00+00:00,AAPL,1,0.024760279260241047,0.5489603226676314
logistic_regression,0,2021-10-04T00:00:00+00:00,MSFT,1,0.03766901989825033,0.5809247434100175
logistic_regression,0,2021-10-04T00:00:00+00:00,QQQ,1,0.015411067961068392,0.5219167253770874
logistic_regression,0,2021-10-04T00:00:00+00:00,SPY,1,0.010597835923192411,0.5461708900331829
logistic_regression,0,2021-10-05T00:00:00+00:00,AAPL,1,0.010667085533155207,0.5809785077285538
logistic_regression,0,2021-10-05T00:00:00+00:00,MSFT,1,0.02988571374108484,0.6083616136168256
logistic_regression,0,2021-10-05T00:00:00+00:00,QQQ,1,0.01330698178395262,0.5729500046280507
logistic_regression,0,2021-10-05T00:00:00+00:00,SPY,1,0.010649456865821971,0.5883427052897446
logistic_regression,0,2021-10-06T00:00:00+00:00,AAPL,0,-0.008625115564146912,0.581502002722251
logistic_regression,0,2021-10-06T00:00:00+00:00,MSFT,1,0.011627429952733026,0.5874112992994269
logistic_regression,0,2021-10-06T00:00:00+00:00,QQQ,1,0.0004502066012390671,0.5821402221718759
logistic_regression,0,2021-10-06T00:00:00+00:00,SPY,0,-0.0004272231454106601,0.5772432282152569
logistic_regression,0,2021-10-07T00:00:00+00:00,AAPL,0,-0.003799177582065272,0.6027430882418116
logistic_regression,0,2021-10-07T00:00:00+00:00,MSFT,1,0.018621128043279533,0.6171461076170114
logistic_regression,0,2021-10-07T00:00:00+00:00,QQQ,1,0.008418291696831393,0.5963691827596651
logistic_regression,0,2021-10-07T00:00:00+00:00,SPY,1,0.009969508236704838,0.6069298748538761
logistic_regression,0,2021-10-08T00:00:00+00:00,AAPL,1,0.0062791138744613395,0.6289298692689349
logistic_regression,0,2021-10-08T00:00:00+00:00,MSFT,1,0.03428702373585413,0.6203975297363858
logistic_regression,0,2021-10-08T00:00:00+00:00,QQQ,1,0.020288611411283686,0.605815396361262
logistic_regression,0,2021-10-08T00:00:00+00:00,SPY,1,0.013548822078283784,0.6223917306944474
logistic_regression,0,2021-10-11T00:00:00+00:00,AAPL,1,0.02434038908869085,0.6178633619024336
logistic_regression,0,2021-10-11T00:00:00+00:00,MSFT,1,0.041965022767892934,0.6173456786473693
logistic_regression,0,2021-10-11T00:00:00+00:00,QQQ,1,0.03646542035828082,0.6148931726948755
logistic_regression,0,2021-10-11T00:00:00+00:00,SPY,1,0.028354100784303116,0.6209892836270334
logistic_regression,0,2021-10-12T00:00:00+00:00,AAPL,1,0.05071449588180621,0.617882647656149
logistic_regression,0,2021-10-12T00:00:00+00:00,MSFT,1,0.04639425057060742,0.6141620733875106
logistic_regression,0,2021-10-12T00:00:00+00:00,QQQ,1,0.04361172269188396,0.6018721595690556
logistic_regression,0,2021-10-12T00:00:00+00:00,SPY,1,0.035698982589355,0.6175888331210705
logistic_regression,0,2021-10-13T00:00:00+00:00,AAPL,1,0.045054199304910725,0.6060569069943939
logistic_regression,0,2021-10-13T00:00:00+00:00,MSFT,1,0.024552355710377283,0.609540751037081
logistic_regression,0,2021-10-13T00:00:00+00:00,QQQ,1,0.026732632126038824,0.5939025779812609
logistic_regression,0,2021-10-13T00:00:00+00:00,SPY,1,0.026845590573739253,0.6155136219731586
logistic_regression,0,2021-10-14T00:00:00+00:00,AAPL,1,0.03909617252101327,0.6181182076126145
logistic_regression,0,2021-10-14T00:00:00+00:00,MSFT,1,0.024607274092942832,0.5925349567398297
logistic_regression,0,2021-10-14T00:00:00+00:00,QQQ,1,0.019976228705870236,0.5994344763264422
logistic_regression,0,2021-10-14T00:00:00+00:00,SPY,1,0.016806286179105845,0.6204794900443034
logistic_regression,0,2021-10-15T00:00:00+00:00,AAPL,1,0.03438797933330662,0.6401550216167987
logistic_regression,0,2021-10-15T00:00:00+00:00,MSFT,1,0.017037007166421203,0.6207198155294343
logistic_regression,0,2021-10-15T00:00:00+00:00,QQQ,1,0.01958506236119839,0.6195330527200426
logistic_regression,0,2021-10-15T00:00:00+00:00,SPY,1,0.021177885282783304,0.6287259468566719
logistic_regression,0,2021-10-18T00:00:00+00:00,AAPL,1,0.013751862969860973,0.6351752946510045
logistic_regression,0,2021-10-18T00:00:00+00:00,MSFT,1,0.006578726607518792,0.6145903950727555
logistic_regression,0,2021-10-18T00:00:00+00:00,QQQ,1,0.015305167512595919,0.624224335494994
logistic_regression,0,2021-10-18T00:00:00+00:00,SPY,1,0.016409303738430525,0.6306106308273128
logistic_regression,0,2021-10-19T00:00:00+00:00,AAPL,1,0.0024317580421688856,0.6137893564444031
logistic_regression,0,2021-10-19T00:00:00+00:00,MSFT,1,0.01991733400002338,0.6014110162970787
logistic_regression,0,2021-10-19T00:00:00+00:00,QQQ,1,0.007664958297284308,0.6056582137370692
logistic_regression,0,2021-10-19T00:00:00+00:00,SPY,1,0.009771077447000565,0.6171715823307535
logistic_regression,0,2021-10-20T00:00:00+00:00,AAPL,1,0.004775737265667157,0.6126387958803297
logistic_regression,0,2021-10-20T00:00:00+00:00,MSFT,1,0.05375503448543606,0.604749217485067
logistic_regression,0,2021-10-20T00:00:00+00:00,QQQ,1,0.01878044787219002,0.6010768463827416
logistic_regression,0,2021-10-20T00:00:00+00:00,SPY,1,0.006153607356772062,0.6099621896924313
logistic_regression,0,2021-10-21T00:00:00+00:00,AAPL,0,-0.018465846107234896,0.6030580793276734
logistic_regression,0,2021-10-21T00:00:00+00:00,MSFT,1,0.04214696024204723,0.5901388828521675
logistic_regression,0,2021-10-21T00:00:00+00:00,QQQ,1,0.011486349507982885,0.5994753166908612
logistic_regression,0,2021-10-21T00:00:00+00:00,SPY,1,0.004036807593291503,0.6015857384441873
logistic_regression,0,2021-10-22T00:00:00+00:00,AAPL,1,8.297960012626504e-05,0.5982115729616201
logistic_regression,0,2021-10-22T00:00:00+00:00,MSFT,1,0.06897452710513652,0.5823840117064372
logistic_regression,0,2021-10-22T00:00:00+00:00,QQQ,1,0.02723312811504064,0.583546396676791
logistic_regression,0,2021-10-22T00:00:00+00:00,SPY,1,0.011227104929855791,0.5857298307187236
logistic_regression,0,2021-10-25T00:00:00+00:00,AAPL,0,-0.006475852281953021,0.619057567957632
logistic_regression,0,2021-10-25T00:00:00+00:00,MSFT,1,0.059968130113358775,0.6066769500962175
logistic_regression,0,2021-10-25T00:00:00+00:00,QQQ,1,0.015246450582114157,0.5985210877422731
logistic_regression,0,2021-10-25T00:00:00+00:00,SPY,1,0.004594256435989985,0.5941451323006928
logistic_regression,0,2021-10-26T00:00:00+00:00,AAPL,1,0.004884208674814872,0.6276317930284233
logistic_regression,0,2021-10-26T00:00:00+00:00,MSFT,1,0.0545346662218027,0.6111016851479583
logistic_regression,0,2021-10-26T00:00:00+00:00,QQQ,1,0.024215272021075984,0.6070473097068954
logistic_regression,0,2021-10-26T00:00:00+00:00,SPY,1,0.008606282885366134,0.6075119319695141
logistic_regression,0,2021-10-27T00:00:00+00:00,AAPL,1,0.009726158992509282,0.6186649702233494
logistic_regression,0,2021-10-27T00:00:00+00:00,MSFT,1,0.024342384295413355,0.5387900985637994
logistic_regression,0,2021-10-27T00:00:00+00:00,QQQ,1,0.030741666750987884,0.5938188731713382
logistic_regression,0,2021-10-27T00:00:00+00:00,SPY,1,0.019694972386297138,0.592099287980962
logistic_regression,0,2021-10-28T00:00:00+00:00,AAPL,1,0.03116298174684773,0.5980140167541493
logistic_regression,0,2021-10-28T00:00:00+00:00,MSFT,1,0.04227831388614556,0.5863682814932081
logistic_regression,0,2021-10-28T00:00:00+00:00,QQQ,1,0.04771081949704459,0.595336340350615
logistic_regression,0,2021-10-28T00:00:00+00:00,SPY,1,0.02735940013281235,0.6127867232925349
logistic_regression,0,2021-10-29T00:00:00+00:00,AAPL,1,0.015692559956682395,0.5892534443794382
logistic_regression,0,2021-10-29T00:00:00+00:00,MSFT,1,0.015892197564858046,0.545733447286604
logistic_regression,0,2021-10-29T00:00:00+00:00,QQQ,1,0.029008902948459703,0.58798783331886
logistic_regression,0,2021-10-29T00:00:00+00:00,SPY,1,0.018382804870722635,0.6009261834805101
logistic_regression,0,2021-11-01T00:00:00+00:00,AAPL,1,0.009812070678619778,0.6216022493784521
logistic_regression,0,2021-11-01T00:00:00+00:00,MSFT,1,0.01854739794407112,0.5721460358924559
logistic_regression,0,2021-11-01T00:00:00+00:00,QQQ,1,0.029892786036966212,0.6035821940474141
logistic_regression,0,2021-11-01T00:00:00+00:00,SPY,1,0.01773569985302048,0.6143087026638508
logistic_regression,0,2021-11-02T00:00:00+00:00,AAPL,0,-0.0030005671640770393,0.6160871908978588
logistic_regression,0,2021-11-02T00:00:00+00:00,MSFT,1,4.62299033632263e-06,0.5644410037220817
logistic_regression,0,2021-11-02T00:00:00+00:00,QQQ,1,0.005483004005484071,0.592393964922856
logistic_regression,0,2021-11-02T00:00:00+00:00,SPY,1,0.007261424336982181,0.6039057476728698
logistic_regression,0,2021-11-03T00:00:00+00:00,AAPL,0,-0.017816717604637877,0.624437191248852
logistic_regression,0,2021-11-03T00:00:00+00:00,MSFT,0,-0.006914931223234055,0.5750320186065498
logistic_regression,0,2021-11-03T00:00:00+00:00,QQQ,0,-0.00683017451073864,0.5824329785024693
logistic_regression,0,2021-11-03T00:00:00+00:00,SPY,0,-0.002319946413556706,0.6025189249027078
logistic_regression,0,2021-11-04T00:00:00+00:00,AAPL,0,-0.024732247504185678,0.6101036076051429
logistic_regression,0,2021-11-04T00:00:00+00:00,MSFT,0,-0.015530322282305886,0.5541070290705283
logistic_regression,0,2021-11-04T00:00:00+00:00,QQQ,0,-0.022629665058205073,0.5538928728650628
logistic_regression,0,2021-11-04T00:00:00+00:00,SPY,0,-0.010844895341727723,0.5865928494452594
logistic_regression,0,2021-11-05T00:00:00+00:00,AAPL,0,-0.008852917039437802,0.6042763517575596
logistic_regression,0,2021-11-05T00:00:00+00:00,MSFT,0,-0.0012879282320660268,0.5549422030186243
logistic_regression,0,2021-11-05T00:00:00+00:00,QQQ,0,-0.008658653626919754,0.5526225813127461
logistic_regression,0,2021-11-05T00:00:00+00:00,SPY,0,-0.004250167335333899,0.5778089236737141
logistic_regression,0,2021-11-08T00:00:00+00:00,AAPL,0,-0.0037255344225787246,0.615743737956666
logistic_regression,0,2021-11-08T00:00:00+00:00,MSFT,0,-0.006231443723386243,0.5664659737724936
logistic_regression,0,2021-11-08T00:00:00+00:00,QQQ,0,-0.015249428904428819,0.5643652562609321
logistic_regression,0,2021-11-08T00:00:00+00:00,SPY,0,-0.006612612372105087,0.5836965498911955
logistic_regression,0,2021-11-09T00:00:00+00:00,AAPL,1,0.004521679032261305,0.6232941501210836
logistic_regression,0,2021-11-09T00:00:00+00:00,MSFT,1,0.012887158283141575,0.5777208260035017
logistic_regression,0,2021-11-09T00:00:00+00:00,QQQ,1,0.011428598293536929,0.5641836582992785
logistic_regression,0,2021-11-09T00:00:00+00:00,SPY,1,0.005333059044465793,0.5924769243571407
logistic_regression,0,2021-11-10T00:00:00+00:00,AAPL,1,0.02982581922333294,0.6371970815201632
logistic_regression,0,2021-11-10T00:00:00+00:00,MSFT,1,0.020745156115823615,0.6021625697121474
logistic_regression,0,2021-11-10T00:00:00+00:00,QQQ,1,0.01620437769050964,0.5776706871489231
logistic_regression,0,2021-11-10T00:00:00+00:00,SPY,1,0.006647634833206739,0.5997902475236242
logistic_regression,0,2021-11-11T00:00:00+00:00,AAPL,1,0.05999455718163471,0.6440449542367668
logistic_regression,0,2021-11-11T00:00:00+00:00,MSFT,1,0.02593728118190164,0.6235606316982971
logistic_regression,0,2021-11-11T00:00:00+00:00,QQQ,1,0.027704979238960314,0.6078046997615745
logistic_regression,0,2021-11-11T00:00:00+00:00,SPY,1,0.0076361931060004995,0.6192623620613666
logistic_regression,0,2021-11-12T00:00:00+00:00,AAPL,1,0.07306586593400177,0.6391891776235051
logistic_regression,0,2021-11-12T00:00:00+00:00,MSFT,1,0.020799849868780917,0.6199640703252812
logistic_regression,0,2021-11-12T00:00:00+00:00,QQQ,1,0.022353056197494725,0.6121568554499566
logistic_regression,0,2021-11-12T00:00:00+00:00,SPY,1,0.0027934760022492178,0.6095224406064589
logistic_regression,0,2021-11-15T00:00:00+00:00,AAPL,1,0.07241617421535751,0.6498271618341785
logistic_regression,0,2021-11-15T00:00:00+00:00,MSFT,1,0.003908456806925864,0.628130545908438
logistic_regression,0,2021-11-15T00:00:00+00:00,QQQ,1,0.008770986716400753,0.6083665601898197
logistic_regression,0,2021-11-15T00:00:00+00:00,SPY,0,-0.0018484971010396256,0.6167356512931031
logistic_regression,0,2021-11-16T00:00:00+00:00,AAPL,1,0.06244289253746671,0.6423519978024471
logistic_regression,0,2021-11-16T00:00:00+00:00,MSFT,0,-0.00983025054359532,0.6059222428675562
logistic_regression,0,2021-11-16T00:00:00+00:00,QQQ,0,-0.00907358758600696,0.607934019016746
logistic_regression,0,2021-11-16T00:00:00+00:00,SPY,0,-0.008254133926436924,0.604376619879447
logistic_regression,0,2021-11-17T00:00:00+00:00,AAPL,1,0.03604955985352065,0.6079670061171506
logistic_regression,0,2021-11-17T00:00:00+00:00,MSFT,0,-0.013301039801877801,0.60799672778315
logistic_regression,0,2021-11-17T00:00:00+00:00,QQQ,0,-0.011036000790489942,0.6090698421673173
logistic_regression,0,2021-11-17T00:00:00+00:00,SPY,0,-0.016673267374123557,0.6079096032779173
logistic_regression,0,2021-11-18T00:00:00+00:00,AAPL,1,0.008890414438001537,0.5658609791677652
logistic_regression,0,2021-11-18T00:00:00+00:00,MSFT,0,-0.024425386289530837,0.5935517432086789
logistic_regression,0,2021-11-18T00:00:00+00:00,QQQ,0,-0.02065014881809657,0.5657139328433174
logistic_regression,0,2021-11-18T00:00:00+00:00,SPY,0,-0.013771430960713316,0.596720892725648
logistic_regression,0,2021-11-19T00:00:00+00:00,AAPL,0,-0.0124296103210213,0.5650900582474384
logistic_regression,0,2021-11-19T00:00:00+00:00,MSFT,0,-0.028930567105686866,0.5942387390653586
logistic_regression,0,2021-11-19T00:00:00+00:00,QQQ,0,-0.01870659183848411,0.5903633829213846
logistic_regression,0,2021-11-19T00:00:00+00:00,SPY,0,-0.020839337029095684,0.6097051893877801
logistic_regression,0,2021-11-22T00:00:00+00:00,AAPL,1,0.03739701047719457,0.5470085565420028
logistic_regression,0,2021-11-22T00:00:00+00:00,MSFT,0,-0.007682973240325297,0.5804693668505546
logistic_regression,0,2021-11-22T00:00:00+00:00,QQQ,0,-0.0015717979225874368,0.5654703075662239
logistic_regression,0,2021-11-22T00:00:00+00:00,SPY,0,-0.013917001895414227,0.5839046262477684
logistic_regression,0,2021-11-23T00:00:00+00:00,AAPL,0,-0.014477375523372915,0.5746136952719255
logistic_regression,0,2021-11-23T00:00:00+00:00,MSFT,0,-0.019745402102171683,0.6366087629095553
logistic_regression,0,2021-11-23T00:00:00+00:00,QQQ,0,-0.0250703095941055,0.5879103044448957
logistic_regression,0,2021-11-23T00:00:00+00:00,SPY,0,-0.03482512547725369,0.5980710928830468
logistic_regression,0,2021-11-24T00:00:00+00:00,AAPL,1,0.02583386674722976,0.5893163506265143
logistic_regression,0,2021-11-24T00:00:00+00:00,MSFT,0,-0.009042066142474714,0.6426706101485186
logistic_regression,0,2021-11-24T00:00:00+00:00,QQQ,0,-0.014091702494614,0.6162693608549042
logistic_regression,0,2021-11-24T00:00:00+00:00,SPY,0,-0.008840806596175699,0.6233563648123064
logistic_regression,0,2021-11-26T00:00:00+00:00,AAPL,1,0.028812020371697944,0.6086556445420208
logistic_regression,0,2021-11-26T00:00:00+00:00,MSFT,0,-0.03474458834141614,0.641576208317563
logistic_regression,0,2021-11-26T00:00:00+00:00,QQQ,0,-0.03290452266898203,0.6118808806704064
logistic_regression,0,2021-11-26T00:00:00+00:00,SPY,0,-0.01907317545886056,0.5797409469571767
logistic_regression,0,2021-11-29T00:00:00+00:00,AAPL,1,0.05470423764312282,0.621813532706458
logistic_regression,0,2021-11-29T00:00:00+00:00,MSFT,0,-0.01295064074822505,0.6432058871699934
logistic_regression,0,2021-11-29T00:00:00+00:00,QQQ,0,-0.01638830297509819,0.6161160526861358
logistic_regression,0,2021-11-29T00:00:00+00:00,SPY,1,0.003207853115410275,0.6243508826504112
logistic_regression,0,2021-11-30T00:00:00+00:00,AAPL,1,0.025711108011869044,0.5494767179149269
logistic_regression,0,2021-11-30T00:00:00+00:00,MSFT,0,-0.0014620087057153341,0.6175647387432601
logistic_regression,0,2021-11-30T00:00:00+00:00,QQQ,0,-0.002273402439149419,0.569144229908384
logistic_regression,0,2021-11-30T00:00:00+00:00,SPY,1,0.013264880621924657,0.5502636857106098
logistic_regression,0,2021-12-01T00:00:00+00:00,AAPL,1,0.09966320588972244,0.5528157237169489
logistic_regression,0,2021-12-01T00:00:00+00:00,MSFT,1,0.010420351167805153,0.6287817838548286
logistic_regression,0,2021-12-01T00:00:00+00:00,QQQ,1,0.03046705001376715,0.5530077371858483
logistic_regression,0,2021-12-01T00:00:00+00:00,SPY,1,0.03657337271564409,0.5655917268069589
logistic_regression,0,2021-12-02T00:00:00+00:00,AAPL,1,0.06608900243019078,0.5389968964916234
logistic_regression,0,2021-12-02T00:00:00+00:00,MSFT,1,0.006990473513925011,0.6229369959352129
logistic_regression,0,2021-12-02T00:00:00+00:00,QQQ,1,0.011544878619961452,0.5793506341401802
logistic_regression,0,2021-12-02T00:00:00+00:00,SPY,1,0.01986727377746611,0.580653811306028
logistic_regression,0,2021-12-03T00:00:00+00:00,AAPL,1,0.10023810136744671,0.5639996377488314
logistic_regression,0,2021-12-03T00:00:00+00:00,MSFT,1,0.04954268921757499,0.5999189719828747
logistic_regression,0,2021-12-03T00:00:00+00:00,QQQ,1,0.035384894278698065,0.5675454160055824
logistic_regression,0,2021-12-03T00:00:00+00:00,SPY,1,0.028764917950548252,0.5704488849983284
logistic_regression,0,2021-12-06T00:00:00+00:00,AAPL,1,0.03442082096973542,0.5847057174484894
logistic_regression,0,2021-12-06T00:00:00+00:00,MSFT,1,0.00275665990307683,0.6218139226471056
logistic_regression,0,2021-12-06T00:00:00+00:00,QQQ,0,-0.01654776136157654,0.6161527746149118
logistic_regression,0,2021-12-06T00:00:00+00:00,SPY,0,-0.004834587246260402,0.6160735333591664
logistic_regression,0,2021-12-07T00:00:00+00:00,AAPL,1,0.01527985280051225,0.5491816493885626
logistic_regression,0,2021-12-07T00:00:00+00:00,MSFT,0,-0.02193980220150371,0.6159781311051978
logistic_regression,0,2021-12-07T00:00:00+00:00,QQQ,0,-0.027639258988828797,0.6045707719067254
logistic_regression,0,2021-12-07T00:00:00+00:00,SPY,0,-0.01324086738941932,0.5949177763102588
logistic_regression,0,2021-12-08T00:00:00+00:00,AAPL,1,0.022936343553801475,0.5366054846899031
logistic_regression,0,2021-12-08T00:00:00+00:00,MSFT,1,0.001881593764596845,0.6210078127773405
logistic_regression,0,2021-12-08T00:00:00+00:00,QQQ,0,-0.0027747922808464276,0.6410991428826183
logistic_regression,0,2021-12-08T00:00:00+00:00,SPY,1,0.007424608042662539,0.6049003070492784
logistic_regression,0,2021-12-09T00:00:00+00:00,AAPL,0,-0.032073026595472065,0.5529079428773219
logistic_regression,0,2021-12-09T00:00:00+00:00,MSFT,0,-0.044006176129193664,0.6309008859302955
logistic_regression,0,2021-12-09T00:00:00+00:00,QQQ,0,-0.03543936514678947,0.6359710364778478
logistic_regression,0,2021-12-09T00:00:00+00:00,SPY,0,-0.014883696790385592,0.6251335912744579
logistic_regression,0,2021-12-10T00:00:00+00:00,AAPL,0,-0.07274852667774068,0.4975109681102622
logistic_regression,0,2021-12-10T00:00:00+00:00,MSFT,0,-0.06243227107992355,0.5718614601128279
logistic_regression,0,2021-12-10T00:00:00+00:00,QQQ,0,-0.04699611417377225,0.6030592820571605
logistic_regression,0,2021-12-10T00:00:00+00:00,SPY,0,-0.031954239253791594,0.5641494065969997
logistic_regression,0,2021-12-13T00:00:00+00:00,AAPL,0,-0.023011475287155858,0.5173328932740135
logistic_regression,0,2021-12-13T00:00:00+00:00,MSFT,0,-0.03173831135263627,0.6086579896704853
logistic_regression,0,2021-12-13T00:00:00+00:00,QQQ,0,-0.009108689631295186,0.6088204687572725
logistic_regression,0,2021-12-13T00:00:00+00:00,SPY,0,-0.008180566980239723,0.5867354969993611
logistic_regression,0,2021-12-14T00:00:00+00:00,AAPL,0,-0.013795657900070868,0.5290489296402457
logistic_regression,0,2021-12-14T00:00:00+00:00,MSFT,0,-0.0029393850617878137,0.5577187436537933
logistic_regression,0,2021-12-14T00:00:00+00:00,QQQ,1,0.0017750010186008414,0.5805173132713597
logistic_regression,0,2021-12-14T00:00:00+00:00,SPY,1,0.0001467203765113112,0.5717085098674226
logistic_regression,0,2021-12-15T00:00:00+00:00,AAPL,0,-0.02109176502327814,0.554693537452281
logistic_regression,0,2021-12-15T00:00:00+00:00,MSFT,0,-0.010797472666383534,0.6022305184699948
logistic_regression,0,2021-12-15T00:00:00+00:00,QQQ,0,-0.010087296760428854,0.5660655349574759
logistic_regression,0,2021-12-15T00:00:00+00:00,SPY,0,-0.0065877154136519955,0.5601661990243517
logistic_regression,0,2021-12-16T00:00:00+00:00,AAPL,1,0.040052828772278115,0.5962798422330133
logistic_regression,0,2021-12-16T00:00:00+00:00,MSFT,1,0.043348678894632675,0.6033625933431872
logistic_regression,0,2021-12-16T00:00:00+00:00,QQQ,1,0.03817073787476888,0.5600550236182485
logistic_regression,0,2021-12-16T00:00:00+00:00,SPY,1,0.020727652329919577,0.5589901521312778
logistic_regression,0,2021-12-17T00:00:00+00:00,AAPL,1,0.06845753110736008,0.6051147208686645
logistic_regression,0,2021-12-17T00:00:00+00:00,MSFT,1,0.07003389627345036,0.5966359821525121
logistic_regression,0,2021-12-17T00:00:00+00:00,QQQ,1,0.06328743020583838,0.6083869224954769
logistic_regression,0,2021-12-17T00:00:00+00:00,SPY,1,0.049035040052365586,0.5531480891376312
logistic_regression,0,2021-12-20T00:00:00+00:00,AAPL,1,0.04320196901642115,0.6232833282878716
logistic_regression,0,2021-12-20T00:00:00+00:00,MSFT,1,0.053598893973071604,0.6282318226573229
logistic_regression,0,2021-12-20T00:00:00+00:00,QQQ,1,0.043997778618473316,0.6258370890905178
logistic_regression,0,2021-12-20T00:00:00+00:00,SPY,1,0.03797774945290988,0.5931358333571223
logistic_regression,0,2021-12-21T00:00:00+00:00,AAPL,1,0.0350867674603188,0.6336242304712715
logistic_regression,0,2021-12-21T00:00:00+00:00,MSFT,1,0.03937532213186401,0.6521418423629701
logistic_regression,0,2021-12-21T00:00:00+00:00,QQQ,1,0.029873715144932422,0.6567919548231294
logistic_regression,0,2021-12-21T00:00:00+00:00,SPY,1,0.030651264488180674,0.634920696421712
logistic_regression,0,2021-12-22T00:00:00+00:00,AAPL,1,0.010714602538386853,0.6295060506128498
logistic_regression,0,2021-12-22T00:00:00+00:00,MSFT,1,0.015277951546687873,0.6517147920740652
logistic_regression,0,2021-12-22T00:00:00+00:00,QQQ,1,0.011542805292243496,0.6656948057895455
logistic_regression,0,2021-12-22T00:00:00+00:00,SPY,1,0.012671454585807096,0.6396054485425717
logistic_regression,0,2021-12-23T00:00:00+00:00,AAPL,1,0.002172337132253288,0.6238459470198244
logistic_regression,0,2021-12-23T00:00:00+00:00,MSFT,0,-0.002325246377998913,0.6406675687279386
logistic_regression,0,2021-12-23T00:00:00+00:00,QQQ,1,6.82200940871347e-06,0.653863076986994
logistic_regression,0,2021-12-23T00:00:00+00:00,SPY,1,0.0069658852567069385,0.6280209004076198
logistic_regression,0,2021-12-27T00:00:00+00:00,AAPL,1,0.011684780867620592,0.6392080869090411
logistic_regression,0,2021-12-27T00:00:00+00:00,MSFT,0,-0.026195570478590557,0.6444247870183517
logistic_regression,0,2021-12-27T00:00:00+00:00,QQQ,0,-0.0073285993458229726,0.644734827299636
logistic_regression,0,2021-12-27T00:00:00+00:00,SPY,1,0.0011357368053830363,0.6324328569505692
logistic_regression,0,2021-12-28T00:00:00+00:00,AAPL,0,-0.00044008148548158044,0.6391850651959081
logistic_regression,0,2021-12-28T00:00:00+00:00,MSFT,0,-0.04714627475414179,0.6407485882875158
logistic_regression,0,2021-12-28T00:00:00+00:00,QQQ,0,-0.019411834975973874,0.6317749755825727
logistic_regression,0,2021-12-28T00:00:00+00:00,SPY,0,-0.0016212788251864785,0.6215293722890399
logistic_regression,0,2021-12-29T00:00:00+00:00,AAPL,0,-0.03964482860169005,0.6500476841692565
logistic_regression,0,2021-12-29T00:00:00+00:00,MSFT,0,-0.08594570444086536,0.6505541200599798
logistic_regression,0,2021-12-29T00:00:00+00:00,QQQ,0,-0.04902231743528451,0.6429189727164072
logistic_regression,0,2021-12-29T00:00:00+00:00,SPY,0,-0.02296328386938551,0.6292250278479636
logistic_regression,0,2021-12-30T00:00:00+00:00,AAPL,0,-0.031138476180451735,0.6522614447935148
logistic_regression,0,2021-12-30T00:00:00+00:00,MSFT,0,-0.07381696761988754,0.6471562681289531
logistic_regression,0,2021-12-30T00:00:00+00:00,QQQ,0,-0.04102817378023493,0.6500939251650827
logistic_regression,0,2021-12-30T00:00:00+00:00,SPY,0,-0.01813346192898424,0.6336955740411228
logistic_regression,0,2021-12-31T00:00:00+00:00,AAPL,0,-0.051103988237409026,0.6524150615526098
logistic_regression,0,2021-12-31T00:00:00+00:00,MSFT,0,-0.07895746567559159,0.6461350556415776
logistic_regression,0,2021-12-31T00:00:00+00:00,QQQ,0,-0.06259605190307238,0.6467797922039842
logistic_regression,0,2021-12-31T00:00:00+00:00,SPY,0,-0.03049431878202047,0.6272432203073197
logistic_regression,0,2022-01-03T00:00:00+00:00,AAPL,0,-0.05833813432167667,0.6511412715779117
logistic_regression,0,2022-01-03T00:00:00+00:00,MSFT,0,-0.06593227498712861,0.6502775380837065
logistic_regression,0,2022-01-03T00:00:00+00:00,QQQ,0,-0.058765985223512285,0.653587335913766
logistic_regression,0,2022-01-03T00:00:00+00:00,SPY,0,-0.031132890346348807,0.6344211233878095
logistic_regression,0,2022-01-04T00:00:00+00:00,AAPL,0,-0.021390141894533032,0.6562137825022087
logistic_regression,0,2022-01-04T00:00:00+00:00,MSFT,0,-0.02095600697048461,0.6371365912826448
logistic_regression,0,2022-01-04T00:00:00+00:00,QQQ,0,-0.017875440192736458,0.6352145971520307
logistic_regression,0,2022-01-04T00:00:00+00:00,SPY,0,-0.013648138446529012,0.6239936136039023
logistic_regression,0,2022-01-05T00:00:00+00:00,AAPL,1,0.015800863181615554,0.650446180117452
logistic_regression,0,2022-01-05T00:00:00+00:00,MSFT,1,0.021331005594573016,0.6275776169981913
logistic_regression,0,2022-01-05T00:00:00+00:00,QQQ,1,0.014573596526416432,0.6154759946109623
logistic_regression,0,2022-01-05T00:00:00+00:00,SPY,1,0.007173825424982683,0.6090232722124187
logistic_regression,0,2022-01-06T00:00:00+00:00,AAPL,0,-0.010945097850228236,0.6439433482618405
logistic_regression,0,2022-01-06T00:00:00+00:00,MSFT,0,-0.033448284283888574,0.6202696255014
logistic_regression,0,2022-01-06T00:00:00+00:00,QQQ,0,-0.025282659326470114,0.6042596228979054
logistic_regression,0,2022-01-06T00:00:00+00:00,SPY,0,-0.016415096851818745,0.6104916856115418
logistic_regression,0,2022-01-07T00:00:00+00:00,AAPL,1,0.012345162957784206,0.6491443930960267
logistic_regression,0,2022-01-07T00:00:00+00:00,MSFT,0,-0.01947573103777589,0.6340330650510554
logistic_regression,0,2022-01-07T00:00:00+00:00,QQQ,0,-0.004074904944798341,0.6264805049578921
logistic_regression,0,2022-01-07T00:00:00+00:00,SPY,0,-0.00838239087631909,0.6090372887664763
logistic_regression,0,2022-01-10T00:00:00+00:00,AAPL,0,-0.015434366301584568,0.6373056205464701
logistic_regression,0,2022-01-10T00:00:00+00:00,MSFT,0,-0.024577254558191486,0.6351961009888841
logistic_regression,0,2022-01-10T00:00:00+00:00,QQQ,0,-0.020965670220634114,0.6161075064704651
logistic_regression,0,2022-01-10T00:00:00+00:00,SPY,0,-0.017228740926267028,0.6039418257561834
logistic_regression,0,2022-01-11T00:00:00+00:00,AAPL,0,-0.05379075703345171,0.6585131010814522
logistic_regression,0,2022-01-11T00:00:00+00:00,MSFT,0,-0.0350910217064323,0.642037554689968
logistic_regression,0,2022-01-11T00:00:00+00:00,QQQ,0,-0.04996338568028447,0.6348730290020592
logistic_regression,0,2022-01-11T00:00:00+00:00,SPY,0,-0.039751736907374435,0.6356882867921065
logistic_regression,0,2022-01-12T00:00:00+00:00,AAPL,0,-0.0664949694439596,0.6549209659814204
logistic_regression,0,2022-01-12T00:00:00+00:00,MSFT,0,-0.057368435570502974,0.6478638543590236
logistic_regression,0,2022-01-12T00:00:00+00:00,QQQ,0,-0.07721317256214799,0.6558118625558813
logistic_regression,0,2022-01-12T00:00:00+00:00,SPY,0,-0.05828217414010872,0.6399520907406443
logistic_regression,0,2022-01-13T00:00:00+00:00,AAPL,0,-0.06793350482982807,0.636961420089647
logistic_regression,0,2022-01-13T00:00:00+00:00,MSFT,0,-0.041524731790032576,0.6121047089019732
logistic_regression,0,2022-01-13T00:00:00+00:00,QQQ,0,-0.0795882332253166,0.6329038930509653
logistic_regression,0,2022-01-13T00:00:00+00:00,SPY,0,-0.0650993310002006,0.632740450080207
logistic_regression,0,2022-01-14T00:00:00+00:00,AAPL,0,-0.07490910898316816,0.642477505032891
logistic_regression,0,2022-01-14T00:00:00+00:00,MSFT,0,-0.04318864172109338,0.6241638143955616
logistic_regression,0,2022-01-14T00:00:00+00:00,QQQ,0,-0.07502572537039853,0.6388976673422261
logistic_regression,0,2022-01-14T00:00:00+00:00,SPY,0,-0.05991489609410827,0.6341965568301048
logistic_regression,0,2022-01-18T00:00:00+00:00,AAPL,0,-0.04015707092078746,0.6472846033838993
logistic_regression,0,2022-01-18T00:00:00+00:00,MSFT,1,0.0035414385240621904,0.632914254176103
logistic_regression,0,2022-01-18T00:00:00+00:00,QQQ,0,-0.053594241698520784,0.6373538417744672
logistic_regression,0,2022-01-18T00:00:00+00:00,SPY,0,-0.03992450851819651,0.6429654021776791
logistic_regression,0,2022-01-19T00:00:00+00:00,AAPL,0,-0.02907268656596751,0.6252159014794446
logistic_regression,0,2022-01-19T00:00:00+00:00,MSFT,0,-0.022695934264821638,0.6048426291049994
logistic_regression,0,2022-01-19T00:00:00+00:00,QQQ,0,-0.05702745712641921,0.6259339327891098
logistic_regression,0,2022-01-19T00:00:00+00:00,SPY,0,-0.0360674276228089,0.6391617209716842
logistic_regression,0,2022-01-20T00:00:00+00:00,AAPL,1,0.005831998956186135,0.6081146079098049
logistic_regression,0,2022-01-20T00:00:00+00:00,MSFT,0,-0.010108679368979412,0.5990533537911382
logistic_regression,0,2022-01-20T00:00:00+00:00,QQQ,0,-0.04764063056633383,0.5891495831436171
logistic_regression,0,2022-01-20T00:00:00+00:00,SPY,0,-0.030847571033902788,0.6007907514583635
logistic_regression,0,2022-01-21T00:00:00+00:00,AAPL,1,0.06124241857220292,0.5806951924557803
logistic_regression,0,2022-01-21T00:00:00+00:00,MSFT,1,0.05521160926201807,0.5385167741575088
logistic_regression,0,2022-01-21T00:00:00+00:00,QQQ,1,0.01903503309235699,0.4870060368038269
logistic_regression,0,2022-01-21T00:00:00+00:00,SPY,1,0.019277356835153414,0.522158241980979
logistic_regression,0,2022-01-24T00:00:00+00:00,AAPL,1,0.09235342889545906,0.5319050526539505
logistic_regression,0,2022-01-24T00:00:00+00:00,MSFT,1,0.06267078745697052,0.44851025291473706
logistic_regression,0,2022-01-24T00:00:00+00:00,QQQ,1,0.049130139658985605,0.39632244904011155
logistic_regression,0,2022-01-24T00:00:00+00:00,SPY,1,0.0386079428492796,0.4785191465751759
logistic_regression,0,2022-01-25T00:00:00+00:00,AAPL,1,0.06667182861094068,0.5466060547839459
logistic_regression,0,2022-01-25T00:00:00+00:00,MSFT,1,0.003316103619972921,0.45412921629974934
logistic_regression,0,2022-01-25T00:00:00+00:00,QQQ,1,0.0456524851168012,0.47563301532739705
logistic_regression,0,2022-01-25T00:00:00+00:00,SPY,1,0.03147102751253028,0.5311087072926043
logistic_regression,0,2022-01-26T00:00:00+00:00,AAPL,1,0.07190771236724824,0.5542863244616559
logistic_regression,0,2022-01-26T00:00:00+00:00,MSFT,1,0.02052317874135068,0.3723339831346283
logistic_regression,0,2022-01-26T00:00:00+00:00,QQQ,1,0.024080223904476394,0.4483292062895786
logistic_regression,0,2022-01-26T00:00:00+00:00,SPY,1,0.026899370646293663,0.4861771086370722
logistic_regression,0,2022-01-27T00:00:00+00:00,AAPL,1,0.03527422201862174,0.5244530779819123
logistic_regression,0,2022-01-27T00:00:00+00:00,MSFT,0,-0.0020648732159956884,0.46216755881052507
logistic_regression,0,2022-01-27T00:00:00+00:00,QQQ,1,0.030150498609143872,0.5023905934870376
logistic_regression,0,2022-01-27T00:00:00+00:00,SPY,1,0.02953282303432947,0.5306957118416128
logistic_regression,0,2022-01-28T00:00:00+00:00,AAPL,1,0.015129358506183133,0.5166683393385935
logistic_regression,0,2022-01-28T00:00:00+00:00,MSFT,0,-0.01097865574308965,0.48357262252149974
logistic_regression,0,2022-01-28T00:00:00+00:00,QQQ,1,0.01331631745131645,0.4354807009827432
logistic_regression,0,2022-01-28T00:00:00+00:00,SPY,1,0.01670698954622174,0.5220334780126604
logistic_regression,1,2022-01-31T00:00:00+00:00,AAPL,0,-0.013819432377187635,0.5593887936922318
logistic_regression,1,2022-01-31T00:00:00+00:00,MSFT,0,-0.03144860842721653,0.5664136657181353
logistic_regression,1,2022-01-31T00:00:00+00:00,QQQ,0,-0.03067039461145238,0.514424137784224
logistic_regression,1,2022-01-31T00:00:00+00:00,SPY,0,-0.01074500512860932,0.5307392255648583
logistic_regression,1,2022-02-01T00:00:00+00:00,AAPL,1,0.0067073118961440414,0.5817960571892954
logistic_regression,1,2022-02-01T00:00:00+00:00,MSFT,0,-0.0012243405357298398,0.5973258369411077
logistic_regression,1,2022-02-01T00:00:00+00:00,QQQ,0,-0.018192180216276332,0.5466565692276026
logistic_regression,1,2022-02-01T00:00:00+00:00,SPY,0,-0.0026114928499554324,0.5534555467735701
logistic_regression,1,2022-02-02T00:00:00+00:00,AAPL,0,-0.002673894408190436,0.6020180634514521
logistic_regression,1,2022-02-02T00:00:00+00:00,MSFT,0,-0.01957214534643037,0.6385702270164999
logistic_regression,1,2022-02-02T00:00:00+00:00,QQQ,1,0.0007577761418737783,0.5857467735715647
logistic_regression,1,2022-02-02T00:00:00+00:00,SPY,0,-0.001134719708284937,0.5788752783516874
logistic_regression,1,2022-02-03T00:00:00+00:00,AAPL,1,0.001780317888413041,0.6080778146386141
logistic_regression,1,2022-02-03T00:00:00+00:00,MSFT,1,0.007908457515936718,0.6531178379682722
logistic_regression,1,2022-02-03T00:00:00+00:00,QQQ,1,0.010262791322429798,0.6030255841382534
logistic_regression,1,2022-02-03T00:00:00+00:00,SPY,1,0.004843805067578311,0.5966009258076629
logistic_regression,1,2022-02-04T00:00:00+00:00,AAPL,0,-0.03369421136208961,0.6331017026593571
logistic_regression,1,2022-02-04T00:00:00+00:00,MSFT,0,-0.04241729369391234,0.6620710918297974
logistic_regression,1,2022-02-04T00:00:00+00:00,QQQ,0,-0.03575427350663363,0.6153241456387963
logistic_regression,1,2022-02-04T00:00:00+00:00,SPY,0,-0.023289596881871044,0.6035919064642071
logistic_regression,1,2022-02-07T00:00:00+00:00,AAPL,0,-0.006414857305123367,0.640236830613854
logistic_regression,1,2022-02-07T00:00:00+00:00,MSFT,0,-0.006105722114231327,0.6646849466758337
logistic_regression,1,2022-02-07T00:00:00+00:00,QQQ,0,-0.0049585917218777364,0.6346447624797529
logistic_regression,1,2022-02-07T00:00:00+00:00,SPY,0,-0.008700052552046755,0.6167859479752598
logistic_regression,1,2022-02-08T00:00:00+00:00,AAPL,0,-0.025807026541468492,0.6462486541571439
logistic_regression,1,2022-02-08T00:00:00+00:00,MSFT,0,-0.037049331305041844,0.6646393892287261
logistic_regression,1,2022-02-08T00:00:00+00:00,QQQ,0,-0.029269266521674275,0.6422447848531402
logistic_regression,1,2022-02-08T00:00:00+00:00,SPY,0,-0.02674976215105307,0.6293758157264561
logistic_regression,1,2022-02-09T00:00:00+00:00,AAPL,0,-0.01982134079953146,0.6379557998093587
logistic_regression,1,2022-02-09T00:00:00+00:00,MSFT,0,-0.025196128101055426,0.6633087563321954
logistic_regression,1,2022-02-09T00:00:00+00:00,QQQ,0,-0.020818559079874066,0.6443253060083639
logistic_regression,1,2022-02-09T00:00:00+00:00,SPY,0,-0.01995291076381467,0.6279745780283699
logistic_regression,1,2022-02-10T00:00:00+00:00,AAPL,0,-0.016534001382867647,0.6298933840275153
logistic_regression,1,2022-02-10T00:00:00+00:00,MSFT,0,-0.033380925243537196,0.6630291835444257
logistic_regression,1,2022-02-10T00:00:00+00:00,QQQ,0,-0.035466332722270844,0.634066591247763
logistic_regression,1,2022-02-10T00:00:00+00:00,SPY,0,-0.028824165748926323,0.6232352513856371
logistic_regression,1,2022-02-11T00:00:00+00:00,AAPL,0,-0.01624927674268284,0.6328095408646024
logistic_regression,1,2022-02-11T00:00:00+00:00,MSFT,0,-0.02978960392193053,0.6711145973134327
logistic_regression,1,2022-02-11T00:00:00+00:00,QQQ,0,-0.025040748315109163,0.6532041547501449
logistic_regression,1,2022-02-11T00:00:00+00:00,SPY,0,-0.02021475736592604,0.6301685657683006
logistic_regression,1,2022-02-14T00:00:00+00:00,AAPL,0,-0.03369453504510456,0.6300918188453292
logistic_regression,1,2022-02-14T00:00:00+00:00,MSFT,0,-0.03270220581700012,0.6566957490024106
logistic_regression,1,2022-02-14T00:00:00+00:00,QQQ,0,-0.03477378103457951,0.6626579422712181
logistic_regression,1,2022-02-14T00:00:00+00:00,SPY,0,-0.026895887851087985,0.6373026440822371
logistic_regression,1,2022-02-15T00:00:00+00:00,AAPL,0,-0.11390662893099934,0.6418624725510212
logistic_regression,1,2022-02-15T00:00:00+00:00,MSFT,0,-0.08849571197606887,0.6647425125566304
logistic_regression,1,2022-02-15T00:00:00+00:00,QQQ,0,-0.10066436459093064,0.6770454155858789
logistic_regression,1,2022-02-15T00:00:00+00:00,SPY,0,-0.0759832207035287,0.6493149767623821
logistic_regression,1,2022-02-16T00:00:00+00:00,AAPL,0,-0.043953525503256596,0.6432633912781432
logistic_regression,1,2022-02-16T00:00:00+00:00,MSFT,0,-0.006106282970707921,0.669823242120244
logistic_regression,1,2022-02-16T00:00:00+00:00,QQQ,0,-0.0343366951208518,0.6860408851328672
logistic_regression,1,2022-02-16T00:00:00+00:00,SPY,0,-0.03264386748431136,0.6552747064036281
logistic_regression,1,2022-02-17T00:00:00+00:00,AAPL,0,-0.04172551598975316,0.6333604889504401
logistic_regression,1,2022-02-17T00:00:00+00:00,MSFT,1,0.0022932879099606396,0.658230246110822
logistic_regression,1,2022-02-17T00:00:00+00:00,QQQ,0,-0.01323374625965068,0.6803872307137635
logistic_regression,1,2022-02-17T00:00:00+00:00,SPY,0,-0.014092659669297292,0.647228719306476
logistic_regression,1,2022-02-18T00:00:00+00:00,AAPL,0,-0.0036920626832882553,0.6238750132015889
logistic_regression,1,2022-02-18T00:00:00+00:00,MSFT,1,0.03792207190531216,0.6519606313036882
logistic_regression,1,2022-02-18T00:00:00+00:00,QQQ,1,0.019407334959735456,0.6680819291789619
logistic_regression,1,2022-02-18T00:00:00+00:00,SPY,1,0.005280839782726865,0.6384563653158555
logistic_regression,1,2022-02-22T00:00:00+00:00,AAPL,0,-0.008931192480045036,0.6254504464969989
logistic_regression,1,2022-02-22T00:00:00+00:00,MSFT,1,0.015817376209065648,0.6491043364413082
logistic_regression,1,2022-02-22T00:00:00+00:00,QQQ,1,0.003148395895365752,0.659647925413325
logistic_regression,1,2022-02-22T00:00:00+00:00,SPY,0,-0.0026668600231027906,0.6320489531236693
logistic_regression,1,2022-02-23T00:00:00+00:00,AAPL,1,0.10193598777587987,0.6264961175959124
logistic_regression,1,2022-02-23T00:00:00+00:00,MSFT,1,0.10926141887514063,0.6322278797660524
logistic_regression,1,2022-02-23T00:00:00+00:00,QQQ,1,0.09531671325313318,0.6410056430862787
logistic_regression,1,2022-02-23T00:00:00+00:00,SPY,1,0.06951000724648848,0.6137274989160814
logistic_regression,1,2022-02-24T00:00:00+00:00,AAPL,1,0.001961422420694081,0.6150793613833161
logistic_regression,1,2022-02-24T00:00:00+00:00,MSFT,0,-0.004872196620030578,0.6288108696377964
logistic_regression,1,2022-02-24T00:00:00+00:00,QQQ,0,-0.006296567449806445,0.6384688121892501
logistic_regression,1,2022-02-24T00:00:00+00:00,SPY,1,0.002973143871557893,0.6084050343465541
logistic_regression,1,2022-02-25T00:00:00+00:00,AAPL,0,-0.00016168876870259474,0.6206892505696816
logistic_regression,1,2022-02-25T00:00:00+00:00,MSFT,0,-0.0215979004707324,0.6280966980115993
logistic_regression,1,2022-02-25T00:00:00+00:00,QQQ,0,-0.017207848869237097,0.6365705884672351
logistic_regression,1,2022-02-25T00:00:00+00:00,SPY,0,-0.0031070394947889657,0.6154564213293319
logistic_regression,1,2022-02-28T00:00:00+00:00,AAPL,0,-0.03762769539094457,0.5916351935341484
logistic_regression,1,2022-02-28T00:00:00+00:00,MSFT,0,-0.06462559178664096,0.621746364595038
logistic_regression,1,2022-02-28T00:00:00+00:00,QQQ,0,-0.06463450652140723,0.6309541353438212
logistic_regression,1,2022-02-28T00:00:00+00:00,SPY,0,-0.03737206567260731,0.6116405244113519
logistic_regression,1,2022-03-01T00:00:00+00:00,AAPL,0,-0.019664328230670547,0.5857965317734666
logistic_regression,1,2022-03-01T00:00:00+00:00,MSFT,0,-0.0422750115661511,0.6298336627143107
logistic_regression,1,2022-03-01T00:00:00+00:00,QQQ,0,-0.03495670291940001,0.6290374546781423
logistic_regression,1,2022-03-01T00:00:00+00:00,SPY,0,-0.018686253127450536,0.609416259721912
logistic_regression,1,2022-03-02T00:00:00+00:00,AAPL,0,-0.05098892543317746,0.5790671321148508
logistic_regression,1,2022-03-02T00:00:00+00:00,MSFT,0,-0.0674682640620411,0.6233682897176642
logistic_regression,1,2022-03-02T00:00:00+00:00,QQQ,0,-0.05649951778427653,0.6206662264560451
logistic_regression,1,2022-03-02T00:00:00+00:00,SPY,0,-0.04266859450599203,0.6093586818865018
logistic_regression,1,2022-03-03T00:00:00+00:00,AAPL,0,-0.0357320941775896,0.5900187226448907
logistic_regression,1,2022-03-03T00:00:00+00:00,MSFT,0,-0.02346452052378334,0.6473718792579948
logistic_regression,1,2022-03-03T00:00:00+00:00,QQQ,0,-0.018208169252316386,0.6401547135599539
logistic_regression,1,2022-03-03T00:00:00+00:00,SPY,0,-0.010388799545812621,0.620454612642867
logistic_regression,1,2022-03-04T00:00:00+00:00,AAPL,0,-0.0747587748939249,0.5992306659599543
logistic_regression,1,2022-03-04T00:00:00+00:00,MSFT,0,-0.03032672916430368,0.648027685159497
logistic_regression,1,2022-03-04T00:00:00+00:00,QQQ,0,-0.04389565327760814,0.6435141105689159
logistic_regression,1,2022-03-04T00:00:00+00:00,SPY,0,-0.026650119921861837,0.6266903720654324
logistic_regression,1,2022-03-07T00:00:00+00:00,AAPL,0,-0.05176604597072476,0.5969346761448142
logistic_regression,1,2022-03-07T00:00:00+00:00,MSFT,1,0.007162737123797669,0.6348274394998787
logistic_regression,1,2022-03-07T00:00:00+00:00,QQQ,0,-0.011760925359995511,0.6285446117464331
logistic_regression,1,2022-03-07T00:00:00+00:00,SPY,0,-0.0016414326042925032,0.6169458287224535
logistic_regression,1,2022-03-08T00:00:00+00:00,AAPL,0,-0.029376860563984697,0.5781758273131452
logistic_regression,1,2022-03-08T00:00:00+00:00,MSFT,1,0.017966334676834617,0.6096358806774942
logistic_regression,1,2022-03-08T00:00:00+00:00,QQQ,0,-0.0007344289486813649,0.5995518800479133
logistic_regression,1,2022-03-08T00:00:00+00:00,SPY,1,0.009152408676705637,0.5883194046039698
logistic_regression,1,2022-03-09T00:00:00+00:00,AAPL,0,-0.011903211445075668,0.5881183556533777
logistic_regression,1,2022-03-09T00:00:00+00:00,MSFT,1,0.03421652125053898,0.6205026088542847
logistic_regression,1,2022-03-09T00:00:00+00:00,QQQ,1,0.02077831521786644,0.6178203849349163
logistic_regression,1,2022-03-09T00:00:00+00:00,SPY,1,0.02414974130149261,0.6026531858631726
logistic_regression,1,2022-03-10T00:00:00+00:00,AAPL,1,0.007923911023834274,0.6054771348270909
logistic_regression,1,2022-03-10T00:00:00+00:00,MSFT,1,0.023683165901253744,0.6364102947817674
logistic_regression,1,2022-03-10T00:00:00+00:00,QQQ,1,0.023136834476046753,0.6260157526608068
logistic_regression,1,2022-03-10T00:00:00+00:00,SPY,1,0.02420563591355651,0.6209560442172085
logistic_regression,1,2022-03-11T00:00:00+00:00,AAPL,1,0.07747312943684892,0.6004364857930741
logistic_regression,1,2022-03-11T00:00:00+00:00,MSFT,1,0.06403955174495568,0.6428581847211984
logistic_regression,1,2022-03-11T00:00:00+00:00,QQQ,1,0.08294606151454786,0.6401225248793708
logistic_regression,1,2022-03-11T00:00:00+00:00,SPY,1,0.056879123409013355,0.630476135779161
logistic_regression,1,2022-03-14T00:00:00+00:00,AAPL,1,0.09462748725191394,0.5804006158855293
logistic_regression,1,2022-03-14T00:00:00+00:00,MSFT,1,0.06724097835892917,0.6297192955083148
logistic_regression,1,2022-03-14T00:00:00+00:00,QQQ,1,0.09175403615640998,0.614921702085822
logistic_regression,1,2022-03-14T00:00:00+00:00,SPY,1,0.06332400344911981,0.6228214268120463
logistic_regression,1,2022-03-15T00:00:00+00:00,AAPL,1,0.06752202925441075,0.5773655159345502
logistic_regression,1,2022-03-15T00:00:00+00:00,MSFT,1,0.0373546130739264,0.62712797897134
logistic_regression,1,2022-03-15T00:00:00+00:00,QQQ,1,0.06493503740092632,0.6127237138341922
logistic_regression,1,2022-03-15T00:00:00+00:00,SPY,1,0.040737512310540014,0.6226098234337553
logistic_regression,1,2022-03-16T00:00:00+00:00,AAPL,1,0.0763396247050907,0.5764058173984091
logistic_regression,1,2022-03-16T00:00:00+00:00,MSFT,1,0.0179084214726537,0.6386580409988494
logistic_regression,1,2022-03-16T00:00:00+00:00,QQQ,1,0.044801826751881935,0.6143764778069728
logistic_regression,1,2022-03-16T00:00:00+00:00,SPY,1,0.02961690046634957,0.6267860667960279
logistic_regression,1,2022-03-17T00:00:00+00:00,AAPL,1,0.08113235669927499,0.5947793329350269
logistic_regression,1,2022-03-17T00:00:00+00:00,MSFT,1,0.03131702274790449,0.6497102224840766
logistic_regression,1,2022-03-17T00:00:00+00:00,QQQ,1,0.04836083291800719,0.6501800644999618
logistic_regression,1,2022-03-17T00:00:00+00:00,SPY,1,0.027987660974414075,0.6503129078353096
logistic_regression,1,2022-03-18T00:00:00+00:00,AAPL,1,0.050859317232693435,0.5932641302573957
logistic_regression,1,2022-03-18T00:00:00+00:00,MSFT,1,0.016166335572959545,0.6482430483365943
logistic_regression,1,2022-03-18T00:00:00+00:00,QQQ,1,0.024049386587810417,0.6458753823465877
logistic_regression,1,2022-03-18T00:00:00+00:00,SPY,1,0.015341288074407489,0.6532728997634453
logistic_regression,1,2022-03-21T00:00:00+00:00,AAPL,1,0.06541584348372353,0.6031248783869346
logistic_regression,1,2022-03-21T00:00:00+00:00,MSFT,1,0.04497269239340973,0.6559801729764326
logistic_regression,1,2022-03-21T00:00:00+00:00,QQQ,1,0.05012401551333889,0.6530962078499618
logistic_regression,1,2022-03-21T00:00:00+00:00,SPY,1,0.029697368471454988,0.6612903404716819
logistic_regression,1,2022-03-22T00:00:00+00:00,AAPL,1,0.06073760973026143,0.6103563855795987
logistic_regression,1,2022-03-22T00:00:00+00:00,MSFT,1,0.042005458434394516,0.6624752423091986
logistic_regression,1,2022-03-22T00:00:00+00:00,QQQ,1,0.041050309002669705,0.658903818769293
logistic_regression,1,2022-03-22T00:00:00+00:00,SPY,1,0.027992787325065382,0.6649962202019453
logistic_regression,1,2022-03-23T00:00:00+00:00,AAPL,1,0.037557930822496255,0.6125858662618464
logistic_regression,1,2022-03-23T00:00:00+00:00,MSFT,1,0.04724481622430621,0.6698281219323233
logistic_regression,1,2022-03-23T00:00:00+00:00,QQQ,1,0.03591396993646834,0.6698204619586479
logistic_regression,1,2022-03-23T00:00:00+00:00,SPY,1,0.024745904577750277,0.6703313975960625
logistic_regression,1,2022-03-24T00:00:00+00:00,AAPL,0,-0.0011370196479973949,0.5994972316567843
logistic_regression,1,2022-03-24T00:00:00+00:00,MSFT,1,0.011538673032782665,0.6560036972428115
logistic_regression,1,2022-03-24T00:00:00+00:00,QQQ,1,0.006938772633984458,0.6615568492577769
logistic_regression,1,2022-03-24T00:00:00+00:00,SPY,1,0.0027578326042563273,0.6696793981449503
logistic_regression,1,2022-03-25T00:00:00+00:00,AAPL,1,0.01191385743060458,0.5973075137987577
logistic_regression,1,2022-03-25T00:00:00+00:00,MSFT,1,0.0168910439500789,0.6524824968454823
logistic_regression,1,2022-03-25T00:00:00+00:00,QQQ,1,0.007361365851389801,0.6572211678646979
logistic_regression,1,2022-03-25T00:00:00+00:00,SPY,1,0.0003643493155949251,0.6578370749599197
logistic_regression,1,2022-03-28T00:00:00+00:00,AAPL,1,0.0025772184448731306,0.5951279693200122
logistic_regression,1,2022-03-28T00:00:00+00:00,MSFT,0,-0.004032804446556959,0.6380218180971479
logistic_regression,1,2022-03-28T00:00:00+00:00,QQQ,0,-0.004946937567294252,0.6452626764786134
logistic_regression,1,2022-03-28T00:00:00+00:00,SPY,0,-0.0124113651888349,0.6544544180767422
logistic_regression,1,2022-03-29T00:00:00+00:00,AAPL,0,-0.0365971621131852,0.5798785335836
logistic_regression,1,2022-03-29T00:00:00+00:00,MSFT,0,-0.029257285330284044,0.6297144427961319
logistic_regression,1,2022-03-29T00:00:00+00:00,QQQ,0,-0.03883407593376986,0.6329064436596584
logistic_regression,1,2022-03-29T00:00:00+00:00,SPY,0,-0.031157080253381264,0.6458729516096847
logistic_regression,1,2022-03-30T00:00:00+00:00,AAPL,0,-0.039485009113961134,0.5802779434928155
logistic_regression,1,2022-03-30T00:00:00+00:00,MSFT,0,-0.056810287851191354,0.62513016718406
logistic_regression,1,2022-03-30T00:00:00+00:00,QQQ,0,-0.04276179645813161,0.6252157347504231
logistic_regression,1,2022-03-30T00:00:00+00:00,SPY,0,-0.028806952373563677,0.635523057090668
logistic_regression,1,2022-03-31T00:00:00+00:00,AAPL,0,-0.014901198094875223,0.5872234946155397
logistic_regression,1,2022-03-31T00:00:00+00:00,MSFT,0,-0.030805256859817387,0.6220991793546247
logistic_regression,1,2022-03-31T00:00:00+00:00,QQQ,0,-0.03085344271578072,0.6257535211378179
logistic_regression,1,2022-03-31T00:00:00+00:00,SPY,0,-0.013754404989540392,0.6266606775384936
logistic_regression,1,2022-04-01T00:00:00+00:00,AAPL,0,-0.03549903052412173,0.5897046546693431
logistic_regression,1,2022-04-01T00:00:00+00:00,MSFT,0,-0.060895394792383484,0.6195106352051857
logistic_regression,1,2022-04-01T00:00:00+00:00,QQQ,0,-0.05124993673918932,0.6186037097574145
logistic_regression,1,2022-04-01T00:00:00+00:00,SPY,0,-0.021864341758403016,0.6242913553162907
logistic_regression,1,2022-04-04T00:00:00+00:00,AAPL,0,-0.05529991860354344,0.5864856180406148
logistic_regression,1,2022-04-04T00:00:00+00:00,MSFT,0,-0.07855182507945069,0.6235831657132404
logistic_regression,1,2022-04-04T00:00:00+00:00,QQQ,0,-0.061827607390884776,0.6176451141933165
logistic_regression,1,2022-04-04T00:00:00+00:00,SPY,0,-0.028613233614669165,0.6235793457143755
logistic_regression,1,2022-04-05T00:00:00+00:00,AAPL,0,-0.03077540961957781,0.5962463826424806
logistic_regression,1,2022-04-05T00:00:00+00:00,MSFT,0,-0.07544434156489488,0.6257789722373613
logistic_regression,1,2022-04-05T00:00:00+00:00,QQQ,0,-0.04647484341521091,0.6151151077627257
logistic_regression,1,2022-04-05T00:00:00+00:00,SPY,0,-0.021784472358293727,0.619930748205641
logistic_regression,1,2022-04-06T00:00:00+00:00,AAPL,0,-0.005146394710173086,0.5784600320636492
logistic_regression,1,2022-04-06T00:00:00+00:00,MSFT,0,-0.03082848653633785,0.6015851770300871
logistic_regression,1,2022-04-06T00:00:00+00:00,QQQ,0,-0.01843110199884712,0.5815569351917631
logistic_regression,1,2022-04-06T00:00:00+00:00,SPY,0,-0.006566941446242036,0.5951369947338319
logistic_regression,1,2022-04-07T00:00:00+00:00,AAPL,0,-0.04766269270108847,0.5686409658763144
logistic_regression,1,2022-04-07T00:00:00+00:00,MSFT,0,-0.0735165033683467,0.5824848345058389
logistic_regression,1,2022-04-07T00:00:00+00:00,QQQ,0,-0.04440285260378851,0.5716789377610527
logistic_regression,1,2022-04-07T00:00:00+00:00,SPY,0,-0.026860669747043597,0.5831482285447331
logistic_regression,1,2022-04-08T00:00:00+00:00,AAPL,0,-0.02382619144493059,0.5632088464369867
logistic_regression,1,2022-04-08T00:00:00+00:00,MSFT,0,-0.044443321086639176,0.5763807604345266
logistic_regression,1,2022-04-08T00:00:00+00:00,QQQ,0,-0.021622114747915755,0.5620996815801677
logistic_regression,1,2022-04-08T00:00:00+00:00,SPY,0,-0.01604299524389119,0.5778754026876383
logistic_regression,1,2022-04-11T00:00:00+00:00,AAPL,1,0.0023975826854389926,0.5858083374674741
logistic_regression,1,2022-04-11T00:00:00+00:00,MSFT,0,-0.0014459160124359327,0.5952850091871051
logistic_regression,1,2022-04-11T00:00:00+00:00,QQQ,1,0.0018408678356585106,0.5811628638419489
logistic_regression,1,2022-04-11T00:00:00+00:00,SPY,1,0.006651416316107994,0.5863406572904829
logistic_regression,1,2022-04-12T00:00:00+00:00,AAPL,1,0.007064561850459006,0.580768792693724
logistic_regression,1,2022-04-12T00:00:00+00:00,MSFT,1,0.01865141629016054,0.5625704179944581
logistic_regression,1,2022-04-12T00:00:00+00:00,QQQ,1,0.013832300286872767,0.576230898803117
logistic_regression,1,2022-04-12T00:00:00+00:00,SPY,1,0.021947951320502312,0.5848226206112138
logistic_regression,1,2022-04-13T00:00:00+00:00,AAPL,0,-0.026330815036826993,0.5707220892643169
logistic_regression,1,2022-04-13T00:00:00+00:00,MSFT,0,-0.02420348442104514,0.5475400444091174
logistic_regression,1,2022-04-13T00:00:00+00:00,QQQ,0,-0.036941368794228824,0.5611383474794548
logistic_regression,1,2022-04-13T00:00:00+00:00,SPY,0,-0.016937967978899793,0.5841496519353213
logistic_regression,1,2022-04-14T00:00:00+00:00,AAPL,0,-0.019045298721008685,0.5859072560610407
logistic_regression,1,2022-04-14T00:00:00+00:00,MSFT,0,-0.022107548850511582,0.5388465476020518
logistic_regression,1,2022-04-14T00:00:00+00:00,QQQ,0,-0.0422908038271439,0.5496715784154415
logistic_regression,1,2022-04-14T00:00:00+00:00,SPY,0,-0.032019603741282876,0.572990872030234
logistic_regression,1,2022-04-18T00:00:00+00:00,AAPL,0,-0.018750314063394002,0.5880870370996981
logistic_regression,1,2022-04-18T00:00:00+00:00,MSFT,0,-0.008713794518571127,0.542355932986494
logistic_regression,1,2022-04-18T00:00:00+00:00,QQQ,0,-0.03317503119663068,0.5507759629575988
logistic_regression,1,2022-04-18T00:00:00+00:00,SPY,0,-0.029417699599005753,0.5765492084262133
logistic_regression,1,2022-04-19T00:00:00+00:00,AAPL,0,-0.07798954567168259,0.5754538939106348
logistic_regression,1,2022-04-19T00:00:00+00:00,MSFT,0,-0.02717200115887397,0.5297239940142437
logistic_regression,1,2022-04-19T00:00:00+00:00,QQQ,0,-0.08782689773797236,0.5479807552681495
logistic_regression,1,2022-04-19T00:00:00+00:00,SPY,0,-0.06827556887075403,0.5730691641612445
logistic_regression,1,2022-04-20T00:00:00+00:00,AAPL,0,-0.0590738883898978,0.5745854170922985
logistic_regression,1,2022-04-20T00:00:00+00:00,MSFT,0,-0.01372150513545356,0.5327660824816411
logistic_regression,1,2022-04-20T00:00:00+00:00,QQQ,0,-0.06947794550372588,0.5462910042709123
logistic_regression,1,2022-04-20T00:00:00+00:00,SPY,0,-0.06040433922566135,0.5754914513632702
logistic_regression,1,2022-04-21T00:00:00+00:00,AAPL,0,-0.029697162688184675,0.57725528465009
logistic_regression,1,2022-04-21T00:00:00+00:00,MSFT,1,0.022555132181702353,0.5433604193273462
logistic_regression,1,2022-04-21T00:00:00+00:00,QQQ,0,-0.0336714567195211,0.5453653848718237
logistic_regression,1,2022-04-21T00:00:00+00:00,SPY,0,-0.03242394023483475,0.5777715021489619
logistic_regression,1,2022-04-22T00:00:00+00:00,AAPL,0,-0.029314240508054756,0.5514672377355845
logistic_regression,1,2022-04-22T00:00:00+00:00,MSFT,1,0.014142987699760745,0.518131302547199
logistic_regression,1,2022-04-22T00:00:00+00:00,QQQ,0,-0.03560079527274518,0.5032360309550874
logistic_regression,1,2022-04-22T00:00:00+00:00,SPY,0,-0.0293230925139224,0.5311761822836152
logistic_regression,1,2022-04-25T00:00:00+00:00,AAPL,0,-0.027217469613983525,0.5503303701326128
logistic_regression,1,2022-04-25T00:00:00+00:00,MSFT,1,0.021234728910008105,0.522754336619732
logistic_regression,1,2022-04-25T00:00:00+00:00,QQQ,0,-0.029335305340898676,0.5044520472366262
logistic_regression,1,2022-04-25T00:00:00+00:00,SPY,0,-0.02735636388125884,0.5373913520252792
logistic_regression,1,2022-04-26T00:00:00+00:00,AAPL,1,0.022070316641871424,0.5457090848447492
logistic_regression,1,2022-04-26T00:00:00+00:00,MSFT,0,-0.0002646931995929913,0.5290440567973369
logistic_regression,1,2022-04-26T00:00:00+00:00,QQQ,1,0.0045139702195073905,0.4990864933218287
logistic_regression,1,2022-04-26T00:00:00+00:00,SPY,0,-0.0023805833880824467,0.5260916680478458
logistic_regression,1,2022-04-27T00:00:00+00:00,AAPL,1,0.026829785957230845,0.5464827869810095
logistic_regression,1,2022-04-27T00:00:00+00:00,MSFT,0,-0.0007730492992112925,0.5349249746764255
logistic_regression,1,2022-04-27T00:00:00+00:00,QQQ,1,0.008296800791913528,0.49881027560123725
logistic_regression,1,2022-04-27T00:00:00+00:00,SPY,1,0.0033430660590090255,0.5280102031888957
logistic_regression,1,2022-04-28T00:00:00+00:00,AAPL,0,-0.03653588800350227,0.5455546132733651
logistic_regression,1,2022-04-28T00:00:00+00:00,MSFT,0,-0.04971776328652289,0.5560729777549914
logistic_regression,1,2022-04-28T00:00:00+00:00,QQQ,0,-0.0413074004155215,0.509099658869992
logistic_regression,1,2022-04-28T00:00:00+00:00,SPY,0,-0.031425314989040776,0.5394968039415172
logistic_regression,1,2022-04-29T00:00:00+00:00,AAPL,0,-0.011884253698069003,0.5562768391660143
logistic_regression,1,2022-04-29T00:00:00+00:00,MSFT,0,-0.02948993013893697,0.5708807761097202
logistic_regression,1,2022-04-29T00:00:00+00:00,QQQ,0,-0.03182647228361046,0.5141643416677538
logistic_regression,1,2022-04-29T00:00:00+00:00,SPY,0,-0.018878678621463973,0.537228462110745
logistic_regression,1,2022-05-02T00:00:00+00:00,AAPL,0,-0.01715216373969841,0.5608933615073958
logistic_regression,1,2022-05-02T00:00:00+00:00,MSFT,0,-0.04512203161173356,0.5847937892466885
logistic_regression,1,2022-05-02T00:00:00+00:00,QQQ,0,-0.04583468642903488,0.5181883199981878
logistic_regression,1,2022-05-02T00:00:00+00:00,SPY,0,-0.027296089603359053,0.53589407963314
logistic_regression,1,2022-05-03T00:00:00+00:00,AAPL,0,-0.03915334514702096,0.5676796324435874
logistic_regression,1,2022-05-03T00:00:00+00:00,MSFT,0,-0.061717757384386784,0.5911636707733212
logistic_regression,1,2022-05-03T00:00:00+00:00,QQQ,0,-0.06722681612814119,0.5347354158048521
logistic_regression,1,2022-05-03T00:00:00+00:00,SPY,0,-0.04748574223090629,0.5436043754440717
logistic_regression,1,2022-05-04T00:00:00+00:00,AAPL,0,-0.12911770864983674,0.586254835749901
logistic_regression,1,2022-05-04T00:00:00+00:00,MSFT,0,-0.09933763774148552,0.6296212994960398
logistic_regression,1,2022-05-04T00:00:00+00:00,QQQ,0,-0.11776692146546353,0.5650389137903603
logistic_regression,1,2022-05-04T00:00:00+00:00,SPY,0,-0.08469653253340093,0.5656824664441238
logistic_regression,1,2022-05-05T00:00:00+00:00,AAPL,0,-0.07505210725049072,0.6281065117109053
logistic_regression,1,2022-05-05T00:00:00+00:00,MSFT,0,-0.06540593392388583,0.6587799190805286
logistic_regression,1,2022-05-05T00:00:00+00:00,QQQ,0,-0.05087927666304515,0.6043194661284587
logistic_regression,1,2022-05-05T00:00:00+00:00,SPY,0,-0.03693179035756522,0.5964993963840853
logistic_regression,1,2022-05-06T00:00:00+00:00,AAPL,0,-0.062420418574476,0.6226761061138049
logistic_regression,1,2022-05-06T00:00:00+00:00,MSFT,0,-0.03932242291777943,0.6463766048969497
logistic_regression,1,2022-05-06T00:00:00+00:00,QQQ,0,-0.01294888220503232,0.5823232032863993
logistic_regression,1,2022-05-06T00:00:00+00:00,SPY,0,-0.014611661559343125,0.5811464441462233
logistic_regression,1,2022-05-09T00:00:00+00:00,AAPL,0,-0.04473666235938201,0.6086933048453791
logistic_regression,1,2022-05-09T00:00:00+00:00,MSFT,0,-0.022495244350192456,0.6443855759480632
logistic_regression,1,2022-05-09T00:00:00+00:00,QQQ,0,-0.0021946850515299765,0.5744947659450902
logistic_regression,1,2022-05-09T00:00:00+00:00,SPY,1,0.0030353194315972942,0.5625813696800066
logistic_regression,1,2022-05-10T00:00:00+00:00,AAPL,0,-0.04523397191390188,0.6147562424850761
logistic_regression,1,2022-05-10T00:00:00+00:00,MSFT,0,-0.00976413684799704,0.6499408304682533
logistic_regression,1,2022-05-10T00:00:00+00:00,QQQ,1,0.008368380354894178,0.5754998981548748
logistic_regression,1,2022-05-10T00:00:00+00:00,SPY,1,0.01161572834602187,0.5724002653897287
logistic_regression,1,2022-05-11T00:00:00+00:00,AAPL,0,-0.02219964196833657,0.6115947388030963
logistic_regression,1,2022-05-11T00:00:00+00:00,MSFT,0,-0.014386071377328502,0.6464931724296682
logistic_regression,1,2022-05-11T00:00:00+00:00,QQQ,1,0.004390076190434744,0.5812011725229588
logistic_regression,1,2022-05-11T00:00:00+00:00,SPY,0,-0.003920399919785877,0.572595332499161
logistic_regression,1,2022-05-12T00:00:00+00:00,AAPL,0,-0.039960583995261256,0.5748918787221258
logistic_regression,1,2022-05-12T00:00:00+00:00,MSFT,0,-0.00010111629856113247,0.6025785563599447
logistic_regression,1,2022-05-12T00:00:00+00:00,QQQ,0,-0.010738801793990116,0.5620887082732358
logistic_regression,1,2022-05-12T00:00:00+00:00,SPY,0,-0.010702191983894771,0.560169384715786
logistic_regression,1,2022-05-13T00:00:00+00:00,AAPL,0,-0.0552066104861626,0.5949716052399592
logistic_regression,1,2022-05-13T00:00:00+00:00,MSFT,0,-0.01687389522496463,0.6186337301130677
logistic_regression,1,2022-05-13T00:00:00+00:00,QQQ,0,-0.036578330582756835,0.5848627481659778
logistic_regression,1,2022-05-13T00:00:00+00:00,SPY,0,-0.01983842563353977,0.5813774516053584
logistic_regression,1,2022-05-16T00:00:00+00:00,AAPL,0,-0.05596743432410234,0.5991583243887776
logistic_regression,1,2022-05-16T00:00:00+00:00,MSFT,0,-0.030572793612960725,0.6094278864887842
logistic_regression,1,2022-05-16T00:00:00+00:00,QQQ,0,-0.05549590477322519,0.591348869620884
logistic_regression,1,2022-05-16T00:00:00+00:00,SPY,0,-0.03629341398760566,0.5829152380707071
logistic_regression,1,2022-05-17T00:00:00+00:00,AAPL,0,-0.05922100275175368,0.6110052008509517
logistic_regression,1,2022-05-17T00:00:00+00:00,MSFT,0,-0.020440186014678674,0.6276934397706755
logistic_regression,1,2022-05-17T00:00:00+00:00,QQQ,0,-0.05439033186319686,0.6151602678145899
logistic_regression,1,2022-05-17T00:00:00+00:00,SPY,0,-0.02967506744903181,0.6014883060290701
logistic_regression,1,2022-05-18T00:00:00+00:00,AAPL,0,-0.019763600959673444,0.61008436256107
logistic_regression,1,2022-05-18T00:00:00+00:00,MSFT,1,0.030901986355648114,0.6328967269447261
logistic_regression,1,2022-05-18T00:00:00+00:00,QQQ,1,0.001969586812708979,0.6418287202475301
logistic_regression,1,2022-05-18T00:00:00+00:00,SPY,1,0.02381117875219907,0.6115211813723203
logistic_regression,1,2022-05-19T00:00:00+00:00,AAPL,1,0.04320592979554139,0.5934326971026077
logistic_regression,1,2022-05-19T00:00:00+00:00,MSFT,1,0.04160960598500307,0.6271582383033455
logistic_regression,1,2022-05-19T00:00:00+00:00,QQQ,1,0.030039593921387553,0.6496496220522567
logistic_regression,1,2022-05-19T00:00:00+00:00,SPY,1,0.03520659359700207,0.6296737492355737
logistic_regression,1,2022-05-20T00:00:00+00:00,AAPL,1,0.07970238682755015,0.6113529803824056
logistic_regression,1,2022-05-20T00:00:00+00:00,MSFT,1,0.06456421491539799,0.6345691312588427
logistic_regression,1,2022-05-20T00:00:00+00:00,QQQ,1,0.0645470608242884,0.6643099443545862
logistic_regression,1,2022-05-20T00:00:00+00:00,SPY,1,0.05064235243799353,0.6439149618232488
logistic_regression,1,2022-05-23T00:00:00+00:00,AAPL,1,0.06242785294486164,0.6185598558732689
logistic_regression,1,2022-05-23T00:00:00+00:00,MSFT,1,0.06498921692252835,0.6435236029672621
logistic_regression,1,2022-05-23T00:00:00+00:00,QQQ,1,0.07538167890741798,0.6734214363564656
logistic_regression,1,2022-05-23T00:00:00+00:00,SPY,1,0.05548340216211822,0.656016528043753
logistic_regression,1,2022-05-24T00:00:00+00:00,AAPL,1,0.06577082647217036,0.64664327531081
logistic_regression,1,2022-05-24T00:00:00+00:00,MSFT,1,0.022397396188982732,0.6648495577664768
logistic_regression,1,2022-05-24T00:00:00+00:00,QQQ,1,0.06485896792220602,0.689094379536365
logistic_regression,1,2022-05-24T00:00:00+00:00,SPY,1,0.04152831990040773,0.6681608381373791
logistic_regression,1,2022-05-25T00:00:00+00:00,AAPL,1,0.06708245003129099,0.6335391116026402
logistic_regression,1,2022-05-25T00:00:00+00:00,MSFT,1,0.028596167796206995,0.6435803935434135
logistic_regression,1,2022-05-25T00:00:00+00:00,QQQ,1,0.06188011642007596,0.6770596705776926
logistic_regression,1,2022-05-25T00:00:00+00:00,SPY,1,0.03237250067434161,0.6614143745270186
logistic_regression,1,2022-05-26T00:00:00+00:00,AAPL,1,0.009259285656332494,0.6205956249713788
logistic_regression,1,2022-05-26T00:00:00+00:00,MSFT,1,0.011309609075967009,0.6383513555515429
logistic_regression,1,2022-05-26T00:00:00+00:00,QQQ,1,0.02508495209495476,0.6713825149385493
logistic_regression,1,2022-05-26T00:00:00+00:00,SPY,1,0.0148102504962766,0.6608629299540701
logistic_regression,1,2022-05-27T00:00:00+00:00,AAPL,0,-0.033597813175228364,0.6237332985300386
logistic_regression,1,2022-05-27T00:00:00+00:00,MSFT,0,-0.023567085116446007,0.6438324158429012
logistic_regression,1,2022-05-27T00:00:00+00:00,QQQ,0,-0.018982708624073474,0.6763976928082098
logistic_regression,1,2022-05-27T00:00:00+00:00,SPY,0,-0.015150210277143583,0.6733625945386892
logistic_regression,1,2022-05-31T00:00:00+00:00,AAPL,0,-0.010786306412852942,0.6407415247173452
logistic_regression,1,2022-05-31T00:00:00+00:00,MSFT,0,-0.01465433093886459,0.64959517265448
logistic_regression,1,2022-05-31T00:00:00+00:00,QQQ,0,-0.006562743011293115,0.6887218404146324
logistic_regression,1,2022-05-31T00:00:00+00:00,SPY,0,-0.0049787708555655286,0.6845871526378652
logistic_regression,1,2022-06-01T00:00:00+00:00,AAPL,0,-0.007061276007214956,0.6372973731039862
logistic_regression,1,2022-06-01T00:00:00+00:00,MSFT,1,0.010568720723650449,0.6536915504886525
logistic_regression,1,2022-06-01T00:00:00+00:00,QQQ,1,0.001472353838785967,0.6832495910712115
logistic_regression,1,2022-06-01T00:00:00+00:00,SPY,0,-0.00219312073236555,0.6804285600815867
logistic_regression,1,2022-06-02T00:00:00+00:00,AAPL,0,-0.0469726722557694,0.6603821885382095
logistic_regression,1,2022-06-02T00:00:00+00:00,MSFT,0,-0.037921917197912824,0.6721997894369873
logistic_regression,1,2022-06-02T00:00:00+00:00,QQQ,0,-0.05166712929636608,0.7108800256824527
logistic_regression,1,2022-06-02T00:00:00+00:00,SPY,0,-0.0443959945119371,0.6969683686199724
logistic_regression,1,2022-06-03T00:00:00+00:00,AAPL,0,-0.09811255576652178,0.6798040503021501
logistic_regression,1,2022-06-03T00:00:00+00:00,MSFT,0,-0.10085920789971159,0.6915917484240275
logistic_regression,1,2022-06-03T00:00:00+00:00,QQQ,0,-0.10155770181692392,0.7249705883245556
logistic_regression,1,2022-06-03T00:00:00+00:00,SPY,0,-0.08604298533141863,0.7054633934624012
logistic_regression,1,2022-06-06T00:00:00+00:00,AAPL,0,-0.07957019823921585,0.6958566459432579
logistic_regression,1,2022-06-06T00:00:00+00:00,MSFT,0,-0.0872610245551283,0.6949065089153409
logistic_regression,1,2022-06-06T00:00:00+00:00,QQQ,0,-0.08789972793444811,0.7271267119697306
logistic_regression,1,2022-06-06T00:00:00+00:00,SPY,0,-0.07841939481665672,0.7066755286526276
logistic_regression,1,2022-06-07T00:00:00+00:00,AAPL,0,-0.09798300642534341,0.6918053586866734
logistic_regression,1,2022-06-07T00:00:00+00:00,MSFT,0,-0.08794705694420535,0.6887332273237885
logistic_regression,1,2022-06-07T00:00:00+00:00,QQQ,0,-0.0976806878943336,0.7196778256487013
logistic_regression,1,2022-06-07T00:00:00+00:00,SPY,0,-0.09016988300358686,0.6993981917466081
logistic_regression,1,2022-06-08T00:00:00+00:00,AAPL,0,-0.10377931732011914,0.701112305802978
logistic_regression,1,2022-06-08T00:00:00+00:00,MSFT,0,-0.08324532433085874,0.6805676110890352
logistic_regression,1,2022-06-08T00:00:00+00:00,QQQ,0,-0.10091405831489397,0.7103060290571729
logistic_regression,1,2022-06-08T00:00:00+00:00,SPY,0,-0.09666837685587981,0.689624268137815
logistic_regression,1,2022-06-09T00:00:00+00:00,AAPL,0,-0.07463542004195256,0.7082894726922401
logistic_regression,1,2022-06-09T00:00:00+00:00,MSFT,0,-0.06281727168482432,0.6752032120943873
logistic_regression,1,2022-06-09T00:00:00+00:00,QQQ,0,-0.07496620357948625,0.7095939543661925
logistic_regression,1,2022-06-09T00:00:00+00:00,SPY,0,-0.07223600788455864,0.6844668418791606
logistic_regression,1,2022-06-10T00:00:00+00:00,AAPL,1,0.002133460234954754,0.7015409546744406
logistic_regression,1,2022-06-10T00:00:00+00:00,MSFT,1,0.018970922829615322,0.6694823108131883
logistic_regression,1,2022-06-10T00:00:00+00:00,QQQ,0,-0.003653991484862562,0.6918522463204647
logistic_regression,1,2022-06-10T00:00:00+00:00,SPY,0,-0.018691029145739058,0.6623958275266812
logistic_regression,1,2022-06-13T00:00:00+00:00,AAPL,1,0.010445861031834536,0.6671977421632104
logistic_regression,1,2022-06-13T00:00:00+00:00,MSFT,1,0.030864996763561692,0.6200490146265266
logistic_regression,1,2022-06-13T00:00:00+00:00,QQQ,1,0.003017487050960277,0.6438380765883374
logistic_regression,1,2022-06-13T00:00:00+00:00,SPY,0,-0.01425690740433061,0.6114525772442552
logistic_regression,1,2022-06-14T00:00:00+00:00,AAPL,1,0.01680463275864108,0.6669276759907862
logistic_regression,1,2022-06-14T00:00:00+00:00,MSFT,1,0.02718113491158114,0.6167529962985714
logistic_regression,1,2022-06-14T00:00:00+00:00,QQQ,1,0.013482842733229639,0.6325922390082181
logistic_regression,1,2022-06-14T00:00:00+00:00,SPY,1,0.00040071983668332756,0.6007357349558315
logistic_regression,1,2022-06-15T00:00:00+00:00,AAPL,1,0.057090008733056585,0.6508951575309193
logistic_regression,1,2022-06-15T00:00:00+00:00,MSFT,1,0.06222805851102042,0.6012290558172736
logistic_regression,1,2022-06-15T00:00:00+00:00,QQQ,1,0.044004019471307165,0.6126174572940194
logistic_regression,1,2022-06-15T00:00:00+00:00,SPY,1,0.03177293898376976,0.5837700779930753
logistic_regression,1,2022-06-16T00:00:00+00:00,AAPL,1,0.09490946906493947,0.6446286028479624
logistic_regression,1,2022-06-16T00:00:00+00:00,MSFT,1,0.09388700851720966,0.6010576241073393
logistic_regression,1,2022-06-16T00:00:00+00:00,QQQ,1,0.08742939894829704,0.6059200671458083
logistic_regression,1,2022-06-16T00:00:00+00:00,SPY,1,0.06773725470874581,0.5691905392774139
logistic_regression,1,2022-06-17T00:00:00+00:00,AAPL,1,0.06315391161053885,0.6309360735647767
logistic_regression,1,2022-06-17T00:00:00+00:00,MSFT,1,0.052715347322960904,0.5852548345955566
logistic_regression,1,2022-06-17T00:00:00+00:00,QQQ,1,0.04902096300130876,0.5927851904053235
logistic_regression,1,2022-06-17T00:00:00+00:00,SPY,1,0.04721926056929737,0.5583151261695624
logistic_regression,1,2022-06-21T00:00:00+00:00,AAPL,1,0.017771199124110293,0.6187594792770877
logistic_regression,1,2022-06-21T00:00:00+00:00,MSFT,1,0.02058571903539308,0.580739445439536
logistic_regression,1,2022-06-21T00:00:00+00:00,QQQ,1,0.015488157989670182,0.585858700468681
logistic_regression,1,2022-06-21T00:00:00+00:00,SPY,1,0.02657255968228256,0.5591538236796667
logistic_regression,1,2022-06-22T00:00:00+00:00,AAPL,1,0.0011381644586341277,0.6148015085170396
logistic_regression,1,2022-06-22T00:00:00+00:00,MSFT,1,0.00378137433902781,0.5828453382267128
logistic_regression,1,2022-06-22T00:00:00+00:00,QQQ,0,-0.010666617313286553,0.5832256084459655
logistic_regression,1,2022-06-22T00:00:00+00:00,SPY,0,-0.0030580773735237043,0.5544198362655502
logistic_regression,1,2022-06-23T00:00:00+00:00,AAPL,0,-0.029534128762920497,0.6220357799100033
logistic_regression,1,2022-06-23T00:00:00+00:00,MSFT,0,-0.0226583690844554,0.6004519297238136
logistic_regression,1,2022-06-23T00:00:00+00:00,QQQ,0,-0.03248532922733771,0.603178910438301
logistic_regression,1,2022-06-23T00:00:00+00:00,SPY,0,-0.014662737420380934,0.5754986786226259
logistic_regression,1,2022-06-24T00:00:00+00:00,AAPL,0,-0.03647687705454994,0.6013243862623379
logistic_regression,1,2022-06-24T00:00:00+00:00,MSFT,0,-0.046835766504737975,0.5946279583034627
logistic_regression,1,2022-06-24T00:00:00+00:00,QQQ,0,-0.06164271345365102,0.5934800918113556
logistic_regression,1,2022-06-24T00:00:00+00:00,SPY,0,-0.04071349511384703,0.5751761750704684
logistic_regression,1,2022-06-27T00:00:00+00:00,AAPL,0,-0.0074745380388654414,0.6038189873511968
logistic_regression,1,2022-06-27T00:00:00+00:00,MSFT,0,-0.0028675626713253743,0.6062276007821176
logistic_regression,1,2022-06-27T00:00:00+00:00,QQQ,0,-0.021242501388051838,0.5985807339770159
logistic_regression,1,2022-06-27T00:00:00+00:00,SPY,0,-0.022764723701125478,0.5880627575090992
logistic_regression,1,2022-06-28T00:00:00+00:00,AAPL,1,0.04032912943144651,0.6186545110010674
logistic_regression,1,2022-06-28T00:00:00+00:00,MSFT,1,0.027176131835678907,0.6193019474777194
logistic_regression,1,2022-06-28T00:00:00+00:00,QQQ,1,0.019941272982429314,0.6107262212172759
logistic_regression,1,2022-06-28T00:00:00+00:00,SPY,1,0.008185205856952038,0.5979025432129095
logistic_regression,1,2022-06-29T00:00:00+00:00,AAPL,1,0.056246120739780636,0.6169134730777508
logistic_regression,1,2022-06-29T00:00:00+00:00,MSFT,1,0.028052969825762775,0.6238759500965018
logistic_regression,1,2022-06-29T00:00:00+00:00,QQQ,1,0.0382774196301654,0.6088106121992184
logistic_regression,1,2022-06-29T00:00:00+00:00,SPY,1,0.027260088604637023,0.6050221993542207
logistic_regression,1,2022-06-30T00:00:00+00:00,AAPL,1,0.06864857333378493,0.6166423493062693
logistic_regression,1,2022-06-30T00:00:00+00:00,MSFT,1,0.03404655680041446,0.6194031751272385
logistic_regression,1,2022-06-30T00:00:00+00:00,QQQ,1,0.04783970461188547,0.60778070483153
logistic_regression,1,2022-06-30T00:00:00+00:00,SPY,1,0.022623406964719317,0.5991549104956005
logistic_regression,1,2022-07-01T00:00:00+00:00,AAPL,1,0.05588112187551242,0.6328358719559007
logistic_regression,1,2022-07-01T00:00:00+00:00,MSFT,1,0.035871448399572126,0.6413600232101793
logistic_regression,1,2022-07-01T00:00:00+00:00,QQQ,1,0.041069576556809206,0.6239264126514612
logistic_regression,1,2022-07-01T00:00:00+00:00,SPY,1,0.018632204950108422,0.6137430347066765
logistic_regression,1,2022-07-05T00:00:00+00:00,AAPL,1,0.009581087022692891,0.6330552413864458
logistic_regression,1,2022-07-05T00:00:00+00:00,MSFT,0,-0.053307512703339444,0.6374216678862636
logistic_regression,1,2022-07-05T00:00:00+00:00,QQQ,0,-0.02544153175871433,0.6255269813366413
logistic_regression,1,2022-07-05T00:00:00+00:00,SPY,0,-0.02030697211127641,0.6154207657810544
logistic_regression,1,2022-07-06T00:00:00+00:00,AAPL,1,0.003504505225514487,0.6213155959280509
logistic_regression,1,2022-07-06T00:00:00+00:00,MSFT,0,-0.05676919602564012,0.6283499199184606
logistic_regression,1,2022-07-06T00:00:00+00:00,QQQ,0,-0.02487821673827506,0.6184902744290992
logistic_regression,1,2022-07-06T00:00:00+00:00,SPY,0,-0.03182493374929074,0.6131991388599105
logistic_regression,1,2022-07-07T00:00:00+00:00,AAPL,1,0.029056367099439706,0.6230157273926858
logistic_regression,1,2022-07-07T00:00:00+00:00,MSFT,0,-0.03618337843343922,0.6365080639798741
logistic_regression,1,2022-07-07T00:00:00+00:00,QQQ,0,-0.010027515456325742,0.623807844475533
logistic_regression,1,2022-07-07T00:00:00+00:00,SPY,0,-0.014161720347269813,0.6242170448479637
logistic_regression,1,2022-07-08T00:00:00+00:00,AAPL,1,0.03273732487939185,0.6227905039138529
logistic_regression,1,2022-07-08T00:00:00+00:00,MSFT,0,-0.024163404749400264,0.6404666840885751
logistic_regression,1,2022-07-08T00:00:00+00:00,QQQ,1,0.00427181684419442,0.6421435344392402
logistic_regression,1,2022-07-08T00:00:00+00:00,SPY,1,0.004545847054097107,0.644872808638479
logistic_regression,1,2022-07-11T00:00:00+00:00,AAPL,1,0.012791353619791446,0.6347800047843933
logistic_regression,1,2022-07-11T00:00:00+00:00,MSFT,0,-0.0331531567647293,0.6442754395273814
logistic_regression,1,2022-07-11T00:00:00+00:00,QQQ,1,0.007592842490318441,0.663787395534966
logistic_regression,1,2022-07-11T00:00:00+00:00,SPY,1,0.004323081085930491,0.6707491507431098
logistic_regression,1,2022-07-12T00:00:00+00:00,AAPL,1,0.05474534627794014,0.6294123604888241
logistic_regression,1,2022-07-12T00:00:00+00:00,MSFT,1,0.03673478600788771,0.6393755594855433
logistic_regression,1,2022-07-12T00:00:00+00:00,QQQ,1,0.0624844471894217,0.6655479385318857
logistic_regression,1,2022-07-12T00:00:00+00:00,SPY,1,0.044217106628930525,0.6680280435584975
logistic_regression,1,2022-07-13T00:00:00+00:00,AAPL,1,0.07017830923240886,0.6324972646164074
logistic_regression,1,2022-07-13T00:00:00+00:00,MSFT,1,0.03472468704176235,0.6484436853296285
logistic_regression,1,2022-07-13T00:00:00+00:00,QQQ,1,0.07033358290275427,0.6608052706787053
logistic_regression,1,2022-07-13T00:00:00+00:00,SPY,1,0.052895895341568355,0.6645080738416691
logistic_regression,1,2022-07-14T00:00:00+00:00,AAPL,1,0.03538237015609802,0.6180347189922406
logistic_regression,1,2022-07-14T00:00:00+00:00,MSFT,1,0.03515589671132768,0.6355810486145388
logistic_regression,1,2022-07-14T00:00:00+00:00,QQQ,1,0.05552675967057952,0.6553706747876838
logistic_regression,1,2022-07-14T00:00:00+00:00,SPY,1,0.04070848907913116,0.6572813270670419
logistic_regression,1,2022-07-15T00:00:00+00:00,AAPL,1,0.019651456200824757,0.6010939528814522
logistic_regression,1,2022-07-15T00:00:00+00:00,MSFT,1,0.002804930227213065,0.6238123262035218
logistic_regression,1,2022-07-15T00:00:00+00:00,QQQ,1,0.022721720630554554,0.6504678367998737
logistic_regression,1,2022-07-15T00:00:00+00:00,SPY,1,0.016940300029933963,0.6560844660027932
logistic_regression,1,2022-07-18T00:00:00+00:00,AAPL,1,0.027283440158436756,0.5983211022989228
logistic_regression,1,2022-07-18T00:00:00+00:00,MSFT,1,0.00683624745592204,0.6267051838583672
logistic_regression,1,2022-07-18T00:00:00+00:00,QQQ,1,0.01645645713033783,0.6444237719756303
logistic_regression,1,2022-07-18T00:00:00+00:00,SPY,1,0.018061574418700932,0.6493566233770421
logistic_regression,1,2022-07-19T00:00:00+00:00,AAPL,1,0.00764393565993049,0.6165017955453415
logistic_regression,1,2022-07-19T00:00:00+00:00,MSFT,1,0.002840572576392475,0.6311158829953517
logistic_regression,1,2022-07-19T00:00:00+00:00,QQQ,0,-0.0009625154144937698,0.6556289504357038
logistic_regression,1,2022-07-19T00:00:00+00:00,SPY,1,0.0028080123628846376,0.6628368587408007
logistic_regression,1,2022-07-20T00:00:00+00:00,AAPL,1,0.01402158870755743,0.5881921307728076
logistic_regression,1,2022-07-20T00:00:00+00:00,MSFT,1,0.036263867648432146,0.6243569279692603
logistic_regression,1,2022-07-20T00:00:00+00:00,QQQ,1,0.008162706520737029,0.6333349883488317
logistic_regression,1,2022-07-20T00:00:00+00:00,SPY,1,0.017574083059263,0.6515008480430394
logistic_regression,1,2022-07-21T00:00:00+00:00,AAPL,1,0.035573652389598864,0.5895664111952992
logistic_regression,1,2022-07-21T00:00:00+00:00,MSFT,1,0.04488475755103405,0.6313413784743155
logistic_regression,1,2022-07-21T00:00:00+00:00,QQQ,1,0.014155797602986242,0.6388326365820023
logistic_regression,1,2022-07-21T00:00:00+00:00,SPY,1,0.01966710538632732,0.6592456890749604
logistic_regression,1,2022-07-22T00:00:00+00:00,AAPL,1,0.04336294891700665,0.5833139129710354
logistic_regression,1,2022-07-22T00:00:00+00:00,MSFT,1,0.06231760661052177,0.6308757555794448
logistic_regression,1,2022-07-22T00:00:00+00:00,QQQ,1,0.03643244441132332,0.6394034050274756
logistic_regression,1,2022-07-22T00:00:00+00:00,SPY,1,0.03179417589455835,0.6606391734168842
logistic_regression,1,2022-07-25T00:00:00+00:00,AAPL,1,0.049390154178769574,0.5785887903909375
logistic_regression,1,2022-07-25T00:00:00+00:00,MSFT,1,0.05998824768893618,0.6254818057190671
logistic_regression,1,2022-07-25T00:00:00+00:00,QQQ,1,0.0461085803514909,0.6313763965577325
logistic_regression,1,2022-07-25T00:00:00+00:00,SPY,1,0.036721949643835794,0.6531339313632211
logistic_regression,1,2022-07-26T00:00:00+00:00,AAPL,1,0.052029605279872104,0.5840166897594147
logistic_regression,1,2022-07-26T00:00:00+00:00,MSFT,1,0.057615681196826696,0.6203452250869709
logistic_regression,1,2022-07-26T00:00:00+00:00,QQQ,1,0.05477034909542544,0.6341554676362084
logistic_regression,1,2022-07-26T00:00:00+00:00,SPY,1,0.03834119155384341,0.6543606524436928
logistic_regression,1,2022-07-27T00:00:00+00:00,AAPL,1,0.05541053723786171,0.5646202113040782
logistic_regression,1,2022-07-27T00:00:00+00:00,MSFT,1,0.04258366344089426,0.633997829007538
logistic_regression,1,2022-07-27T00:00:00+00:00,QQQ,1,0.051321758802959305,0.6311356402527744
logistic_regression,1,2022-07-27T00:00:00+00:00,SPY,1,0.02899328429019432,0.6481536948082056
logistic_regression,1,2022-07-28T00:00:00+00:00,AAPL,1,0.01159887864076481,0.5609715878742023
logistic_regression,1,2022-07-28T00:00:00+00:00,MSFT,1,0.0032125007484118395,0.625097711512882
logistic_regression,1,2022-07-28T00:00:00+00:00,QQQ,1,0.02300099819717971,0.6330080936760787
logistic_regression,1,2022-07-28T00:00:00+00:00,SPY,1,0.0030949624868354952,0.6423137375892545
logistic_regression,1,2022-07-29T00:00:00+00:00,AAPL,1,0.032657854841822154,0.5444261501620505
logistic_regression,1,2022-07-29T00:00:00+00:00,MSFT,1,0.020381738816834805,0.6232347453575391
logistic_regression,1,2022-07-29T00:00:00+00:00,QQQ,1,0.02676620929728868,0.620678190683691
logistic_regression,1,2022-07-29T00:00:00+00:00,SPY,1,0.012881072101002644,0.635657936840887
logistic_regression,1,2022-08-01T00:00:00+00:00,AAPL,1,0.0238580099681438,0.5632278501163734
logistic_regression,1,2022-08-01T00:00:00+00:00,MSFT,1,0.01116425515831776,0.6306661458326157
logistic_regression,1,2022-08-01T00:00:00+00:00,QQQ,1,0.016659382957802782,0.631229462854273
logistic_regression,1,2022-08-01T00:00:00+00:00,SPY,1,0.005564008750697846,0.6361445483758643
logistic_regression,1,2022-08-02T00:00:00+00:00,AAPL,1,0.0418887773941341,0.5680847026371284
logistic_regression,1,2022-08-02T00:00:00+00:00,MSFT,1,0.039147023533668834,0.6189166857054099
logistic_regression,1,2022-08-02T00:00:00+00:00,QQQ,1,0.024969235311937732,0.6189359119970345
logistic_regression,1,2022-08-02T00:00:00+00:00,SPY,1,0.018628647743786253,0.6306358733570261
logistic_regression,1,2022-08-03T00:00:00+00:00,AAPL,1,0.023769436079404738,0.5671325923443101
logistic_regression,1,2022-08-03T00:00:00+00:00,MSFT,1,0.030053103337993603,0.6328338998705448
logistic_regression,1,2022-08-03T00:00:00+00:00,QQQ,1,0.01450300340504973,0.6139571019140754
logistic_regression,1,2022-08-03T00:00:00+00:00,SPY,1,0.01876326566687192,0.6279120247664038
logistic_regression,1,2022-08-04T00:00:00+00:00,AAPL,1,0.03842097204799444,0.5597673974667686
logistic_regression,1,2022-08-04T00:00:00+00:00,MSFT,1,0.03135829080793506,0.6346947960381862
logistic_regression,1,2022-08-04T00:00:00+00:00,QQQ,1,0.0198575358487032,0.6082708317135466
logistic_regression,1,2022-08-04T00:00:00+00:00,SPY,1,0.02813756256035549,0.6263922331076709
logistic_regression,1,2022-08-05T00:00:00+00:00,AAPL,1,0.028895117848106278,0.5682755046905705
logistic_regression,1,2022-08-05T00:00:00+00:00,MSFT,1,0.02242070769568416,0.6378308462915557
logistic_regression,1,2022-08-05T00:00:00+00:00,QQQ,1,0.0188162463574979,0.6099576394596358
logistic_regression,1,2022-08-05T00:00:00+00:00,SPY,1,0.020882305242397203,0.6248649753992673
logistic_regression,1,2022-08-08T00:00:00+00:00,AAPL,1,0.05130330116854753,0.5639504405457502
logistic_regression,1,2022-08-08T00:00:00+00:00,MSFT,1,0.04207748697419267,0.6278231905158559
logistic_regression,1,2022-08-08T00:00:00+00:00,QQQ,1,0.03961003539889951,0.6015448874524884
logistic_regression,1,2022-08-08T00:00:00+00:00,SPY,1,0.035552445908098695,0.6135570571118784
logistic_regression,1,2022-08-09T00:00:00+00:00,AAPL,1,0.028296829875177565,0.5525792065738006
logistic_regression,1,2022-08-09T00:00:00+00:00,MSFT,1,0.0055691164325084586,0.6172549867248992
logistic_regression,1,2022-08-09T00:00:00+00:00,QQQ,1,0.011776410347319466,0.5891540612383155
logistic_regression,1,2022-08-09T00:00:00+00:00,SPY,1,0.014993392791175397,0.6033988136856012
logistic_regression,1,2022-08-10T00:00:00+00:00,AAPL,1,0.019657003658081873,0.5465088531143145
logistic_regression,1,2022-08-10T00:00:00+00:00,MSFT,0,-0.002149192809196232,0.6010308257139654
logistic_regression,1,2022-08-10T00:00:00+00:00,QQQ,0,-0.0016029349412713945,0.5864050088297746
logistic_regression,1,2022-08-10T00:00:00+00:00,SPY,1,0.007132782040151886,0.5907739013664349
logistic_regression,1,2022-08-11T00:00:00+00:00,AAPL,1,0.016866516194749215,0.5430027164487147
logistic_regression,1,2022-08-11T00:00:00+00:00,MSFT,1,0.0015764473749102503,0.5981387111804534
logistic_regression,1,2022-08-11T00:00:00+00:00,QQQ,0,-0.002028549634892185,0.5893566895232638
logistic_regression,1,2022-08-11T00:00:00+00:00,SPY,1,0.004978190738892163,0.5977047487373321
logistic_regression,1,2022-08-12T00:00:00+00:00,AAPL,0,-0.012646018331449072,0.5216225717911959
logistic_regression,1,2022-08-12T00:00:00+00:00,MSFT,0,-0.03053637040186019,0.5830540284171596
logistic_regression,1,2022-08-12T00:00:00+00:00,QQQ,0,-0.035080894827890785,0.5713888061494071
logistic_regression,1,2022-08-12T00:00:00+00:00,SPY,0,-0.020136309092532167,0.5792306342949277
logistic_regression,1,2022-08-15T00:00:00+00:00,AAPL,0,-0.034921833555985216,0.5358452003039228
logistic_regression,1,2022-08-15T00:00:00+00:00,MSFT,0,-0.053141320961759386,0.5683202507568044
logistic_regression,1,2022-08-15T00:00:00+00:00,QQQ,0,-0.05591637716837272,0.5720203196160278
logistic_regression,1,2022-08-15T00:00:00+00:00,SPY,0,-0.03660018323233638,0.5892388142834099
logistic_regression,1,2022-08-16T00:00:00+00:00,AAPL,0,-0.03347972921438913,0.534941227793808
logistic_regression,1,2022-08-16T00:00:00+00:00,MSFT,0,-0.051357166925198205,0.5651557411280249
logistic_regression,1,2022-08-16T00:00:00+00:00,QQQ,0,-0.04888514109427067,0.5581329066030097
logistic_regression,1,2022-08-16T00:00:00+00:00,SPY,0,-0.034334324740198596,0.5789935421760289
logistic_regression,1,2022-08-17T00:00:00+00:00,AAPL,0,-0.03054519846484205,0.5218502394972003
logistic_regression,1,2022-08-17T00:00:00+00:00,MSFT,0,-0.046225414241521046,0.5637763792530675
logistic_regression,1,2022-08-17T00:00:00+00:00,QQQ,0,-0.03727623575114447,0.5585247792050142
logistic_regression,1,2022-08-17T00:00:00+00:00,SPY,0,-0.029165577881671623,0.5765810172200906
logistic_regression,1,2022-08-18T00:00:00+00:00,AAPL,0,-0.01618650739468086,0.5154419246584313
logistic_regression,1,2022-08-18T00:00:00+00:00,MSFT,0,-0.035920926788003404,0.5507849463014244
logistic_regression,1,2022-08-18T00:00:00+00:00,QQQ,0,-0.02002020810709726,0.544115628516594
logistic_regression,1,2022-08-18T00:00:00+00:00,SPY,0,-0.015125330086827593,0.5679805303661589
logistic_regression,1,2022-08-19T00:00:00+00:00,AAPL,0,-0.05222465432736423,0.5192545661276592
logistic_regression,1,2022-08-19T00:00:00+00:00,MSFT,0,-0.059419686460794874,0.5472771799749665
logistic_regression,1,2022-08-19T00:00:00+00:00,QQQ,0,-0.04549029765426482,0.5423132196877526
logistic_regression,1,2022-08-19T00:00:00+00:00,SPY,0,-0.03753408632674926,0.5638302218639635
logistic_regression,1,2022-08-22T00:00:00+00:00,AAPL,0,-0.03156540803007668,0.5209942388557176
logistic_regression,1,2022-08-22T00:00:00+00:00,MSFT,0,-0.03726938695908699,0.5408487279599586
logistic_regression,1,2022-08-22T00:00:00+00:00,QQQ,0,-0.027478551651067495,0.5340290330297894
logistic_regression,1,2022-08-22T00:00:00+00:00,SPY,0,-0.023872401610715355,0.549527016491874
logistic_regression,1,2022-08-23T00:00:00+00:00,AAPL,0,-0.04381012694374298,0.5534464001511725
logistic_regression,1,2022-08-23T00:00:00+00:00,MSFT,0,-0.03830748838521658,0.5982827262824683
logistic_regression,1,2022-08-23T00:00:00+00:00,QQQ,0,-0.03261171599721413,0.5674949144864322
logistic_regression,1,2022-08-23T00:00:00+00:00,SPY,0,-0.031494281153138126,0.5700920066705927
logistic_regression,1,2022-08-24T00:00:00+00:00,AAPL,0,-0.07378219908933714,0.5567806998843606
logistic_regression,1,2022-08-24T00:00:00+00:00,MSFT,0,-0.06842848832577486,0.5880725210074669
logistic_regression,1,2022-08-24T00:00:00+00:00,QQQ,0,-0.06534377008295544,0.5629386281792503
logistic_regression,1,2022-08-24T00:00:00+00:00,SPY,0,-0.055714835840432464,0.5736761142917993
logistic_regression,1,2022-08-25T00:00:00+00:00,AAPL,0,-0.06530579826345762,0.569059479510531
logistic_regression,1,2022-08-25T00:00:00+00:00,MSFT,0,-0.06414976521710058,0.5762224557454626
logistic_regression,1,2022-08-25T00:00:00+00:00,QQQ,0,-0.05789941820204336,0.5740337261246489
logistic_regression,1,2022-08-25T00:00:00+00:00,SPY,0,-0.047473253183787256,0.5769624963538084
logistic_regression,1,2022-08-26T00:00:00+00:00,AAPL,0,-0.030980996700804342,0.5577031980823786
logistic_regression,1,2022-08-26T00:00:00+00:00,MSFT,0,-0.03822407472794087,0.5470810340812808
logistic_regression,1,2022-08-26T00:00:00+00:00,QQQ,0,-0.031352914320100234,0.541871692834906
logistic_regression,1,2022-08-26T00:00:00+00:00,SPY,0,-0.024503860241909425,0.5570080621510511
logistic_regression,1,2022-08-29T00:00:00+00:00,AAPL,0,-0.04699525831696849,0.5524059720788961
logistic_regression,1,2022-08-29T00:00:00+00:00,MSFT,0,-0.046795558522012115,0.5305147448297064
logistic_regression,1,2022-08-29T00:00:00+00:00,QQQ,0,-0.0429485688883785,0.5311170332094296
logistic_regression,1,2022-08-29T00:00:00+00:00,SPY,0,-0.03516178692176619,0.5485486095419463
logistic_regression,1,2022-08-30T00:00:00+00:00,AAPL,0,-0.03729632322659138,0.544014286270254
logistic_regression,1,2022-08-30T00:00:00+00:00,MSFT,0,-0.03163055364104772,0.5207774998170382
logistic_regression,1,2022-08-30T00:00:00+00:00,QQQ,0,-0.025438441569312853,0.5200307510677546
logistic_regression,1,2022-08-30T00:00:00+00:00,SPY,0,-0.013327152002801212,0.5296951720645723
logistic_regression,1,2022-08-31T00:00:00+00:00,AAPL,0,-0.009452514786656874,0.5247046622020206
logistic_regression,1,2022-08-31T00:00:00+00:00,MSFT,1,0.004286395059353909,0.5057593905193842
logistic_regression,1,2022-08-31T00:00:00+00:00,QQQ,1,0.018552575977234254,0.5092415689153869
logistic_regression,1,2022-08-31T00:00:00+00:00,SPY,1,0.023022551508916633,0.519538615731562
logistic_regression,1,2022-09-01T00:00:00+00:00,AAPL,0,-0.0029976100649178328,0.5300537640452233
logistic_regression,1,2022-09-01T00:00:00+00:00,MSFT,1,0.013561167689913,0.5072425459277353
logistic_regression,1,2022-09-01T00:00:00+00:00,QQQ,1,0.018335850492265937,0.511102207539496
logistic_regression,1,2022-09-01T00:00:00+00:00,SPY,1,0.019194730743207655,0.517807800027085
logistic_regression,1,2022-09-02T00:00:00+00:00,AAPL,1,0.01987933942439324,0.5146209985367544
logistic_regression,1,2022-09-02T00:00:00+00:00,MSFT,1,0.008285620463865495,0.48560539856411983
logistic_regression,1,2022-09-02T00:00:00+00:00,QQQ,1,0.01872752002784228,0.4979197438339917
logistic_regression,1,2022-09-02T00:00:00+00:00,SPY,1,0.020087937303120418,0.5039123001367865
logistic_regression,1,2022-09-06T00:00:00+00:00,AAPL,0,-0.0021915132479179977,0.508910764161927
logistic_regression,1,2022-09-06T00:00:00+00:00,MSFT,0,-0.006582376635486331,0.4799962060599554
logistic_regression,1,2022-09-06T00:00:00+00:00,QQQ,1,0.0025240521336196142,0.49004783725949524
logistic_regression,1,2022-09-06T00:00:00+00:00,SPY,1,0.008329000832117295,0.504454582204298
logistic_regression,1,2022-09-07T00:00:00+00:00,AAPL,0,-0.001933580085476061,0.508075283888197
logistic_regression,1,2022-09-07T00:00:00+00:00,MSFT,0,-0.031995287565565245,0.4885817516126615
logistic_regression,1,2022-09-07T00:00:00+00:00,QQQ,0,-0.011344586242936439,0.5007723124993311
logistic_regression,1,2022-09-07T00:00:00+00:00,SPY,0,-0.008131653375850423,0.5111148470281586
logistic_regression,1,2022-09-08T00:00:00+00:00,AAPL,0,-0.029343773005970686,0.5130510360684573
logistic_regression,1,2022-09-08T00:00:00+00:00,MSFT,0,-0.06421513533107259,0.49935411150461617
logistic_regression,1,2022-09-08T00:00:00+00:00,QQQ,0,-0.05179425934141635,0.5109456855510951
logistic_regression,1,2022-09-08T00:00:00+00:00,SPY,0,-0.04417901843618233,0.5253706491036303
logistic_regression,1,2022-09-09T00:00:00+00:00,AAPL,0,-0.06628455092780372,0.5244252788242892
logistic_regression,1,2022-09-09T00:00:00+00:00,MSFT,0,-0.08952669481122333,0.5092297320126463
logistic_regression,1,2022-09-09T00:00:00+00:00,QQQ,0,-0.07279914561815704,0.5272324161693499
logistic_regression,1,2022-09-09T00:00:00+00:00,SPY,0,-0.06291064239966904,0.5418235065242188
logistic_regression,1,2022-09-12T00:00:00+00:00,AAPL,0,-0.04256728638006768,0.5289436275157143
logistic_regression,1,2022-09-12T00:00:00+00:00,MSFT,0,-0.06665755844765997,0.5209960374186678
logistic_regression,1,2022-09-12T00:00:00+00:00,QQQ,0,-0.044297567776726,0.5383782956410326
logistic_regression,1,2022-09-12T00:00:00+00:00,SPY,0,-0.03972030817893868,0.5547260856548862
logistic_regression,1,2022-09-13T00:00:00+00:00,AAPL,1,0.014443259422475263,0.5394739327971793
logistic_regression,1,2022-09-13T00:00:00+00:00,MSFT,0,-0.03844925652750364,0.5252502504515401
logistic_regression,1,2022-09-13T00:00:00+00:00,QQQ,0,-0.018106892023561527,0.5452840339726195
logistic_regression,1,2022-09-13T00:00:00+00:00,SPY,0,-0.019136062394727316,0.5499941119239187
logistic_regression,1,2022-09-14T00:00:00+00:00,AAPL,0,-0.016646833271520167,0.5577686837621905
logistic_regression,1,2022-09-14T00:00:00+00:00,MSFT,0,-0.04954662859954695,0.5447228314412078
logistic_regression,1,2022-09-14T00:00:00+00:00,QQQ,0,-0.04124046419237393,0.5710386797510583
logistic_regression,1,2022-09-14T00:00:00+00:00,SPY,0,-0.03966989126844911,0.5726016742067018
logistic_regression,1,2022-09-15T00:00:00+00:00,AAPL,0,-0.0021302605453478174,0.5632722252670247
logistic_regression,1,2022-09-15T00:00:00+00:00,MSFT,0,-0.021283176530969672,0.5295772725348085
logistic_regression,1,2022-09-15T00:00:00+00:00,QQQ,0,-0.035544197652973786,0.5739072935554737
logistic_regression,1,2022-09-15T00:00:00+00:00,SPY,0,-0.03722707885860277,0.5774234767102737
logistic_regression,1,2022-09-16T00:00:00+00:00,AAPL,1,0.0003417464975474793,0.5532738556593149
logistic_regression,1,2022-09-16T00:00:00+00:00,MSFT,0,-0.024306531559825317,0.538427778812273
logistic_regression,1,2022-09-16T00:00:00+00:00,QQQ,0,-0.040613483061839206,0.5809485429480508
logistic_regression,1,2022-09-16T00:00:00+00:00,SPY,0,-0.043379063796111894,0.5733107133380766
logistic_regression,1,2022-09-19T00:00:00+00:00,AAPL,0,-0.006291941665942602,0.6006438836742828
logistic_regression,1,2022-09-19T00:00:00+00:00,MSFT,0,-0.010614649423695943,0.5798656828259146
logistic_regression,1,2022-09-19T00:00:00+00:00,QQQ,0,-0.03894416901109532,0.6092428197920029
logistic_regression,1,2022-09-19T00:00:00+00:00,SPY,0,-0.04616243560276789,0.6019634232217725
logistic_regression,1,2022-09-20T00:00:00+00:00,AAPL,0,-0.0635249119612562,0.5873934382115655
logistic_regression,1,2022-09-20T00:00:00+00:00,MSFT,0,-0.032476943660768476,0.5707907498948592
logistic_regression,1,2022-09-20T00:00:00+00:00,QQQ,0,-0.05414000495218352,0.6027422712941984
logistic_regression,1,2022-09-20T00:00:00+00:00,SPY,0,-0.05816463004219996,0.5938743734516978
logistic_regression,1,2022-09-21T00:00:00+00:00,AAPL,0,-0.043128350014452255,0.5969934084696095
logistic_regression,1,2022-09-21T00:00:00+00:00,MSFT,1,0.0022815285246688966,0.5662437423404337
logistic_regression,1,2022-09-21T00:00:00+00:00,QQQ,0,-0.023727870921727456,0.583144653173009
logistic_regression,1,2022-09-21T00:00:00+00:00,SPY,0,-0.027890065877366865,0.5683203065319861
logistic_regression,1,2022-09-22T00:00:00+00:00,AAPL,0,-0.06741387424079293,0.6020388745629397
logistic_regression,1,2022-09-22T00:00:00+00:00,MSFT,0,-0.007205778201610391,0.5653570862911146
logistic_regression,1,2022-09-22T00:00:00+00:00,QQQ,0,-0.025442304598264243,0.5801722181498672
logistic_regression,1,2022-09-22T00:00:00+00:00,SPY,0,-0.025643398905858983,0.5655986068481831
logistic_regression,1,2022-09-23T00:00:00+00:00,AAPL,0,-0.07835186070657973,0.6191874289525212
logistic_regression,1,2022-09-23T00:00:00+00:00,MSFT,0,-0.008902652947352596,0.5881392149914638
logistic_regression,1,2022-09-23T00:00:00+00:00,QQQ,0,-0.023625106016233133,0.5813564235529253
logistic_regression,1,2022-09-23T00:00:00+00:00,SPY,0,-0.016515473452096252,0.5544319847623187
logistic_regression,1,2022-09-26T00:00:00+00:00,AAPL,0,-0.052374955515759325,0.6404400404889558
logistic_regression,1,2022-09-26T00:00:00+00:00,MSFT,1,0.01925292942705359,0.6121999413131873
logistic_regression,1,2022-09-26T00:00:00+00:00,QQQ,1,0.002240916446998309,0.5961256519932288
logistic_regression,1,2022-09-26T00:00:00+00:00,SPY,1,0.009879880146228093,0.571683747203555
logistic_regression,1,2022-09-27T00:00:00+00:00,AAPL,0,-0.026130210524197617,0.6528591953867908
logistic_regression,1,2022-09-27T00:00:00+00:00,MSFT,1,0.03668963081541654,0.6120536778311737
logistic_regression,1,2022-09-27T00:00:00+00:00,QQQ,1,0.011892348946226594,0.5952484545833487
logistic_regression,1,2022-09-27T00:00:00+00:00,SPY,1,0.02267939079529535,0.5603707669875275
logistic_regression,1,2022-09-28T00:00:00+00:00,AAPL,0,-0.003979370818602446,0.6375657822447957
logistic_regression,1,2022-09-28T00:00:00+00:00,MSFT,1,0.035767955430656695,0.6149833255631711
logistic_regression,1,2022-09-28T00:00:00+00:00,QQQ,1,0.016452752725422126,0.594136653080441
logistic_regression,1,2022-09-28T00:00:00+00:00,SPY,1,0.021972089434042275,0.5686302474462548
logistic_regression,1,2022-09-29T00:00:00+00:00,AAPL,1,0.006902787011787037,0.6210504611067229
logistic_regression,1,2022-09-29T00:00:00+00:00,MSFT,1,0.00893307962956591,0.6304486150212743
logistic_regression,1,2022-09-29T00:00:00+00:00,QQQ,1,0.012694338269531258,0.5948632741172774
logistic_regression,1,2022-09-29T00:00:00+00:00,SPY,1,0.01777984959469281,0.5733705454114703
logistic_regression,1,2022-09-30T00:00:00+00:00,AAPL,1,0.013959980322979515,0.5954568387566902
logistic_regression,1,2022-09-30T00:00:00+00:00,MSFT,0,-0.012003120718484195,0.6176357117977334
logistic_regression,1,2022-09-30T00:00:00+00:00,QQQ,0,-0.0011450962026332556,0.5852831206533945
logistic_regression,1,2022-09-30T00:00:00+00:00,SPY,1,0.005962191099347258,0.5534955702964568
logistic_regression,1,2022-10-03T00:00:00+00:00,AAPL,0,-0.03729934726182038,0.6001852676324337
logistic_regression,1,2022-10-03T00:00:00+00:00,MSFT,0,-0.07313556038310676,0.6291949973903641
logistic_regression,1,2022-10-03T00:00:00+00:00,QQQ,0,-0.05311626430871841,0.5978038378842735
logistic_regression,1,2022-10-03T00:00:00+00:00,SPY,0,-0.03994574226116343,0.5782225425900498
logistic_regression,1,2022-10-04T00:00:00+00:00,AAPL,0,-0.03621823613859021,0.6104746161541744
logistic_regression,1,2022-10-04T00:00:00+00:00,MSFT,0,-0.08553323825249892,0.6321373057183273
logistic_regression,1,2022-10-04T00:00:00+00:00,QQQ,0,-0.05536250210042182,0.6058810613068935
logistic_regression,1,2022-10-04T00:00:00+00:00,SPY,0,-0.0426781989285111,0.5875796416288983
logistic_regression,1,2022-10-05T00:00:00+00:00,AAPL,0,-0.07605558489348441,0.6167794378848871
logistic_regression,1,2022-10-05T00:00:00+00:00,MSFT,0,-0.11502940978264509,0.6585006283430243
logistic_regression,1,2022-10-05T00:00:00+00:00,QQQ,0,-0.09364234363488455,0.6225470671656342
logistic_regression,1,2022-10-05T00:00:00+00:00,SPY,0,-0.07216795804059284,0.6084323173818379
logistic_regression,1,2022-10-06T00:00:00+00:00,AAPL,1,0.010394723422571639,0.6067374268074307
logistic_regression,1,2022-10-06T00:00:00+00:00,MSFT,0,-0.024203539144730835,0.6516870349147337
logistic_regression,1,2022-10-06T00:00:00+00:00,QQQ,0,-0.015860085199926877,0.6195732500975205
logistic_regression,1,2022-10-06T00:00:00+00:00,SPY,0,-0.0031338494061645683,0.6113877089321789
logistic_regression,1,2022-10-07T00:00:00+00:00,AAPL,1,0.002621699286096346,0.6024647767776622
logistic_regression,1,2022-10-07T00:00:00+00:00,MSFT,1,0.009864189911270804,0.644376717719722
logistic_regression,1,2022-10-07T00:00:00+00:00,QQQ,0,-0.011114557149770055,0.6170258078351153
logistic_regression,1,2022-10-07T00:00:00+00:00,SPY,0,-0.0018610107441080492,0.6039469251486953
logistic_regression,1,2022-10-10T00:00:00+00:00,AAPL,1,0.0378794228241468,0.6328264331282554
logistic_regression,1,2022-10-10T00:00:00+00:00,MSFT,1,0.06648809946760137,0.6719452779780216
logistic_regression,1,2022-10-10T00:00:00+00:00,QQQ,1,0.04260486969430177,0.6453634319010683
logistic_regression,1,2022-10-10T00:00:00+00:00,SPY,1,0.04505496946377163,0.6365139117255745
logistic_regression,1,2022-10-11T00:00:00+00:00,AAPL,1,0.016365212544935837,0.6443199450022518
logistic_regression,1,2022-10-11T00:00:00+00:00,MSFT,1,0.04954031810495363,0.6742809984191876
logistic_regression,1,2022-10-11T00:00:00+00:00,QQQ,1,0.02274381088993671,0.6481146996199744
logistic_regression,1,2022-10-11T00:00:00+00:00,SPY,1,0.028150792460513774,0.6480422292038477
logistic_regression,1,2022-10-12T00:00:00+00:00,AAPL,1,0.05736883739728804,0.6453213503111704
logistic_regression,1,2022-10-12T00:00:00+00:00,MSFT,1,0.070270382652454,0.678350785483888
logistic_regression,1,2022-10-12T00:00:00+00:00,QQQ,1,0.05440227385439744,0.6533136858635058
logistic_regression,1,2022-10-12T00:00:00+00:00,SPY,1,0.05178739469990212,0.6504668047517377
logistic_regression,1,2022-10-13T00:00:00+00:00,AAPL,0,-0.01195651349074034,0.6354789139121186
logistic_regression,1,2022-10-13T00:00:00+00:00,MSFT,0,-0.005387528920695717,0.6690138678333442
logistic_regression,1,2022-10-13T00:00:00+00:00,QQQ,0,-0.01384734091020845,0.6410216664411376
logistic_regression,1,2022-10-13T00:00:00+00:00,SPY,0,-0.01128631196457297,0.6421778394795853
logistic_regression,1,2022-10-14T00:00:00+00:00,AAPL,1,0.04129815956032723,0.6486910257371042
logistic_regression,1,2022-10-14T00:00:00+00:00,MSFT,1,0.03160442177038325,0.6697713651797176
logistic_regression,1,2022-10-14T00:00:00+00:00,QQQ,1,0.031101822339563157,0.645026977693977
logistic_regression,1,2022-10-14T00:00:00+00:00,SPY,1,0.03057333548599539,0.6486130657701347
logistic_regression,1,2022-10-17T00:00:00+00:00,AAPL,1,0.029556168569582875,0.6364873762111195
logistic_regression,1,2022-10-17T00:00:00+00:00,MSFT,1,0.014495731576114945,0.6606591151879906
logistic_regression,1,2022-10-17T00:00:00+00:00,QQQ,1,0.008396474003670606,0.6454106779846448
logistic_regression,1,2022-10-17T00:00:00+00:00,SPY,1,0.007739154106014556,0.6562273059734232
logistic_regression,1,2022-10-18T00:00:00+00:00,AAPL,1,0.06329571206082885,0.6477328301844583
logistic_regression,1,2022-10-18T00:00:00+00:00,MSFT,0,-0.026712234715892902,0.6617051454900498
logistic_regression,1,2022-10-18T00:00:00+00:00,QQQ,1,0.029539692909508197,0.6566645245555249
logistic_regression,1,2022-10-18T00:00:00+00:00,SPY,1,0.03216200355520504,0.6720975274684301
logistic_regression,1,2022-10-19T00:00:00+00:00,AAPL,1,0.03324141684052928,0.6594006213100837
logistic_regression,1,2022-10-19T00:00:00+00:00,MSFT,0,-0.02202008913368425,0.6695378889456947
logistic_regression,1,2022-10-19T00:00:00+00:00,QQQ,1,0.024693899700065414,0.6764594338870166
logistic_regression,1,2022-10-19T00:00:00+00:00,SPY,1,0.03878658917184308,0.6841181847392358
logistic_regression,1,2022-10-20T00:00:00+00:00,AAPL,1,0.03523415721193346,0.6716706450114617
logistic_regression,1,2022-10-20T00:00:00+00:00,MSFT,0,-0.03813589243151261,0.6759922207431325
logistic_regression,1,2022-10-20T00:00:00+00:00,QQQ,1,0.01382931432242751,0.6789209092271462
logistic_regression,1,2022-10-20T00:00:00+00:00,SPY,1,0.03831917675172192,0.6874682833125585
logistic_regression,1,2022-10-21T00:00:00+00:00,AAPL,1,0.0384808430240704,0.6592443902177858
logistic_regression,1,2022-10-21T00:00:00+00:00,MSFT,0,-0.0429401067929539,0.6665104365824868
logistic_regression,1,2022-10-21T00:00:00+00:00,QQQ,1,0.0096947522218096,0.6702822950362213
logistic_regression,1,2022-10-21T00:00:00+00:00,SPY,1,0.026012417051453518,0.6815780456192081
logistic_regression,1,2022-10-24T00:00:00+00:00,AAPL,1,0.031182283982317927,0.665790322202127
logistic_regression,1,2022-10-24T00:00:00+00:00,MSFT,0,-0.05309678018761055,0.6735039345882475
logistic_regression,1,2022-10-24T00:00:00+00:00,QQQ,1,0.005466751353653709,0.6811964899561163
logistic_regression,1,2022-10-24T00:00:00+00:00,SPY,1,0.027906009256781106,0.6903922417916655
logistic_regression,1,2022-10-25T00:00:00+00:00,AAPL,0,-0.015285984010192766,0.6617840634493853
logistic_regression,1,2022-10-25T00:00:00+00:00,MSFT,0,-0.009380253684273088,0.664196312058178
logistic_regression,1,2022-10-25T00:00:00+00:00,QQQ,0,-0.014112011890032528,0.6793154474921603
logistic_regression,1,2022-10-25T00:00:00+00:00,SPY,1,0.003964611020934372,0.6885085888021214
logistic_regression,1,2022-10-26T00:00:00+00:00,AAPL,0,-0.04250607450202404,0.67103992871357
logistic_regression,1,2022-10-26T00:00:00+00:00,MSFT,0,-0.04929754831514632,0.6584410004865111
logistic_regression,1,2022-10-26T00:00:00+00:00,QQQ,0,-0.051683316581029426,0.6789701926102563
logistic_regression,1,2022-10-26T00:00:00+00:00,SPY,0,-0.03221922885000883,0.6800969234032513
logistic_regression,1,2022-10-27T00:00:00+00:00,AAPL,0,-0.04155639858441307,0.6669729255439988
logistic_regression,1,2022-10-27T00:00:00+00:00,MSFT,0,-0.040331851267243146,0.6682696009645016
logistic_regression,1,2022-10-27T00:00:00+00:00,QQQ,0,-0.026560257720489422,0.67656814968458
logistic_regression,1,2022-10-27T00:00:00+00:00,SPY,0,-0.009538336598924446,0.6768255693909146
logistic_regression,1,2022-10-28T00:00:00+00:00,AAPL,0,-0.1050989766941931,0.6514293916725709
logistic_regression,1,2022-10-28T00:00:00+00:00,MSFT,0,-0.0522479170875535,0.6706354996503382
logistic_regression,1,2022-10-28T00:00:00+00:00,QQQ,0,-0.04912148073759215,0.6757974001173711
logistic_regression,1,2022-10-28T00:00:00+00:00,SPY,0,-0.024543348628011885,0.6744505263496021
logistic_regression,1,2022-10-31T00:00:00+00:00,AAPL,0,-0.09490640174409593,0.658815444377562
logistic_regression,1,2022-10-31T00:00:00+00:00,MSFT,0,-0.027096926692427248,0.6715718247640314
logistic_regression,1,2022-10-31T00:00:00+00:00,QQQ,0,-0.04581775366984686,0.6741436098410455
logistic_regression,1,2022-10-31T00:00:00+00:00,SPY,0,-0.025097453533789116,0.6645386413663648
logistic_regression,1,2022-11-01T00:00:00+00:00,AAPL,0,-0.07047599337487354,0.6605491967974422
logistic_regression,1,2022-11-01T00:00:00+00:00,MSFT,0,-0.011088249052332966,0.6712454435217018
logistic_regression,1,2022-11-01T00:00:00+00:00,QQQ,0,-0.028555249909598124,0.6726321333364794
logistic_regression,1,2022-11-01T00:00:00+00:00,SPY,0,-0.012318529455172755,0.6613425453099496
logistic_regression,1,2022-11-02T00:00:00+00:00,AAPL,0,-0.006112362646040315,0.6544359117247449
logistic_regression,1,2022-11-02T00:00:00+00:00,MSFT,1,0.06756145809631864,0.6200310668218132
logistic_regression,1,2022-11-02T00:00:00+00:00,QQQ,1,0.04733094912973157,0.6550961450926416
logistic_regression,1,2022-11-02T00:00:00+00:00,SPY,1,0.04254647561767366,0.6444249455842198
logistic_regression,1,2022-11-03T00:00:00+00:00,AAPL,1,0.024200434228363044,0.6451519486636141
logistic_regression,1,2022-11-03T00:00:00+00:00,MSFT,1,0.11470684383168028,0.5958860950880431
logistic_regression,1,2022-11-03T00:00:00+00:00,QQQ,1,0.06200996621570454,0.6437619604082414
logistic_regression,1,2022-11-03T00:00:00+00:00,SPY,1,0.047213929827367274,0.6363162174743255
logistic_regression,1,2022-11-04T00:00:00+00:00,AAPL,1,0.08432917859370259,0.6522107179137612
logistic_regression,1,2022-11-04T00:00:00+00:00,MSFT,1,0.08791589377271714,0.6128061121127961
logistic_regression,1,2022-11-04T00:00:00+00:00,QQQ,1,0.07352307773652988,0.644588488400426
logistic_regression,1,2022-11-04T00:00:00+00:00,SPY,1,0.048072480713371224,0.6329695494598567
logistic_regression,1,2022-11-07T00:00:00+00:00,AAPL,1,0.08194475131905188,0.6515055074603407
logistic_regression,1,2022-11-07T00:00:00+00:00,MSFT,1,0.07201196366752027,0.6108750823995213
logistic_regression,1,2022-11-07T00:00:00+00:00,QQQ,1,0.08354778684597197,0.6467628476976779
logistic_regression,1,2022-11-07T00:00:00+00:00,SPY,1,0.05048016147780898,0.6306452351623395
logistic_regression,1,2022-11-08T00:00:00+00:00,AAPL,1,0.0745994141762043,0.6433342081341216
logistic_regression,1,2022-11-08T00:00:00+00:00,MSFT,1,0.06868858868603733,0.614133366974452
logistic_regression,1,2022-11-08T00:00:00+00:00,QQQ,1,0.07116732724410002,0.6417392613939641
logistic_regression,1,2022-11-08T00:00:00+00:00,SPY,1,0.042263762507651625,0.6268135986615616
logistic_regression,1,2022-11-09T00:00:00+00:00,AAPL,1,0.034674312877229774,0.6233637072218406
logistic_regression,1,2022-11-09T00:00:00+00:00,MSFT,1,0.010804314180879127,0.6040243948105497
logistic_regression,1,2022-11-09T00:00:00+00:00,QQQ,1,0.015611087839673798,0.6293789671524784
logistic_regression,1,2022-11-09T00:00:00+00:00,SPY,1,0.004200007609775014,0.6181478834794727
logistic_regression,1,2022-11-10T00:00:00+00:00,AAPL,1,0.0424199687246658,0.6070028205503103
logistic_regression,1,2022-11-10T00:00:00+00:00,MSFT,1,0.002956431990639219,0.5963609309610353
logistic_regression,1,2022-11-10T00:00:00+00:00,QQQ,1,0.016827380451920337,0.6376901748888925
logistic_regression,1,2022-11-10T00:00:00+00:00,SPY,1,0.0034262150199753094,0.6118122739785558
logistic_regression,1,2022-11-11T00:00:00+00:00,AAPL,1,0.0059742034730903,0.6077571031071677
logistic_regression,1,2022-11-11T00:00:00+00:00,MSFT,0,-0.0015016897732004209,0.6158101415575729
logistic_regression,1,2022-11-11T00:00:00+00:00,QQQ,0,-0.010586245457332,0.6421407845694002
logistic_regression,1,2022-11-11T00:00:00+00:00,SPY,0,-0.007080471871953153,0.6356737178823414
logistic_regression,1,2022-11-14T00:00:00+00:00,AAPL,0,-0.028813618335745583,0.6128122841743385
logistic_regression,1,2022-11-14T00:00:00+00:00,MSFT,0,-0.007618431212693455,0.6296906490417883
logistic_regression,1,2022-11-14T00:00:00+00:00,QQQ,0,-0.0346828030070474,0.6459981945134379
logistic_regression,1,2022-11-14T00:00:00+00:00,SPY,0,-0.013243036865774438,0.6360483744029548
logistic_regression,1,2022-11-15T00:00:00+00:00,AAPL,1,0.00014346827290800945,0.6117471180177441
logistic_regression,1,2022-11-15T00:00:00+00:00,MSFT,1,0.0075386417395704175,0.6296911338061167
logistic_regression,1,2022-11-15T00:00:00+00:00,QQQ,0,-0.00692897455425967,0.6420538244260079
logistic_regression,1,2022-11-15T00:00:00+00:00,SPY,1,0.004969262195964497,0.6319322976165872
logistic_regression,1,2022-11-16T00:00:00+00:00,AAPL,1,0.010815108925061656,0.5984806522084246
logistic_regression,1,2022-11-16T00:00:00+00:00,MSFT,1,0.0380010872373433,0.6189985555061301
logistic_regression,1,2022-11-16T00:00:00+00:00,QQQ,1,0.02042203182206581,0.6341948031640575
logistic_regression,1,2022-11-16T00:00:00+00:00,SPY,1,0.027063142028934895,0.6210335161173266
logistic_regression,1,2022-11-17T00:00:00+00:00,AAPL,0,-0.04897890490013668,0.6211581662667469
logistic_regression,1,2022-11-17T00:00:00+00:00,MSFT,1,0.008534934518173332,0.6420882249086133
logistic_regression,1,2022-11-17T00:00:00+00:00,QQQ,0,-0.012363051472656261,0.6504657451242092
logistic_regression,1,2022-11-17T00:00:00+00:00,SPY,1,0.00138928915903902,0.6420429138340721
logistic_regression,1,2022-11-18T00:00:00+00:00,AAPL,0,-0.04101179074544281,0.6236590098041288
logistic_regression,1,2022-11-18T00:00:00+00:00,MSFT,0,-0.002121822890344016,0.636111837349431
logistic_regression,1,2022-11-18T00:00:00+00:00,QQQ,0,-0.003617805669849372,0.6457877608166542
logistic_regression,1,2022-11-18T00:00:00+00:00,SPY,1,0.0015675516409148216,0.6330047656178032
logistic_regression,1,2022-11-21T00:00:00+00:00,AAPL,0,-0.047340254475227495,0.6177244162194102
logistic_regression,1,2022-11-21T00:00:00+00:00,MSFT,0,-0.014371200527928618,0.6198688232604077
logistic_regression,1,2022-11-21T00:00:00+00:00,QQQ,0,-0.00835392322283568,0.6347608143905092
logistic_regression,1,2022-11-21T00:00:00+00:00,SPY,0,-0.004866471313311194,0.6219496409963663
logistic_regression,1,2022-11-22T00:00:00+00:00,AAPL,0,-0.010278649766014003,0.6218425660730522
logistic_regression,1,2022-11-22T00:00:00+00:00,MSFT,1,0.033669586205801405,0.6373839992333254
logistic_regression,1,2022-11-22T00:00:00+00:00,QQQ,1,0.024943683659996996,0.6345652153555613
logistic_regression,1,2022-11-22T00:00:00+00:00,SPY,1,0.021031673834658537,0.6189350914599715
logistic_regression,1,2022-11-23T00:00:00+00:00,AAPL,0,-0.017811241488596585,0.6177662113426221
logistic_regression,1,2022-11-23T00:00:00+00:00,MSFT,1,0.008131002163101586,0.6301133802937746
logistic_regression,1,2022-11-23T00:00:00+00:00,QQQ,1,0.0026934549035706468,0.6268619253848031
logistic_regression,1,2022-11-23T00:00:00+00:00,SPY,0,-0.0009547747803807516,0.6123172308004643
logistic_regression,1,2022-11-25T00:00:00+00:00,AAPL,1,0.016086336197339346,0.6315481634840471
logistic_regression,1,2022-11-25T00:00:00+00:00,MSFT,1,0.022051703093197927,0.6301166333322393
logistic_regression,1,2022-11-25T00:00:00+00:00,QQQ,1,0.017198089340950684,0.632416410233003
logistic_regression,1,2022-11-25T00:00:00+00:00,SPY,1,0.010155465081482351,0.6144734758828798
logistic_regression,1,2022-11-28T00:00:00+00:00,AAPL,1,0.01723053891676951,0.6218613202088762
logistic_regression,1,2022-11-28T00:00:00+00:00,MSFT,1,0.03694638459226951,0.6137543004807352
logistic_regression,1,2022-11-28T00:00:00+00:00,QQQ,1,0.014015712372232203,0.6174602954492276
logistic_regression,1,2022-11-28T00:00:00+00:00,SPY,1,0.00649428103774885,0.6024991736082023
logistic_regression,1,2022-11-29T00:00:00+00:00,AAPL,1,0.0035779703794946993,0.6159039484342365
logistic_regression,1,2022-11-29T00:00:00+00:00,MSFT,1,0.01567465572931548,0.608341290584854
logistic_regression,1,2022-11-29T00:00:00+00:00,QQQ,0,-0.003312680941664592,0.606020914531212
logistic_regression,1,2022-11-29T00:00:00+00:00,SPY,0,-0.008432776655298513,0.5956657005124563
logistic_regression,1,2022-11-30T00:00:00+00:00,AAPL,0,-0.04139017564927938,0.6100069896857748
logistic_regression,1,2022-11-30T00:00:00+00:00,MSFT,0,-0.03749622837679911,0.5790261510997207
logistic_regression,1,2022-11-30T00:00:00+00:00,QQQ,0,-0.04202810852630001,0.5913407463903573
logistic_regression,1,2022-11-30T00:00:00+00:00,SPY,0,-0.03527532496886421,0.5790774291628467
logistic_regression,1,2022-12-01T00:00:00+00:00,AAPL,0,-0.026749973330207344,0.6245089718423055
logistic_regression,1,2022-12-01T00:00:00+00:00,MSFT,0,-0.022451953372607414,0.5975628593996116
logistic_regression,1,2022-12-01T00:00:00+00:00,QQQ,0,-0.02181710415583904,0.610909130288052
logistic_regression,1,2022-12-01T00:00:00+00:00,SPY,0,-0.02013451393102561,0.6003206407649365
logistic_regression,1,2022-12-02T00:00:00+00:00,AAPL,0,-0.03623971039706331,0.6196140973848087
logistic_regression,1,2022-12-02T00:00:00+00:00,MSFT,0,-0.02005647925793086,0.6220469105526871
logistic_regression,1,2022-12-02T00:00:00+00:00,QQQ,0,-0.030042842900007916,0.6157121381149508
logistic_regression,1,2022-12-02T00:00:00+00:00,SPY,0,-0.02630880858840079,0.6008254513103217
logistic_regression,1,2022-12-05T00:00:00+00:00,AAPL,1,0.014491372890182541,0.6144670725373417
logistic_regression,1,2022-12-05T00:00:00+00:00,MSFT,1,0.04125331553741196,0.6165878295670293
logistic_regression,1,2022-12-05T00:00:00+00:00,QQQ,1,0.02983608057821141,0.6101477722948907
logistic_regression,1,2022-12-05T00:00:00+00:00,SPY,1,0.02498722999311198,0.5943170761940203
logistic_regression,1,2022-12-06T00:00:00+00:00,AAPL,1,0.020181381655256514,0.6044867667325885
logistic_regression,1,2022-12-06T00:00:00+00:00,MSFT,1,0.04814060659669672,0.602281615879518
logistic_regression,1,2022-12-06T00:00:00+00:00,QQQ,1,0.024974297328036688,0.591424836303407
logistic_regression,1,2022-12-06T00:00:00+00:00,SPY,1,0.02002229774191755,0.5791705366156917
logistic_regression,1,2022-12-07T00:00:00+00:00,AAPL,0,-0.010760787492983148,0.6154150183608361
logistic_regression,1,2022-12-07T00:00:00+00:00,MSFT,1,0.034198032249391996,0.6104225593716756
logistic_regression,1,2022-12-07T00:00:00+00:00,QQQ,0,-0.0005112842524045424,0.6017890100144733
logistic_regression,1,2022-12-07T00:00:00+00:00,SPY,0,-0.004119498020786816,0.5858505015646397
logistic_regression,1,2022-12-08T00:00:00+00:00,AAPL,0,-0.0416124390177397,0.6454467933015476
logistic_regression,1,2022-12-08T00:00:00+00:00,MSFT,1,0.013704226145915932,0.6545145333909901
logistic_regression,1,2022-12-08T00:00:00+00:00,QQQ,0,-0.025323503139868975,0.6442133571659608
logistic_regression,1,2022-12-08T00:00:00+00:00,SPY,0,-0.0221915783925144,0.6179868073656498
logistic_regression,1,2022-12-09T00:00:00+00:00,AAPL,0,-0.0550802151893256,0.6173248602584328
logistic_regression,1,2022-12-09T00:00:00+00:00,MSFT,0,-0.01244382028475699,0.6272144407132719
logistic_regression,1,2022-12-09T00:00:00+00:00,QQQ,0,-0.029206880330838292,0.6177044598936187
logistic_regression,1,2022-12-09T00:00:00+00:00,SPY,0,-0.02448259372342665,0.5988327091130261
logistic_regression,1,2022-12-12T00:00:00+00:00,AAPL,0,-0.12289278122022995,0.6160410424093511
logistic_regression,1,2022-12-12T00:00:00+00:00,MSFT,0,-0.08700480775543773,0.617331473641974
logistic_regression,1,2022-12-12T00:00:00+00:00,QQQ,0,-0.09433669162235558,0.6122801548330491
logistic_regression,1,2022-12-12T00:00:00+00:00,SPY,0,-0.07315536976212045,0.5948355135376439
logistic_regression,1,2022-12-13T00:00:00+00:00,AAPL,0,-0.08693307338787792,0.600885416578286
logistic_regression,1,2022-12-13T00:00:00+00:00,MSFT,0,-0.061925511380353515,0.5987706161918808
logistic_regression,1,2022-12-13T00:00:00+00:00,QQQ,0,-0.06021234270761866,0.5938339365122913
logistic_regression,1,2022-12-13T00:00:00+00:00,SPY,0,-0.04324930744255229,0.5793639001283829
logistic_regression,1,2022-12-14T00:00:00+00:00,AAPL,0,-0.049808396217564055,0.6023155199793575
logistic_regression,1,2022-12-14T00:00:00+00:00,MSFT,0,-0.0510090796328162,0.5972916863441949
logistic_regression,1,2022-12-14T00:00:00+00:00,QQQ,0,-0.04195144943454998,0.5975709511359266
logistic_regression,1,2022-12-14T00:00:00+00:00,SPY,0,-0.026020537355447515,0.5850511049747367
logistic_regression,1,2022-12-15T00:00:00+00:00,AAPL,0,-0.044125836059882406,0.5871937971582456
logistic_regression,1,2022-12-15T00:00:00+00:00,MSFT,0,-0.05194833625681361,0.5980735366844357
logistic_regression,1,2022-12-15T00:00:00+00:00,QQQ,0,-0.03847299138272453,0.5900982481480112
logistic_regression,1,2022-12-15T00:00:00+00:00,SPY,0,-0.01632622767389713,0.5733172002618299
logistic_regression,1,2022-12-16T00:00:00+00:00,AAPL,0,-0.02954992301780257,0.5682925522243869
logistic_regression,1,2022-12-16T00:00:00+00:00,MSFT,0,-0.02710492499451167,0.5571909960697775
logistic_regression,1,2022-12-16T00:00:00+00:00,QQQ,0,-0.027980542511093498,0.5777108712281102
logistic_regression,1,2022-12-16T00:00:00+00:00,SPY,0,-0.0037676871724001693,0.5600965050591298
logistic_regression,1,2022-12-19T00:00:00+00:00,AAPL,0,-0.015062865910307699,0.5840739390898996
logistic_regression,1,2022-12-19T00:00:00+00:00,MSFT,0,-0.012461697987820042,0.6068763792241676
logistic_regression,1,2022-12-19T00:00:00+00:00,QQQ,0,-0.022027643432484867,0.5792748717141942
logistic_regression,1,2022-12-19T00:00:00+00:00,SPY,1,0.0035282584848763676,0.5685129806452268
logistic_regression,1,2022-12-20T00:00:00+00:00,AAPL,0,-0.03944725353218104,0.58616680400606
logistic_regression,1,2022-12-20T00:00:00+00:00,MSFT,0,-0.026938897026188124,0.6117537052675834
logistic_regression,1,2022-12-20T00:00:00+00:00,QQQ,0,-0.03017516772522011,0.5761228434601005
logistic_regression,1,2022-12-20T00:00:00+00:00,SPY,0,-0.011424546377149292,0.5629293890796294
logistic_regression,1,2022-12-21T00:00:00+00:00,AAPL,0,-0.046122357157669214,0.5796869400325414
logistic_regression,1,2022-12-21T00:00:00+00:00,MSFT,0,-0.014614650110879701,0.6090983218670061
logistic_regression,1,2022-12-21T00:00:00+00:00,QQQ,0,-0.026949814276227224,0.5796251233181275
logistic_regression,1,2022-12-21T00:00:00+00:00,SPY,0,-0.008276956146625603,0.5688508045683783
logistic_regression,1,2022-12-22T00:00:00+00:00,AAPL,0,-0.006876694633554226,0.592898267996965
logistic_regression,1,2022-12-22T00:00:00+00:00,MSFT,1,0.02746327832255835,0.5902576528059958
logistic_regression,1,2022-12-22T00:00:00+00:00,QQQ,1,0.009956817418076858,0.5638715562585529
logistic_regression,1,2022-12-22T00:00:00+00:00,SPY,1,0.010409605140160094,0.5643947684077897
logistic_regression,1,2022-12-23T00:00:00+00:00,AAPL,0,-0.03610534263398579,0.582992648918036
logistic_regression,1,2022-12-23T00:00:00+00:00,MSFT,0,-0.028839857655642454,0.5678065261891139
logistic_regression,1,2022-12-23T00:00:00+00:00,QQQ,0,-0.0023717823643850666,0.5433160634454836
logistic_regression,1,2022-12-23T00:00:00+00:00,SPY,0,-0.0009812089835835591,0.5559922046180522
logistic_regression,1,2022-12-27T00:00:00+00:00,AAPL,0,-0.02154709021523138,0.5927598657549189
logistic_regression,1,2022-12-27T00:00:00+00:00,MSFT,0,-0.04282115392533081,0.5888482178253904
logistic_regression,1,2022-12-27T00:00:00+00:00,QQQ,1,0.001301234051204192,0.5638429370750384
logistic_regression,1,2022-12-27T00:00:00+00:00,SPY,0,-0.0009770788666279007,0.5813880881986848
logistic_regression,1,2022-12-28T00:00:00+00:00,AAPL,0,-0.01743713389417645,0.5789477664396734
logistic_regression,1,2022-12-28T00:00:00+00:00,MSFT,0,-0.055572015153313226,0.5753917778577735
logistic_regression,1,2022-12-28T00:00:00+00:00,QQQ,0,-0.000517847377609737,0.5489976157167261
logistic_regression,1,2022-12-28T00:00:00+00:00,SPY,1,0.005836001314592831,0.5671849801207466
logistic_regression,1,2022-12-29T00:00:00+00:00,AAPL,1,0.01401227024170315,0.5765560287890205
logistic_regression,1,2022-12-29T00:00:00+00:00,MSFT,0,-0.05126763698273318,0.5696864999382322
logistic_regression,1,2022-12-29T00:00:00+00:00,QQQ,1,0.02529721009769914,0.554877466176865
logistic_regression,1,2022-12-29T00:00:00+00:00,SPY,1,0.023513102299643762,0.5827817486900314
logistic_regression,1,2022-12-30T00:00:00+00:00,AAPL,0,-0.0021512086052943857,0.5721875413137487
logistic_regression,1,2022-12-30T00:00:00+00:00,MSFT,0,-0.06489673605361812,0.5644814534419778
logistic_regression,1,2022-12-30T00:00:00+00:00,QQQ,1,0.0011227100274493473,0.5584751381349818
logistic_regression,1,2022-12-30T00:00:00+00:00,SPY,1,0.005479823294047836,0.5792222289449942
logistic_regression,1,2023-01-03T00:00:00+00:00,AAPL,1,0.032293727333313704,0.5811317667288308
logistic_regression,1,2023-01-03T00:00:00+00:00,MSFT,0,-0.006251773061569099,0.5666367940018108
logistic_regression,1,2023-01-03T00:00:00+00:00,QQQ,1,0.025249966640231936,0.5776022707105538
logistic_regression,1,2023-01-03T00:00:00+00:00,SPY,1,0.02157304527642312,0.6004263892610342
logistic_regression,1,2023-01-04T00:00:00+00:00,AAPL,1,0.05099120987200689,0.589940906668147
logistic_regression,1,2023-01-04T00:00:00+00:00,MSFT,1,0.03340629514941407,0.5424935245894401
logistic_regression,1,2023-01-04T00:00:00+00:00,QQQ,1,0.051220565201468116,0.5736048601430169
logistic_regression,1,2023-01-04T00:00:00+00:00,SPY,1,0.037088587092648284,0.6003552707357517
logistic_regression,1,2023-01-05T00:00:00+00:00,AAPL,1,0.045680765291111536,0.5882921137321814
logistic_regression,1,2023-01-05T00:00:00+00:00,MSFT,1,0.060656662981687814,0.523601557353345
logistic_regression,1,2023-01-05T00:00:00+00:00,QQQ,1,0.0478359348569084,0.5812034978825356
logistic_regression,1,2023-01-05T00:00:00+00:00,SPY,1,0.0267205437693514,0.602164111071068
logistic_regression,1,2023-01-06T00:00:00+00:00,AAPL,1,0.03135266963112171,0.5983138810262785
logistic_regression,1,2023-01-06T00:00:00+00:00,MSFT,1,0.04877262548339112,0.5236142026721253
logistic_regression,1,2023-01-06T00:00:00+00:00,QQQ,1,0.03463064609301103,0.5893016309715056
logistic_regression,1,2023-01-06T00:00:00+00:00,SPY,1,0.01873564622200452,0.6062551746801009
logistic_regression,1,2023-01-09T00:00:00+00:00,AAPL,1,0.04826224475914587,0.6061755301941012
logistic_regression,1,2023-01-09T00:00:00+00:00,MSFT,1,0.05851485715248139,0.5480760264926032
logistic_regression,1,2023-01-09T00:00:00+00:00,QQQ,1,0.048440870016884574,0.5992727374837716
logistic_regression,1,2023-01-09T00:00:00+00:00,SPY,1,0.02830937730479577,0.6170318749122494
logistic_regression,1,2023-01-10T00:00:00+00:00,AAPL,1,0.019520680227705034,0.6071826294163795
logistic_regression,1,2023-01-10T00:00:00+00:00,MSFT,1,0.008746157917746133,0.5575322795949953
logistic_regression,1,2023-01-10T00:00:00+00:00,QQQ,1,0.006382040339129702,0.6122378017055504
logistic_regression,1,2023-01-10T00:00:00+00:00,SPY,0,-0.009300665882384762,0.6287203910570299
logistic_regression,1,2023-01-11T00:00:00+00:00,AAPL,1,0.0084383864255404,0.5988908359716837
logistic_regression,1,2023-01-11T00:00:00+00:00,MSFT,0,-0.003694897419705301,0.5484949752394475
logistic_regression,1,2023-01-11T00:00:00+00:00,QQQ,0,-0.00677040565519782,0.6079267016063717
logistic_regression,1,2023-01-11T00:00:00+00:00,SPY,0,-0.018527780086915135,0.6305449067793865
logistic_regression,1,2023-01-12T00:00:00+00:00,AAPL,1,0.044035547309395184,0.613663141923011
logistic_regression,1,2023-01-12T00:00:00+00:00,MSFT,1,0.015267258997411659,0.5537642236210795
logistic_regression,1,2023-01-12T00:00:00+00:00,QQQ,1,0.023411809589986676,0.620771101796937
logistic_regression,1,2023-01-12T00:00:00+00:00,SPY,1,0.005861827151597332,0.638816826518331
logistic_regression,1,2023-01-13T00:00:00+00:00,AAPL,1,0.038564829801081224,0.6599384644997722
logistic_regression,1,2023-01-13T00:00:00+00:00,MSFT,1,0.016999978906738766,0.5930127315538416
logistic_regression,1,2023-01-13T00:00:00+00:00,QQQ,1,0.021248537942502477,0.6479251625829431
logistic_regression,1,2023-01-13T00:00:00+00:00,SPY,0,-0.0009962123799003297,0.6509752581080385
logistic_regression,1,2023-01-17T00:00:00+00:00,AAPL,1,0.027689565827886398,0.6667207473637089
logistic_regression,1,2023-01-17T00:00:00+00:00,MSFT,0,-0.03128899218422487,0.6176231493102892
logistic_regression,1,2023-01-17T00:00:00+00:00,QQQ,1,0.0003287389317934153,0.6548748708596268
logistic_regression,1,2023-01-17T00:00:00+00:00,SPY,0,-0.009651661292680136,0.6543243699381777
logistic_regression,1,2023-01-18T00:00:00+00:00,AAPL,1,0.06566186748655034,0.6776673781811081
logistic_regression,1,2023-01-18T00:00:00+00:00,MSFT,1,0.04013683808824697,0.6407029591795025
logistic_regression,1,2023-01-18T00:00:00+00:00,QQQ,1,0.05219776423353051,0.6600287536935868
logistic_regression,1,2023-01-18T00:00:00+00:00,SPY,1,0.033297133670547874,0.651892247853524
logistic_regression,1,2023-01-19T00:00:00+00:00,AAPL,1,0.05613519735606243,0.6792826444826102
logistic_regression,1,2023-01-19T00:00:00+00:00,MSFT,1,0.058045275010097486,0.6410342386792779
logistic_regression,1,2023-01-19T00:00:00+00:00,QQQ,1,0.05284377202019419,0.6564586917775711
logistic_regression,1,2023-01-19T00:00:00+00:00,SPY,1,0.03269281553034875,0.6441994675076279
logistic_regression,1,2023-01-20T00:00:00+00:00,AAPL,1,0.047425306727520544,0.661995772722165
logistic_regression,1,2023-01-20T00:00:00+00:00,MSFT,1,0.012117095955327839,0.6373674821342727
logistic_regression,1,2023-01-20T00:00:00+00:00,QQQ,1,0.031053187052360043,0.6505817777978795
logistic_regression,1,2023-01-20T00:00:00+00:00,SPY,1,0.013297142422872499,0.6403883765925673
logistic_regression,1,2023-01-23T00:00:00+00:00,AAPL,1,0.015001199814104194,0.6432395806534815
logistic_regression,1,2023-01-23T00:00:00+00:00,MSFT,1,0.0019114951187235718,0.6459535690720294
logistic_regression,1,2023-01-23T00:00:00+00:00,QQQ,1,0.008422822741433356,0.637724292885699
logistic_regression,1,2023-01-23T00:00:00+00:00,SPY,1,0.003631727037340715,0.6383659526680268
logistic_regression,1,2023-01-24T00:00:00+00:00,AAPL,1,0.01981945724076084,0.64288456062845
logistic_regression,1,2023-01-24T00:00:00+00:00,MSFT,1,0.05554628452559651,0.6528483798323048
logistic_regression,1,2023-01-24T00:00:00+00:00,QQQ,1,0.03542194480948857,0.6468993908479331
logistic_regression,1,2023-01-24T00:00:00+00:00,SPY,1,0.021342065212546668,0.6476793869341921
logistic_regression,1,2023-01-25T00:00:00+00:00,AAPL,1,0.0379445641575229,0.6268182617379772
logistic_regression,1,2023-01-25T00:00:00+00:00,MSFT,1,0.06013937405410674,0.6127634504751502
logistic_regression,1,2023-01-25T00:00:00+00:00,QQQ,1,0.05403310723567678,0.6227975739436042
logistic_regression,1,2023-01-25T00:00:00+00:00,SPY,1,0.027041144711971166,0.6218230180321875
logistic_regression,1,2023-01-26T00:00:00+00:00,AAPL,1,0.0319518908160632,0.6142380290681981
logistic_regression,1,2023-01-26T00:00:00+00:00,MSFT,1,0.0402886997292311,0.6078257037292814
logistic_regression,1,2023-01-26T00:00:00+00:00,QQQ,1,0.04222822268475879,0.6018258661848789
logistic_regression,1,2023-01-26T00:00:00+00:00,SPY,1,0.017608018955279636,0.6109448726763247
logistic_regression,1,2023-01-27T00:00:00+00:00,AAPL,1,0.05039423328269321,0.6013246271606391
logistic_regression,1,2023-01-27T00:00:00+00:00,MSFT,1,0.05077767386885257,0.6299634172533041
logistic_regression,1,2023-01-27T00:00:00+00:00,QQQ,1,0.03404753589105458,0.6077559747516326
logistic_regression,1,2023-01-27T00:00:00+00:00,SPY,1,0.015320858204010523,0.626507174159915
logistic_regression,1,2023-01-30T00:00:00+00:00,AAPL,1,0.05353219822831701,0.6010930164603586
logistic_regression,1,2023-01-30T00:00:00+00:00,MSFT,1,0.06802009407712029,0.6320277736762575
logistic_regression,1,2023-01-30T00:00:00+00:00,QQQ,1,0.043208206571204055,0.6078804356236696
logistic_regression,1,2023-01-30T00:00:00+00:00,SPY,1,0.017258714992606894,0.6198516335419724
logistic_regression,1,2023-01-31T00:00:00+00:00,AAPL,1,0.06669824614696584,0.5946898467504423
logistic_regression,1,2023-01-31T00:00:00+00:00,MSFT,1,0.09941197761405585,0.6291476280639418
logistic_regression,1,2023-01-31T00:00:00+00:00,QQQ,1,0.045900391348977054,0.5979902477872413
logistic_regression,1,2023-01-31T00:00:00+00:00,SPY,1,0.01750829590697167,0.6174554475848506
logistic_regression,1,2023-02-01T00:00:00+00:00,AAPL,1,0.0307102709716911,0.578925119138658
logistic_regression,1,2023-02-01T00:00:00+00:00,MSFT,1,0.05576421046019564,0.6138339026200781
logistic_regression,1,2023-02-01T00:00:00+00:00,QQQ,1,0.0021229690274249258,0.5766284746180875
logistic_regression,1,2023-02-01T00:00:00+00:00,SPY,0,-0.003080534804743462,0.6055617559377389
logistic_regression,1,2023-02-02T00:00:00+00:00,AAPL,1,0.009181518830927882,0.5392518705319848
logistic_regression,1,2023-02-02T00:00:00+00:00,MSFT,1,0.005653909548643865,0.5996569144958209
logistic_regression,1,2023-02-02T00:00:00+00:00,QQQ,0,-0.01986715124464744,0.5566522866499427
logistic_regression,1,2023-02-02T00:00:00+00:00,SPY,0,-0.015891924476113428,0.6017469631271545
logistic_regression,1,2023-02-03T00:00:00+00:00,AAPL,0,-0.011087246174162901,0.5446732905914673
logistic_regression,1,2023-02-03T00:00:00+00:00,MSFT,1,0.03754407399966908,0.6148867024405891
logistic_regression,1,2023-02-03T00:00:00+00:00,QQQ,0,-0.009823825742268588,0.5873621904299253
logistic_regression,1,2023-02-03T00:00:00+00:00,SPY,0,-0.004604028341641864,0.6186736301680041
logistic_regression,1,2023-02-06T00:00:00+00:00,AAPL,1,0.009346033235371864,0.5471316616274131
logistic_regression,1,2023-02-06T00:00:00+00:00,MSFT,1,0.04450644729180242,0.6092875234147587
logistic_regression,1,2023-02-06T00:00:00+00:00,QQQ,0,-0.003872685987324709,0.5844010655111702
logistic_regression,1,2023-02-06T00:00:00+00:00,SPY,1,0.003787006991060382,0.6108015526797752
logistic_regression,1,2023-02-07T00:00:00+00:00,AAPL,0,-0.005475792725199491,0.5348349846926946
logistic_regression,1,2023-02-07T00:00:00+00:00,MSFT,0,-0.017369729070817463,0.5866808077786565
logistic_regression,1,2023-02-07T00:00:00+00:00,QQQ,0,-0.013771906488431296,0.5746097150922305
logistic_regression,1,2023-02-07T00:00:00+00:00,SPY,0,-0.008713662107962206,0.6026412871281281
logistic_regression,1,2023-02-08T00:00:00+00:00,AAPL,0,-0.002229168426413519,0.5579907253742614
logistic_regression,1,2023-02-08T00:00:00+00:00,MSFT,0,-0.03523592174948409,0.5978794016976542
logistic_regression,1,2023-02-08T00:00:00+00:00,QQQ,0,-0.016410560208122815,0.5810406222053683
logistic_regression,1,2023-02-08T00:00:00+00:00,SPY,0,-0.015532376903305112,0.601441292353716
logistic_regression,1,2023-02-09T00:00:00+00:00,AAPL,1,0.01729947579588087,0.5645729888043394
logistic_regression,1,2023-02-09T00:00:00+00:00,MSFT,0,-0.007684881353040018,0.6121663140120692
logistic_regression,1,2023-02-09T00:00:00+00:00,QQQ,1,0.003300476489175974,0.5880684010552171
logistic_regression,1,2023-02-09T00:00:00+00:00,SPY,0,-0.001506084915010364,0.5986151237722191
logistic_regression,1,2023-02-10T00:00:00+00:00,AAPL,0,-0.006956670496103601,0.5746313686331798
logistic_regression,1,2023-02-10T00:00:00+00:00,MSFT,0,-0.04869385237904256,0.603042612791145
logistic_regression,1,2023-02-10T00:00:00+00:00,QQQ,0,-0.014823800306197787,0.5767306068862644
logistic_regression,1,2023-02-10T00:00:00+00:00,SPY,0,-0.015818326555303908,0.5938886401266465
logistic_regression,1,2023-02-13T00:00:00+00:00,AAPL,0,-0.023319887905372316,0.5509400510960869
logistic_regression,1,2023-02-13T00:00:00+00:00,MSFT,0,-0.06767364375597196,0.5587840336747512
logistic_regression,1,2023-02-13T00:00:00+00:00,QQQ,0,-0.02924715934845523,0.5583681042948935
logistic_regression,1,2023-02-13T00:00:00+00:00,SPY,0,-0.03044033499719434,0.5820991496861662
logistic_regression,1,2023-02-14T00:00:00+00:00,AAPL,0,-0.02168271235970487,0.5515982918486534
logistic_regression,1,2023-02-14T00:00:00+00:00,MSFT,0,-0.04945812800684446,0.5774866967714274
logistic_regression,1,2023-02-14T00:00:00+00:00,QQQ,0,-0.024681204183209182,0.5459679881267431
logistic_regression,1,2023-02-14T00:00:00+00:00,SPY,0,-0.023375838903738844,0.5788110266181689
logistic_regression,1,2023-02-15T00:00:00+00:00,AAPL,0,-0.04360592244136119,0.5351765914774128
logistic_regression,1,2023-02-15T00:00:00+00:00,MSFT,0,-0.05514486774675387,0.5744287945849826
logistic_regression,1,2023-02-15T00:00:00+00:00,QQQ,0,-0.04337638318171699,0.5502291567270312
logistic_regression,1,2023-02-15T00:00:00+00:00,SPY,0,-0.034638815731441785,0.5849029912153648
logistic_regression,1,2023-02-16T00:00:00+00:00,AAPL,0,-0.03239331279984603,0.5430056625365173
logistic_regression,1,2023-02-16T00:00:00+00:00,MSFT,0,-0.028661216828252623,0.5960140458820617
logistic_regression,1,2023-02-16T00:00:00+00:00,QQQ,0,-0.021887051124761858,0.5626396746685153
logistic_regression,1,2023-02-16T00:00:00+00:00,SPY,0,-0.01721166756700576,0.5921446750563885
logistic_regression,1,2023-02-17T00:00:00+00:00,AAPL,0,-0.02292814855595604,0.5647086783633662
logistic_regression,1,2023-02-17T00:00:00+00:00,MSFT,0,-0.02321459338360099,0.582290803178515
logistic_regression,1,2023-02-17T00:00:00+00:00,QQQ,0,-0.015293381070166645,0.5700194411848899
logistic_regression,1,2023-02-17T00:00:00+00:00,SPY,0,-0.016433357015552708,0.591739234125208
logistic_regression,1,2023-02-21T00:00:00+00:00,AAPL,0,-0.015673950137666703,0.5716753280713981
logistic_regression,1,2023-02-21T00:00:00+00:00,MSFT,0,-0.01507749923042312,0.5798520596021133
logistic_regression,1,2023-02-21T00:00:00+00:00,QQQ,0,-0.006604873074033346,0.5664837113770981
logistic_regression,1,2023-02-21T00:00:00+00:00,SPY,0,-0.012264747055092173,0.5862909266313819
logistic_regression,1,2023-02-22T00:00:00+00:00,AAPL,0,-0.03996615397177927,0.5604572406296966
logistic_regression,1,2023-02-22T00:00:00+00:00,MSFT,0,-0.037183376379266164,0.5736478817744909
logistic_regression,1,2023-02-22T00:00:00+00:00,QQQ,0,-0.033180146846890746,0.5562468802833563
logistic_regression,1,2023-02-22T00:00:00+00:00,SPY,0,-0.02406765874200556,0.5715460638943183
logistic_regression,1,2023-02-23T00:00:00+00:00,AAPL,1,0.004311122910777732,0.5685050726587184
logistic_regression,1,2023-02-23T00:00:00+00:00,MSFT,1,0.006905470762279542,0.5751999232211166
logistic_regression,1,2023-02-23T00:00:00+00:00,QQQ,1,0.010418862972074727,0.5608625593596265
logistic_regression,1,2023-02-23T00:00:00+00:00,SPY,1,0.008829515721735959,0.5760648606047821
logistic_regression,1,2023-02-24T00:00:00+00:00,AAPL,1,0.03908140221273171,0.5555904169545975
logistic_regression,1,2023-02-24T00:00:00+00:00,MSFT,1,0.013695849586241371,0.5499978001755259
logistic_regression,1,2023-02-24T00:00:00+00:00,QQQ,1,0.017855655562021067,0.5473100041733477
logistic_regression,1,2023-02-24T00:00:00+00:00,SPY,1,0.010930392315708692,0.5572944342685036
logistic_regression,1,2023-02-27T00:00:00+00:00,AAPL,1,0.04313437121498076,0.5534713129769058
logistic_regression,1,2023-02-27T00:00:00+00:00,MSFT,1,0.026972127829805403,0.5385243622890238
logistic_regression,1,2023-02-27T00:00:00+00:00,QQQ,1,0.02103813403255006,0.5508575116442086
logistic_regression,1,2023-02-27T00:00:00+00:00,SPY,1,0.016066010480963122,0.560863563623616
logistic_regression,1,2023-02-28T00:00:00+00:00,AAPL,1,0.03864799271795438,0.5514952337432406
logistic_regression,1,2023-02-28T00:00:00+00:00,MSFT,1,0.011056066815220644,0.5464310820550843
logistic_regression,1,2023-02-28T00:00:00+00:00,QQQ,1,0.009946894503518156,0.5487763056601963
logistic_regression,1,2023-02-28T00:00:00+00:00,SPY,1,0.005523410453256439,0.5551715125151063
logistic_regression,1,2023-03-01T00:00:00+00:00,AAPL,1,0.0614572877254711,0.5639141151069752
logistic_regression,1,2023-03-01T00:00:00+00:00,MSFT,1,0.03552564248032697,0.5393773759210153
logistic_regression,1,2023-03-01T00:00:00+00:00,QQQ,1,0.03143425979235581,0.5466155315338065
logistic_regression,1,2023-03-01T00:00:00+00:00,SPY,1,0.015945040046554615,0.5556421225628052
logistic_regression,1,2023-03-02T00:00:00+00:00,AAPL,1,0.012631023244134676,0.5693869017156432
logistic_regression,1,2023-03-02T00:00:00+00:00,MSFT,0,-0.006390540245479581,0.5491058262951397
logistic_regression,1,2023-03-02T00:00:00+00:00,QQQ,0,-0.010647302936346748,0.557160590423528
logistic_regression,1,2023-03-02T00:00:00+00:00,SPY,0,-0.023770213016244157,0.567177192167618
logistic_regression,1,2023-03-03T00:00:00+00:00,AAPL,0,-0.040804489225376384,0.5644931213892661
logistic_regression,1,2023-03-03T00:00:00+00:00,MSFT,0,-0.03714191892747987,0.5385713617949645
logistic_regression,1,2023-03-03T00:00:00+00:00,QQQ,0,-0.049122246985707,0.5584425369775471
logistic_regression,1,2023-03-03T00:00:00+00:00,SPY,0,-0.05925924401660654,0.575358939940464
logistic_regression,1,2023-03-06T00:00:00+00:00,AAPL,0,-0.017711346129849814,0.5700759556324128
logistic_regression,1,2023-03-06T00:00:00+00:00,MSFT,0,-0.0002457858885976938,0.5477706521825954
logistic_regression,1,2023-03-06T00:00:00+00:00,QQQ,0,-0.021155009923848334,0.571204823259941
logistic_regression,1,2023-03-06T00:00:00+00:00,SPY,0,-0.036348758935050296,0.588421640799152
logistic_regression,1,2023-03-07T00:00:00+00:00,AAPL,0,-0.012578184504039358,0.5703557292356247
logistic_regression,1,2023-03-07T00:00:00+00:00,MSFT,1,0.02133772425903291,0.5508631238789833
logistic_regression,1,2023-03-07T00:00:00+00:00,QQQ,0,-0.008925498153004696,0.5629047167766885
logistic_regression,1,2023-03-07T00:00:00+00:00,SPY,0,-0.03331166489231874,0.5761653874195494
logistic_regression,1,2023-03-08T00:00:00+00:00,AAPL,0,-0.011096708419193857,0.572449137061874
logistic_regression,1,2023-03-08T00:00:00+00:00,MSFT,1,0.03463411557543039,0.5501547252863052
logistic_regression,1,2023-03-08T00:00:00+00:00,QQQ,0,-0.0031018257496026047,0.5781651001074879
logistic_regression,1,2023-03-08T00:00:00+00:00,SPY,0,-0.034254332808417276,0.5929625877762797
logistic_regression,1,2023-03-09T00:00:00+00:00,AAPL,1,0.0370025238992886,0.5761825099296376
logistic_regression,1,2023-03-09T00:00:00+00:00,MSFT,1,0.10603794847186787,0.5593671681996155
logistic_regression,1,2023-03-09T00:00:00+00:00,QQQ,1,0.04534085298316248,0.5781717890202634
logistic_regression,1,2023-03-09T00:00:00+00:00,SPY,1,0.007524626059356443,0.5817291911386617
logistic_regression,1,2023-03-10T00:00:00+00:00,AAPL,1,0.04702114599410412,0.5872252886896023
logistic_regression,1,2023-03-10T00:00:00+00:00,MSFT,1,0.11732646142597947,0.5679481792799275
logistic_regression,1,2023-03-10T00:00:00+00:00,QQQ,1,0.06065693160643071,0.5701672770635372
logistic_regression,1,2023-03-10T00:00:00+00:00,SPY,1,0.025399358388912052,0.5607612922620641
logistic_regression,1,2023-03-13T00:00:00+00:00,AAPL,1,0.03784812137325311,0.5957686707926934
logistic_regression,1,2023-03-13T00:00:00+00:00,MSFT,1,0.06847429702764729,0.5680010171878166
logistic_regression,1,2023-03-13T00:00:00+00:00,QQQ,1,0.04583761772334838,0.5761778131267564
logistic_regression,1,2023-03-13T00:00:00+00:00,SPY,1,0.019101886576982974,0.562522394809026
logistic_regression,1,2023-03-14T00:00:00+00:00,AAPL,1,0.05153579332195268,0.5916695126232479
logistic_regression,1,2023-03-14T00:00:00+00:00,MSFT,1,0.04951798531090068,0.5713899773328424
logistic_regression,1,2023-03-14T00:00:00+00:00,QQQ,1,0.05232073725967212,0.5763841903812625
logistic_regression,1,2023-03-14T00:00:00+00:00,SPY,1,0.035144923272398376,0.5588752983806791
logistic_regression,1,2023-03-15T00:00:00+00:00,AAPL,1,0.04174972537590427,0.5976880842240953
logistic_regression,1,2023-03-15T00:00:00+00:00,MSFT,1,0.04590611532373634,0.5804576438522225
logistic_regression,1,2023-03-15T00:00:00+00:00,QQQ,1,0.0395291135316167,0.5939290837108091
logistic_regression,1,2023-03-15T00:00:00+00:00,SPY,1,0.02322899938013734,0.5717876425273611
logistic_regression,1,2023-03-16T00:00:00+00:00,AAPL,1,0.015777931986046934,0.6005737223781865
logistic_regression,1,2023-03-16T00:00:00+00:00,MSFT,0,-0.0056563307583493705,0.5694427908975019
logistic_regression,1,2023-03-16T00:00:00+00:00,QQQ,1,0.008020028120484746,0.5924132257005419
logistic_regression,1,2023-03-16T00:00:00+00:00,SPY,0,-0.005500469542073616,0.5806858148315254
logistic_regression,1,2023-03-17T00:00:00+00:00,AAPL,1,0.029344368203770843,0.5961872460538621
logistic_regression,1,2023-03-17T00:00:00+00:00,MSFT,1,0.010684964570316646,0.5661115402579645
logistic_regression,1,2023-03-17T00:00:00+00:00,QQQ,1,0.022077990780323464,0.6078194493663361
logistic_regression,1,2023-03-17T00:00:00+00:00,SPY,1,0.016695606862032086,0.5926240833003378
logistic_regression,1,2023-03-20T00:00:00+00:00,AAPL,1,0.0021254042205791635,0.6027128435518956
logistic_regression,1,2023-03-20T00:00:00+00:00,MSFT,1,0.001305768915377481,0.6011232492507336
logistic_regression,1,2023-03-20T00:00:00+00:00,QQQ,0,-0.0012524374996824017,0.6259334078230218
logistic_regression,1,2023-03-20T00:00:00+00:00,SPY,0,-0.005691188956693627,0.6169239815417652
logistic_regression,1,2023-03-21T00:00:00+00:00,AAPL,0,-0.0015592313461535445,0.5951019290254396
logistic_regression,1,2023-03-21T00:00:00+00:00,MSFT,1,0.01829788250281772,0.6090334030356949
logistic_regression,1,2023-03-21T00:00:00+00:00,QQQ,0,-3.6088924558752566e-05,0.6232464038414863
logistic_regression,1,2023-03-21T00:00:00+00:00,SPY,1,0.0010055434118512174,0.6267154227076983
logistic_regression,1,2023-03-22T00:00:00+00:00,AAPL,1,0.014967395610278711,0.5942604244018459
logistic_regression,1,2023-03-22T00:00:00+00:00,MSFT,1,0.020587203630871187,0.6052057747136856
logistic_regression,1,2023-03-22T00:00:00+00:00,QQQ,1,0.015133070673388982,0.6205467390194962
logistic_regression,1,2023-03-22T00:00:00+00:00,SPY,1,0.020736219555978153,0.6270170304306592
logistic_regression,1,2023-03-23T00:00:00+00:00,AAPL,1,0.020492529139217286,0.5998945601607993
logistic_regression,1,2023-03-23T00:00:00+00:00,MSFT,1,0.02136445089628025,0.6157073438856273
logistic_regression,1,2023-03-23T00:00:00+00:00,QQQ,1,0.019264595842274135,0.631603689597991
logistic_regression,1,2023-03-23T00:00:00+00:00,SPY,1,0.030653986356651508,0.6329604436532451
logistic_regression,1,2023-03-24T00:00:00+00:00,AAPL,1,0.025020570236395034,0.5945961291121779
logistic_regression,1,2023-03-24T00:00:00+00:00,MSFT,1,0.01942095143239775,0.6112715930105952
logistic_regression,1,2023-03-24T00:00:00+00:00,QQQ,1,0.02096618793192717,0.630341166123159
logistic_regression,1,2023-03-24T00:00:00+00:00,SPY,1,0.02489976967519114,0.6339987009281943
logistic_regression,1,2023-03-27T00:00:00+00:00,AAPL,1,0.052523362051291045,0.5979963954463534
logistic_regression,1,2023-03-27T00:00:00+00:00,MSFT,1,0.03940004629717775,0.5963359979983536
logistic_regression,1,2023-03-27T00:00:00+00:00,QQQ,1,0.038256170762758224,0.6241017761082416
logistic_regression,1,2023-03-27T00:00:00+00:00,SPY,1,0.037970559215245725,0.639015755642697
logistic_regression,1,2023-03-28T00:00:00+00:00,AAPL,1,0.03162973797212376,0.6022179438233907
logistic_regression,1,2023-03-28T00:00:00+00:00,MSFT,1,0.022651381606616283,0.5950452637239748
logistic_regression,1,2023-03-28T00:00:00+00:00,QQQ,1,0.021180164758794806,0.6239621165955525
logistic_regression,1,2023-03-28T00:00:00+00:00,SPY,1,0.017915662583022574,0.6473307641983544
logistic_regression,1,2023-03-29T00:00:00+00:00,AAPL,1,0.0035625639275842502,0.5966043561095704
logistic_regression,1,2023-03-29T00:00:00+00:00,MSFT,0,-0.005579457275978417,0.5955011718999697
logistic_regression,1,2023-03-29T00:00:00+00:00,QQQ,0,-0.005163626532923904,0.6155401408587248
logistic_regression,1,2023-03-29T00:00:00+00:00,SPY,1,0.004620902840986929,0.6439447054899
logistic_regression,1,2023-03-30T00:00:00+00:00,AAPL,0,-0.00826464974194474,0.6049313544333809
logistic_regression,1,2023-03-30T00:00:00+00:00,MSFT,1,0.01727759972843601,0.5878273381161769
logistic_regression,1,2023-03-30T00:00:00+00:00,QQQ,0,-0.004651929221142992,0.6107831149068847
logistic_regression,1,2023-03-30T00:00:00+00:00,SPY,1,0.0028112258752868158,0.6469695387434043
logistic_regression,1,2023-03-31T00:00:00+00:00,AAPL,0,-0.013662958608223641,0.5862564155556758
logistic_regression,1,2023-03-31T00:00:00+00:00,MSFT,0,-0.004680010857863182,0.5786565571874621
logistic_regression,1,2023-03-31T00:00:00+00:00,QQQ,0,-0.00494103882253516,0.601169060673342
logistic_regression,1,2023-03-31T00:00:00+00:00,SPY,1,0.0014436661596834988,0.6371245741642022
logistic_regression,1,2023-04-03T00:00:00+00:00,AAPL,0,-0.03422640107558095,0.5753596072354278
logistic_regression,1,2023-04-03T00:00:00+00:00,MSFT,0,-0.01047574785148786,0.566544417055641
logistic_regression,1,2023-04-03T00:00:00+00:00,QQQ,0,-0.010651808462317502,0.598906533793736
logistic_regression,1,2023-04-03T00:00:00+00:00,SPY,0,-0.001391785865259898,0.6412937692808047
logistic_regression,1,2023-04-04T00:00:00+00:00,AAPL,0,-0.02083863378480899,0.5675751858549131
logistic_regression,1,2023-04-04T00:00:00+00:00,MSFT,0,-0.00988838457318042,0.5566782936223619
logistic_regression,1,2023-04-04T00:00:00+00:00,QQQ,0,-0.012257309979946007,0.5938148994088601
logistic_regression,1,2023-04-04T00:00:00+00:00,SPY,1,0.0011091065856776439,0.6436896670309905
logistic_regression,1,2023-04-05T00:00:00+00:00,AAPL,1,0.011273396696918514,0.5673387398157225
logistic_regression,1,2023-04-05T00:00:00+00:00,MSFT,1,0.011357872927324264,0.5569849532946596
logistic_regression,1,2023-04-05T00:00:00+00:00,QQQ,1,0.008641398891460206,0.587005516900464
logistic_regression,1,2023-04-05T00:00:00+00:00,SPY,1,0.012820874874671873,0.6410967710862312
logistic_regression,1,2023-04-06T00:00:00+00:00,AAPL,1,0.0206921876684667,0.5704773998922344
logistic_regression,1,2023-04-06T00:00:00+00:00,MSFT,1,0.00048640768722951755,0.5519225571690438
logistic_regression,1,2023-04-06T00:00:00+00:00,QQQ,1,0.007758253861784636,0.5923413440041926
logistic_regression,1,2023-04-06T00:00:00+00:00,SPY,1,0.012139559609614103,0.6423834683805941
logistic_regression,1,2023-04-10T00:00:00+00:00,AAPL,1,0.021054279064541825,0.5859044525837052
logistic_regression,1,2023-04-10T00:00:00+00:00,MSFT,1,0.018328720833695744,0.5720424013488276
logistic_regression,1,2023-04-10T00:00:00+00:00,QQQ,1,0.007924919362651162,0.5980274681923973
logistic_regression,1,2023-04-10T00:00:00+00:00,SPY,1,0.010943552132876455,0.6434627765910379
logistic_regression,1,2023-04-11T00:00:00+00:00,AAPL,1,0.026353794709561118,0.5934704061817055
logistic_regression,1,2023-04-11T00:00:00+00:00,MSFT,1,0.002207120490585135,0.584748333814688
logistic_regression,1,2023-04-11T00:00:00+00:00,QQQ,0,-0.006425758428872497,0.6082194371390987
logistic_regression,1,2023-04-11T00:00:00+00:00,SPY,0,-0.0011499331796359646,0.6462181359350472
logistic_regression,1,2023-04-12T00:00:00+00:00,AAPL,1,0.025540849934718945,0.5894591590086998
logistic_regression,1,2023-04-12T00:00:00+00:00,MSFT,1,0.003843895810290654,0.588036916895783
logistic_regression,1,2023-04-12T00:00:00+00:00,QQQ,1,0.0007283503461423813,0.5959810809102947
logistic_regression,1,2023-04-12T00:00:00+00:00,SPY,1,0.0029532430936927145,0.6341620551077439
logistic_regression,1,2023-04-13T00:00:00+00:00,AAPL,1,0.0007913116388846841,0.5947471134209847
logistic_regression,1,2023-04-13T00:00:00+00:00,MSFT,0,-0.00891825404299429,0.6019708957361145
logistic_regression,1,2023-04-13T00:00:00+00:00,QQQ,0,-0.007277310057112518,0.60863849205071
logistic_regression,1,2023-04-13T00:00:00+00:00,SPY,0,-0.0034968285214354022,0.6305957377180675
logistic_regression,1,2023-04-14T00:00:00+00:00,AAPL,0,-0.002542224913551494,0.5961758021377533
logistic_regression,1,2023-04-14T00:00:00+00:00,MSFT,0,-0.02898459019317301,0.596716490040745
logistic_regression,1,2023-04-14T00:00:00+00:00,QQQ,0,-0.007550519703212744,0.6008817934908685
logistic_regression,1,2023-04-14T00:00:00+00:00,SPY,0,-0.002917537753842292,0.6227944869108785
logistic_regression,1,2023-04-17T00:00:00+00:00,AAPL,0,-0.007465666886598332,0.6017033809986652
logistic_regression,1,2023-04-17T00:00:00+00:00,MSFT,0,-0.04327762266092372,0.5857301769302363
logistic_regression,1,2023-04-17T00:00:00+00:00,QQQ,0,-0.022829375327006907,0.5988797614472492
logistic_regression,1,2023-04-17T00:00:00+00:00,SPY,0,-0.014005313349161108,0.621746815567703
logistic_regression,1,2023-04-18T00:00:00+00:00,AAPL,0,-0.01849096611433454,0.5882725128494497
logistic_regression,1,2023-04-18T00:00:00+00:00,MSFT,1,0.0353759821983628,0.5779492015626719
logistic_regression,1,2023-04-18T00:00:00+00:00,QQQ,0,-0.011365922794633443,0.5918638358053001
logistic_regression,1,2023-04-18T00:00:00+00:00,SPY,0,-0.015313681041340677,0.6141717160698916
logistic_regression,1,2023-04-19T00:00:00+00:00,AAPL,0,-0.007406014879254963,0.5827653494740084
logistic_regression,1,2023-04-19T00:00:00+00:00,MSFT,1,0.03550780993348335,0.5768273601448912
logistic_regression,1,2023-04-19T00:00:00+00:00,QQQ,0,-0.001966330533604621,0.5862261828799413
logistic_regression,1,2023-04-19T00:00:00+00:00,SPY,0,-0.01221563354220312,0.6082525439731871
logistic_regression,1,2023-04-20T00:00:00+00:00,AAPL,1,0.018802571470507567,0.5908694670495475
logistic_regression,1,2023-04-20T00:00:00+00:00,MSFT,1,0.06453324631837631,0.5825501609611176
logistic_regression,1,2023-04-20T00:00:00+00:00,QQQ,1,0.011270334887191646,0.5893551235853143
logistic_regression,1,2023-04-20T00:00:00+00:00,SPY,0,-0.003692859793037573,0.6049817329285601
logistic_regression,1,2023-04-21T00:00:00+00:00,AAPL,1,0.023889475995196863,0.5886327095421545
logistic_regression,1,2023-04-21T00:00:00+00:00,MSFT,1,0.0860243363051969,0.5728510969216786
logistic_regression,1,2023-04-21T00:00:00+00:00,QQQ,1,0.016013755020568565,0.5864339212673528
logistic_regression,1,2023-04-21T00:00:00+00:00,SPY,1,0.006431923864899103,0.605479841480556
logistic_regression,1,2023-04-24T00:00:00+00:00,AAPL,1,0.027605601835919424,0.5889058759084076
logistic_regression,1,2023-04-24T00:00:00+00:00,MSFT,1,0.09886987113819545,0.5684913671511566
logistic_regression,1,2023-04-24T00:00:00+00:00,QQQ,1,0.02286523214063574,0.586124375467692
logistic_regression,1,2023-04-24T00:00:00+00:00,SPY,1,0.00818661834275014,0.602660041686229
logistic_regression,1,2023-04-25T00:00:00+00:00,AAPL,1,0.03741776863628976,0.5875398088758699
logistic_regression,1,2023-04-25T00:00:00+00:00,MSFT,1,0.03136957510481242,0.5549578035864244
logistic_regression,1,2023-04-25T00:00:00+00:00,QQQ,1,0.018093114539497135,0.581300760314931
logistic_regression,1,2023-04-25T00:00:00+00:00,SPY,1,0.009387524337494346,0.5883359872890943
logistic_regression,1,2023-04-26T00:00:00+00:00,AAPL,0,-0.003810427963874652,0.5966008334010812
logistic_regression,1,2023-04-26T00:00:00+00:00,MSFT,1,0.03263226516480544,0.5508254045877402
logistic_regression,1,2023-04-26T00:00:00+00:00,QQQ,1,0.0023013386803545366,0.5839967237371766
logistic_regression,1,2023-04-26T00:00:00+00:00,SPY,0,-0.002169574668913543,0.5915944190768093
logistic_regression,1,2023-04-27T00:00:00+00:00,AAPL,1,0.012750855912947223,0.5871028864067409
logistic_regression,1,2023-04-27T00:00:00+00:00,MSFT,1,0.0036157252472497348,0.5540177503235736
logistic_regression,1,2023-04-27T00:00:00+00:00,QQQ,0,-0.007111130677696531,0.5835295203486482
logistic_regression,1,2023-04-27T00:00:00+00:00,SPY,0,-0.008255289896547335,0.5949533683566235
logistic_regression,1,2023-04-28T00:00:00+00:00,AAPL,1,0.01686800679659317,0.5795536398942096
logistic_regression,1,2023-04-28T00:00:00+00:00,MSFT,1,0.008275674902671337,0.5638966773174479
logistic_regression,1,2023-04-28T00:00:00+00:00,QQQ,0,-0.0009751817457916978,0.5871540595438328
logistic_regression,1,2023-04-28T00:00:00+00:00,SPY,0,-0.008003247499184685,0.5949644861163531
logistic_regression,1,2023-05-01T00:00:00+00:00,AAPL,1,0.01536941612923326,0.5856629511677164
logistic_regression,1,2023-05-01T00:00:00+00:00,MSFT,0,-0.0012197902402178995,0.5787314557971953
logistic_regression,1,2023-05-01T00:00:00+00:00,QQQ,0,-0.0023696203340275446,0.5952312351632126
logistic_regression,1,2023-05-01T00:00:00+00:00,SPY,0,-0.01075641989598497,0.6070032704842291
logistic_regression,1,2023-05-02T00:00:00+00:00,AAPL,1,0.018727425837201883,0.5828716222724457
logistic_regression,1,2023-05-02T00:00:00+00:00,MSFT,1,0.004511918211784982,0.568535035620173
logistic_regression,1,2023-05-02T00:00:00+00:00,QQQ,1,0.011641964147325767,0.5847873038674677
logistic_regression,1,2023-05-02T00:00:00+00:00,SPY,1,0.004115610361320243,0.5872964277099159
logistic_regression,1,2023-05-03T00:00:00+00:00,AAPL,1,0.05223268118290392,0.5795525060890773
logistic_regression,1,2023-05-03T00:00:00+00:00,MSFT,1,0.010581372336440964,0.597296620905894
logistic_regression,1,2023-05-03T00:00:00+00:00,QQQ,1,0.02519772792252928,0.5888688689252664
logistic_regression,1,2023-05-03T00:00:00+00:00,SPY,1,0.010313616376089518,0.5887438207212637
logistic_regression,1,2023-05-04T00:00:00+00:00,AAPL,1,0.014813253728288345,0.5867193720324145
logistic_regression,1,2023-05-04T00:00:00+00:00,MSFT,1,0.013768894858398717,0.6038370449497588
logistic_regression,1,2023-05-04T00:00:00+00:00,QQQ,1,0.023918165577623718,0.6044240950037255
logistic_regression,1,2023-05-04T00:00:00+00:00,SPY,1,0.009009163150775823,0.590773580473082
logistic_regression,1,2023-05-05T00:00:00+00:00,AAPL,1,0.0033223723061939214,0.5691299026981611
logistic_regression,1,2023-05-05T00:00:00+00:00,MSFT,0,-0.00531258286785119,0.593081230907987
logistic_regression,1,2023-05-05T00:00:00+00:00,QQQ,1,0.007566323486300819,0.6048782893067413
logistic_regression,1,2023-05-05T00:00:00+00:00,SPY,0,-0.0038104557218343604,0.5980816641872546
logistic_regression,1,2023-05-08T00:00:00+00:00,AAPL,0,-0.0067390476708542035,0.5950803511342868
logistic_regression,1,2023-05-08T00:00:00+00:00,MSFT,1,0.003931603801554218,0.594934822856595
logistic_regression,1,2023-05-08T00:00:00+00:00,QQQ,1,0.010585556523657669,0.6136902759543188
logistic_regression,1,2023-05-08T00:00:00+00:00,SPY,0,-0.00022584920629986627,0.6110075151102172
logistic_regression,1,2023-05-09T00:00:00+00:00,AAPL,0,-0.008184115491665755,0.5975494751229606
logistic_regression,1,2023-05-09T00:00:00+00:00,MSFT,1,0.012077444901111622,0.5930225664870233
logistic_regression,1,2023-05-09T00:00:00+00:00,QQQ,1,0.010687792874984892,0.6127452458805345
logistic_regression,1,2023-05-09T00:00:00+00:00,SPY,0,-0.0056870685118889375,0.6079450451468571
logistic_regression,1,2023-05-10T00:00:00+00:00,AAPL,0,-0.005503801199658431,0.6114512155801345
logistic_regression,1,2023-05-10T00:00:00+00:00,MSFT,1,0.014471914727292257,0.5812824532418328
logistic_regression,1,2023-05-10T00:00:00+00:00,QQQ,1,0.015835470492256754,0.6079571033403179
logistic_regression,1,2023-05-10T00:00:00+00:00,SPY,1,0.005148856783799616,0.6042577583716214
logistic_regression,1,2023-05-11T00:00:00+00:00,AAPL,1,0.013924519531577806,0.6055502452638708
logistic_regression,1,2023-05-11T00:00:00+00:00,MSFT,1,0.020119884432223234,0.575318065981488
logistic_regression,1,2023-05-11T00:00:00+00:00,QQQ,1,0.030837049218300105,0.6056457353515259
logistic_regression,1,2023-05-11T00:00:00+00:00,SPY,1,0.014296580578998075,0.6053969441271242
logistic_regression,1,2023-05-12T00:00:00+00:00,AAPL,1,0.002728312210185324,0.6172621260467925
logistic_regression,1,2023-05-12T00:00:00+00:00,MSFT,1,0.030923678324643378,0.5803717954204028
logistic_regression,1,2023-05-12T00:00:00+00:00,QQQ,1,0.030930712871497068,0.6119829244420757
logistic_regression,1,2023-05-12T00:00:00+00:00,SPY,1,0.013545086940832007,0.6101220637564992
logistic_regression,1,2023-05-15T00:00:00+00:00,AAPL,1,0.004617270001727736,0.6117787992232427
logistic_regression,1,2023-05-15T00:00:00+00:00,MSFT,1,0.03311102284912537,0.5743932797453819
logistic_regression,1,2023-05-15T00:00:00+00:00,QQQ,1,0.028089640577465103,0.610649535227475
logistic_regression,1,2023-05-15T00:00:00+00:00,SPY,1,0.01065082433206399,0.6103734081609811
logistic_regression,1,2023-05-16T00:00:00+00:00,AAPL,0,-0.005601724598272351,0.6045183601577022
logistic_regression,1,2023-05-16T00:00:00+00:00,MSFT,1,0.0057997844791379816,0.5595098928697703
logistic_regression,1,2023-05-16T00:00:00+00:00,QQQ,1,0.007518704231433748,0.6069089492571831
logistic_regression,1,2023-05-16T00:00:00+00:00,SPY,0,-0.001828718358933723,0.6077685683779462
logistic_regression,1,2023-05-17T00:00:00+00:00,AAPL,0,-0.005401585819836741,0.6024976872662077
logistic_regression,1,2023-05-17T00:00:00+00:00,MSFT,1,0.02563885264155963,0.5593217904343777
logistic_regression,1,2023-05-17T00:00:00+00:00,QQQ,1,0.020941266862626984,0.6009032911073902
logistic_regression,1,2023-05-17T00:00:00+00:00,SPY,0,-0.0023829612281621726,0.6049247424219094
logistic_regression,2,2023-05-18T00:00:00+00:00,AAPL,0,-0.01936790942124411,0.5869118584991287
logistic_regression,2,2023-05-18T00:00:00+00:00,MSFT,1,0.020940080691643548,0.5427320010148865
logistic_regression,2,2023-05-18T00:00:00+00:00,QQQ,1,0.007671668834095424,0.5832388928577129
logistic_regression,2,2023-05-18T00:00:00+00:00,SPY,0,-0.013493921999935155,0.5980543482932401
logistic_regression,2,2023-05-19T00:00:00+00:00,AAPL,1,0.015096189879331812,0.5954465949639554
logistic_regression,2,2023-05-19T00:00:00+00:00,MSFT,1,0.050095053555335056,0.5425434255871783
logistic_regression,2,2023-05-19T00:00:00+00:00,QQQ,1,0.046855614189377226,0.5867277157508372
logistic_regression,2,2023-05-19T00:00:00+00:00,SPY,1,0.00608346582770114,0.6044125877173764
logistic_regression,2,2023-05-22T00:00:00+00:00,AAPL,1,0.022212680220566883,0.5979531754789073
logistic_regression,2,2023-05-22T00:00:00+00:00,MSFT,1,0.03623455333643988,0.550590455692441
logistic_regression,2,2023-05-22T00:00:00+00:00,QQQ,1,0.03508285369462816,0.5945215893856883
logistic_regression,2,2023-05-22T00:00:00+00:00,SPY,1,0.0008733384842825043,0.6108424357446615
logistic_regression,2,2023-05-23T00:00:00+00:00,AAPL,1,0.036559493896217266,0.5927793641085085
logistic_regression,2,2023-05-23T00:00:00+00:00,MSFT,1,0.033516679983819575,0.6244539219282104
logistic_regression,2,2023-05-23T00:00:00+00:00,QQQ,1,0.04727423578663914,0.6022091472561529
logistic_regression,2,2023-05-23T00:00:00+00:00,SPY,1,0.011722662416445484,0.6148033319482521
logistic_regression,2,2023-05-24T00:00:00+00:00,AAPL,1,0.04789921854921775,0.6023010996737185
logistic_regression,2,2023-05-24T00:00:00+00:00,MSFT,1,0.03199530034095033,0.5919075454420613
logistic_regression,2,2023-05-24T00:00:00+00:00,QQQ,1,0.041142286820124996,0.6060096965533083
logistic_regression,2,2023-05-24T00:00:00+00:00,SPY,1,0.02148788195438711,0.6154298151375092
logistic_regression,2,2023-05-25T00:00:00+00:00,AAPL,1,0.051610446538129295,0.5912693014915932
logistic_regression,2,2023-05-25T00:00:00+00:00,MSFT,1,0.03249889438979281,0.580578138585732
logistic_regression,2,2023-05-25T00:00:00+00:00,QQQ,1,0.03803800494942289,0.5966033946237879
logistic_regression,2,2023-05-25T00:00:00+00:00,SPY,1,0.02911964927384747,0.6128870641411861
logistic_regression,2,2023-05-26T00:00:00+00:00,AAPL,1,0.014977377065025443,0.5864265842881946
logistic_regression,2,2023-05-26T00:00:00+00:00,MSFT,0,-0.0017003350435884634,0.5512498046228383
logistic_regression,2,2023-05-26T00:00:00+00:00,QQQ,1,0.0024444954152949006,0.5703984777994588
logistic_regression,2,2023-05-26T00:00:00+00:00,SPY,1,0.008974399113683473,0.606431681368108
logistic_regression,2,2023-05-30T00:00:00+00:00,AAPL,1,0.004248852875032849,0.5841727365610186
logistic_regression,2,2023-05-30T00:00:00+00:00,MSFT,0,-0.0039202212728255414,0.5482986561251996
logistic_regression,2,2023-05-30T00:00:00+00:00,QQQ,1,0.01736794378156592,0.5696862307166879
logistic_regression,2,2023-05-30T00:00:00+00:00,SPY,1,0.022243560865151224,0.6126136888346302
logistic_regression,2,2023-05-31T00:00:00+00:00,AAPL,0,-0.0008747227459074969,0.5784345706201026
logistic_regression,2,2023-05-31T00:00:00+00:00,MSFT,0,-0.008091429656457483,0.5515930899670489
logistic_regression,2,2023-05-31T00:00:00+00:00,QQQ,1,0.001991262694157614,0.5630346543009921
logistic_regression,2,2023-05-31T00:00:00+00:00,SPY,1,0.018363483728567775,0.6103472895031289
logistic_regression,2,2023-06-01T00:00:00+00:00,AAPL,1,0.0005932111946926888,0.5678059405542467
logistic_regression,2,2023-06-01T00:00:00+00:00,MSFT,0,-0.029646420519989558,0.5574786397622516
logistic_regression,2,2023-06-01T00:00:00+00:00,QQQ,1,0.00034340939219457134,0.5537904555198847
logistic_regression,2,2023-06-01T00:00:00+00:00,SPY,1,0.010838394337418844,0.6065058601834185
logistic_regression,2,2023-06-02T00:00:00+00:00,AAPL,0,-0.00943012897201323,0.6119158105265436
logistic_regression,2,2023-06-02T00:00:00+00:00,MSFT,0,-0.02176633662155536,0.5706381059585081
logistic_regression,2,2023-06-02T00:00:00+00:00,QQQ,1,0.0029580023083131124,0.5798509084648409
logistic_regression,2,2023-06-02T00:00:00+00:00,SPY,1,0.0041538618432332974,0.6240253010544139
logistic_regression,2,2023-06-05T00:00:00+00:00,AAPL,1,0.01369545040723863,0.5768258391135781
logistic_regression,2,2023-06-05T00:00:00+00:00,MSFT,0,-0.004557498669067295,0.5553110782884291
logistic_regression,2,2023-06-05T00:00:00+00:00,QQQ,1,0.023382839260040145,0.5638015994374417
logistic_regression,2,2023-06-05T00:00:00+00:00,SPY,1,0.01823488403877671,0.6129507173336339
logistic_regression,2,2023-06-06T00:00:00+00:00,AAPL,1,0.025575054165793976,0.5771326477344453
logistic_regression,2,2023-06-06T00:00:00+00:00,MSFT,1,0.006096769537712987,0.5500187098144825
logistic_regression,2,2023-06-06T00:00:00+00:00,QQQ,1,0.020877262459230828,0.5592386380962561
logistic_regression,2,2023-06-06T00:00:00+00:00,SPY,1,0.01796478079780406,0.6114018412570493
logistic_regression,2,2023-06-07T00:00:00+00:00,AAPL,1,0.031998169400515364,0.5857112511526087
logistic_regression,2,2023-06-07T00:00:00+00:00,MSFT,1,0.03971648739269251,0.557314029504658
logistic_regression,2,2023-06-07T00:00:00+00:00,QQQ,1,0.0422820558358985,0.5707798253447952
logistic_regression,2,2023-06-07T00:00:00+00:00,SPY,1,0.020716883857355928,0.6106670269609604
logistic_regression,2,2023-06-08T00:00:00+00:00,AAPL,1,0.02675961608462707,0.5932217012913039
logistic_regression,2,2023-06-08T00:00:00+00:00,MSFT,1,0.07885784377911809,0.5557543147158919
logistic_regression,2,2023-06-08T00:00:00+00:00,QQQ,1,0.04891094967512344,0.5703858756642235
logistic_regression,2,2023-06-08T00:00:00+00:00,SPY,1,0.03213609816815044,0.6090722681410483
logistic_regression,2,2023-06-09T00:00:00+00:00,AAPL,1,0.01528989327058694,0.5876032203729606
logistic_regression,2,2023-06-09T00:00:00+00:00,MSFT,1,0.030592535366043894,0.5573340421589975
logistic_regression,2,2023-06-09T00:00:00+00:00,QQQ,1,0.02675487402241128,0.5629914263980409
logistic_regression,2,2023-06-09T00:00:00+00:00,SPY,1,0.016888667315265726,0.6074626441931023
logistic_regression,2,2023-06-12T00:00:00+00:00,AAPL,1,0.009467055604348351,0.5787729428501285
logistic_regression,2,2023-06-12T00:00:00+00:00,MSFT,1,0.0036710879546195674,0.5640252843755806
logistic_regression,2,2023-06-12T00:00:00+00:00,QQQ,1,0.006110902528333684,0.5576084195109652
logistic_regression,2,2023-06-12T00:00:00+00:00,SPY,1,0.003641916393839706,0.5994122083578034
logistic_regression,2,2023-06-13T00:00:00+00:00,AAPL,1,1.5912349446312035e-05,0.5711909015915957
logistic_regression,2,2023-06-13T00:00:00+00:00,MSFT,0,-0.0026549220572474885,0.5650758103047858
logistic_regression,2,2023-06-13T00:00:00+00:00,QQQ,0,-0.00789201685287666,0.54205728521305
logistic_regression,2,2023-06-13T00:00:00+00:00,SPY,0,-0.005305035834889726,0.58841005498291
logistic_regression,2,2023-06-14T00:00:00+00:00,AAPL,1,0.006627837345440257,0.5641564540605922
logistic_regression,2,2023-06-14T00:00:00+00:00,MSFT,0,-0.011224572215501105,0.5618594640816938
logistic_regression,2,2023-06-14T00:00:00+00:00,QQQ,0,-0.007207230449226554,0.5432849850818783
logistic_regression,2,2023-06-14T00:00:00+00:00,SPY,0,-0.006096418660664349,0.5873896153965845
logistic_regression,2,2023-06-15T00:00:00+00:00,AAPL,0,-0.0014633732449942372,0.5603433854627837
logistic_regression,2,2023-06-15T00:00:00+00:00,MSFT,0,-0.051994531734768534,0.5469741182497214
logistic_regression,2,2023-06-15T00:00:00+00:00,QQQ,0,-0.029372369473285698,0.5322195468078804
logistic_regression,2,2023-06-15T00:00:00+00:00,SPY,0,-0.025426379513499242,0.5744996432876442
logistic_regression,2,2023-06-16T00:00:00+00:00,AAPL,1,0.006011477757401185,0.5548856058295374
logistic_regression,2,2023-06-16T00:00:00+00:00,MSFT,0,-0.02391077248615281,0.5365507909061005
logistic_regression,2,2023-06-16T00:00:00+00:00,QQQ,0,-0.020269997549274166,0.5199211488318151
logistic_regression,2,2023-06-16T00:00:00+00:00,SPY,0,-0.013633219221269033,0.5670813828532743
logistic_regression,2,2023-06-20T00:00:00+00:00,AAPL,1,0.014356377995786929,0.554804356897058
logistic_regression,2,2023-06-20T00:00:00+00:00,MSFT,0,-0.007071390847416481,0.5243441382846707
logistic_regression,2,2023-06-20T00:00:00+00:00,QQQ,0,-0.012258054252676787,0.5191441714334195
logistic_regression,2,2023-06-20T00:00:00+00:00,SPY,0,-0.004537813564787996,0.5652098421370321
logistic_regression,2,2023-06-21T00:00:00+00:00,AAPL,1,0.02700680093831398,0.5615926898889774
logistic_regression,2,2023-06-21T00:00:00+00:00,MSFT,0,-0.00023569836739278927,0.5216753611634628
logistic_regression,2,2023-06-21T00:00:00+00:00,QQQ,1,0.00799246139874632,0.5147988242890499
logistic_regression,2,2023-06-21T00:00:00+00:00,SPY,1,0.0026246357341408455,0.5652291648182262
logistic_regression,2,2023-06-22T00:00:00+00:00,AAPL,1,0.030704001539814563,0.5757137071300675
logistic_regression,2,2023-06-22T00:00:00+00:00,MSFT,1,0.008120459611527853,0.5519303291718475
logistic_regression,2,2023-06-22T00:00:00+00:00,QQQ,1,0.012715356195961425,0.5282176051740016
logistic_regression,2,2023-06-22T00:00:00+00:00,SPY,1,0.017619464853932287,0.5691504120149009
logistic_regression,2,2023-06-23T00:00:00+00:00,AAPL,1,0.035127245307592814,0.5845522728109258
logistic_regression,2,2023-06-23T00:00:00+00:00,MSFT,1,0.014360224645058262,0.5897550941517324
logistic_regression,2,2023-06-23T00:00:00+00:00,QQQ,1,0.020250470480697835,0.5590173800701479
logistic_regression,2,2023-06-23T00:00:00+00:00,SPY,1,0.02176274841928194,0.5831982535601609
logistic_regression,2,2023-06-26T00:00:00+00:00,AAPL,1,0.028496608188044226,0.5760981861385386
logistic_regression,2,2023-06-26T00:00:00+00:00,MSFT,1,0.007715685237786429,0.5471652983845708
logistic_regression,2,2023-06-26T00:00:00+00:00,QQQ,1,0.024254284008326188,0.5553498472337229
logistic_regression,2,2023-06-26T00:00:00+00:00,SPY,1,0.02006949276079184,0.577574021361488
logistic_regression,2,2023-06-27T00:00:00+00:00,AAPL,1,0.008144903261500192,0.5811457054646905
logistic_regression,2,2023-06-27T00:00:00+00:00,MSFT,1,0.005874807872290333,0.5513799334422679
logistic_regression,2,2023-06-27T00:00:00+00:00,QQQ,1,0.010491414380582542,0.549066584042086
logistic_regression,2,2023-06-27T00:00:00+00:00,SPY,1,0.008026873994549266,0.5722473025575494
logistic_regression,2,2023-06-28T00:00:00+00:00,AAPL,1,0.010300073563437762,0.5696858594679862
logistic_regression,2,2023-06-28T00:00:00+00:00,MSFT,1,0.011747752665330013,0.5527932968472702
logistic_regression,2,2023-06-28T00:00:00+00:00,QQQ,1,0.006194654889990714,0.5440753080499573
logistic_regression,2,2023-06-28T00:00:00+00:00,SPY,1,0.004114260856243446,0.5683025124601452
logistic_regression,2,2023-06-29T00:00:00+00:00,AAPL,0,-0.014341167364724572,0.5717306502226693
logistic_regression,2,2023-06-29T00:00:00+00:00,MSFT,0,-0.011305772912419854,0.5646114233375882
logistic_regression,2,2023-06-29T00:00:00+00:00,QQQ,0,-0.006315357150973755,0.5527110453338256
logistic_regression,2,2023-06-29T00:00:00+00:00,SPY,0,-0.009368162851676742,0.5802014617515701
logistic_regression,2,2023-06-30T00:00:00+00:00,AAPL,0,-0.025792083962549173,0.5517547800850705
logistic_regression,2,2023-06-30T00:00:00+00:00,MSFT,0,-0.025918982522709744,0.5657357744401542
logistic_regression,2,2023-06-30T00:00:00+00:00,QQQ,0,-0.010843735326073745,0.5524828250326386
logistic_regression,2,2023-06-30T00:00:00+00:00,SPY,0,-0.007563358111617791,0.5840127785052598
logistic_regression,2,2023-07-03T00:00:00+00:00,AAPL,0,-0.011843987448764137,0.544268914098746
logistic_regression,2,2023-07-03T00:00:00+00:00,MSFT,1,0.002499215611588612,0.5598900764803962
logistic_regression,2,2023-07-03T00:00:00+00:00,QQQ,1,0.007854700896925637,0.546873348926182
logistic_regression,2,2023-07-03T00:00:00+00:00,SPY,1,0.008119660055635247,0.572199058380554
logistic_regression,2,2023-07-05T00:00:00+00:00,AAPL,1,0.001471734910743816,0.5534595694675303
logistic_regression,2,2023-07-05T00:00:00+00:00,MSFT,1,0.00468857638620368,0.5706517248362022
logistic_regression,2,2023-07-05T00:00:00+00:00,QQQ,1,0.02397921180528484,0.5526541351519493
logistic_regression,2,2023-07-05T00:00:00+00:00,SPY,1,0.017261533290294784,0.5751693811805245
logistic_regression,2,2023-07-06T00:00:00+00:00,AAPL,0,-0.008150530030672454,0.5564862110472834
logistic_regression,2,2023-07-06T00:00:00+00:00,MSFT,1,0.022325527456905192,0.5905874467316974
logistic_regression,2,2023-07-06T00:00:00+00:00,QQQ,1,0.03159181204405703,0.5540799451723627
logistic_regression,2,2023-07-06T00:00:00+00:00,SPY,1,0.024964046756529745,0.5719214640677932
logistic_regression,2,2023-07-07T00:00:00+00:00,AAPL,1,0.011923375181813967,0.5791880194793089
logistic_regression,2,2023-07-07T00:00:00+00:00,MSFT,1,0.031049884554676277,0.616668207041998
logistic_regression,2,2023-07-07T00:00:00+00:00,QQQ,1,0.03574493673281487,0.5823471733494215
logistic_regression,2,2023-07-07T00:00:00+00:00,SPY,1,0.022941954465988124,0.5863909802209464
logistic_regression,2,2023-07-10T00:00:00+00:00,AAPL,1,0.02010847164601226,0.5759931790433536
logistic_regression,2,2023-07-10T00:00:00+00:00,MSFT,1,0.04252713711790235,0.5934064508545359
logistic_regression,2,2023-07-10T00:00:00+00:00,QQQ,1,0.039278150542712,0.5838319729224274
logistic_regression,2,2023-07-10T00:00:00+00:00,SPY,1,0.02077391547438845,0.5913970966282419
logistic_regression,2,2023-07-11T00:00:00+00:00,AAPL,1,0.01599617172041956,0.57513479030535
logistic_regression,2,2023-07-11T00:00:00+00:00,MSFT,1,0.07257064904077004,0.5853259493605376
logistic_regression,2,2023-07-11T00:00:00+00:00,QQQ,1,0.03681357801189056,0.5859296311608511
logistic_regression,2,2023-07-11T00:00:00+00:00,SPY,1,0.017273878763352624,0.5931556049227098
logistic_regression,2,2023-07-12T00:00:00+00:00,AAPL,1,0.022048486210194618,0.5669287838940947
logistic_regression,2,2023-07-12T00:00:00+00:00,MSFT,1,0.03917923807447954,0.5815293448394521
logistic_regression,2,2023-07-12T00:00:00+00:00,QQQ,1,0.015411710526243239,0.5765777864338014
logistic_regression,2,2023-07-12T00:00:00+00:00,SPY,1,0.011972682164679727,0.5840693940380004
logistic_regression,2,2023-07-13T00:00:00+00:00,AAPL,1,0.01830537709982627,0.5748187688438182
logistic_regression,2,2023-07-13T00:00:00+00:00,MSFT,1,0.0024810883070169876,0.5895046586579565
logistic_regression,2,2023-07-13T00:00:00+00:00,QQQ,0,-0.003076001045209109,0.5656987586620892
logistic_regression,2,2023-07-13T00:00:00+00:00,SPY,1,0.0057114800532771515,0.574194685959114
logistic_regression,2,2023-07-14T00:00:00+00:00,AAPL,1,0.005855125876481626,0.575184536517724
logistic_regression,2,2023-07-14T00:00:00+00:00,MSFT,0,-0.001506971514553257,0.5861430652130314
logistic_regression,2,2023-07-14T00:00:00+00:00,QQQ,0,-0.010354055178480537,0.5658846327063872
logistic_regression,2,2023-07-14T00:00:00+00:00,SPY,1,0.007423435533986167,0.5768853661155305
logistic_regression,2,2023-07-17T00:00:00+00:00,AAPL,0,-0.00210115696538149,0.5781692420170739
logistic_regression,2,2023-07-17T00:00:00+00:00,MSFT,1,0.0016957121400889008,0.5718888642004162
logistic_regression,2,2023-07-17T00:00:00+00:00,QQQ,0,-0.015088205775556918,0.5610623142679692
logistic_regression,2,2023-07-17T00:00:00+00:00,SPY,1,0.005578506215156542,0.5725437635263146
logistic_regression,2,2023-07-18T00:00:00+00:00,AAPL,1,0.0009479747689775664,0.5843051863858167
logistic_regression,2,2023-07-18T00:00:00+00:00,MSFT,0,-0.05802964744415928,0.5697233319409056
logistic_regression,2,2023-07-18T00:00:00+00:00,QQQ,0,-0.025476149180194918,0.5665982724984744
logistic_regression,2,2023-07-18T00:00:00+00:00,SPY,0,-0.0031824499357632208,0.5774392937841519
logistic_regression,2,2023-07-19T00:00:00+00:00,AAPL,1,0.0027594281271037246,0.5682691001530623
logistic_regression,2,2023-07-19T00:00:00+00:00,MSFT,0,-0.03894671269470884,0.5690117592781984
logistic_regression,2,2023-07-19T00:00:00+00:00,QQQ,0,-0.0007980554895106184,0.5641192763115684
logistic_regression,2,2023-07-19T00:00:00+00:00,SPY,1,0.008659488499617174,0.5742085398244864
logistic_regression,2,2023-07-20T00:00:00+00:00,AAPL,1,0.0009326541171903457,0.5751789380294645
logistic_regression,2,2023-07-20T00:00:00+00:00,MSFT,0,-0.04624568087809311,0.5769562388702828
logistic_regression,2,2023-07-20T00:00:00+00:00,QQQ,1,0.0021081033491154866,0.5702998262417945
logistic_regression,2,2023-07-20T00:00:00+00:00,SPY,1,0.0022230256113844327,0.5769100115844331
logistic_regression,2,2023-07-21T00:00:00+00:00,AAPL,1,0.011675848927661603,0.5686600587690367
logistic_regression,2,2023-07-21T00:00:00+00:00,MSFT,0,-0.027766956367327178,0.5741844154974011
logistic_regression,2,2023-07-21T00:00:00+00:00,QQQ,1,0.01700153713902397,0.5688285266387109
logistic_regression,2,2023-07-21T00:00:00+00:00,SPY,1,0.006895374382915875,0.5773811426070243
logistic_regression,2,2023-07-24T00:00:00+00:00,AAPL,1,0.013024073979258644,0.5720005054362578
logistic_regression,2,2023-07-24T00:00:00+00:00,MSFT,0,-0.03627005098822411,0.5750229729878314
logistic_regression,2,2023-07-24T00:00:00+00:00,QQQ,1,0.012192776609798672,0.5745243567482133
logistic_regression,2,2023-07-24T00:00:00+00:00,SPY,1,0.0031686084056194996,0.5806131169592972
logistic_regression,2,2023-07-25T00:00:00+00:00,AAPL,1,0.005061757768738184,0.5930482992301108
logistic_regression,2,2023-07-25T00:00:00+00:00,MSFT,0,-0.024825942468527207,0.6149570557106921
logistic_regression,2,2023-07-25T00:00:00+00:00,QQQ,1,0.0020709598142334418,0.6036296266805671
logistic_regression,2,2023-07-25T00:00:00+00:00,SPY,0,-0.004677192944450903,0.5969445605618494
logistic_regression,2,2023-07-26T00:00:00+00:00,AAPL,0,-0.024654440322444016,0.5912076529684949
logistic_regression,2,2023-07-26T00:00:00+00:00,MSFT,0,-0.044441012511339584,0.596563652607665
logistic_regression,2,2023-07-26T00:00:00+00:00,QQQ,0,-0.030994738206678862,0.5955009717111667
logistic_regression,2,2023-07-26T00:00:00+00:00,SPY,0,-0.02587080406826192,0.5920279892261445
logistic_regression,2,2023-07-27T00:00:00+00:00,AAPL,0,-0.048906565596814056,0.5856888386442588
logistic_regression,2,2023-07-27T00:00:00+00:00,MSFT,0,-0.007351795513512505,0.583142178174921
logistic_regression,2,2023-07-27T00:00:00+00:00,QQQ,0,-0.01507777319143433,0.5886168223201637
logistic_regression,2,2023-07-27T00:00:00+00:00,SPY,0,-0.013294060792195528,0.5919599705138144
logistic_regression,2,2023-07-28T00:00:00+00:00,AAPL,0,-0.0729055196296512,0.5886838912514674
logistic_regression,2,2023-07-28T00:00:00+00:00,MSFT,0,-0.027324118137248,0.5915052471193311
logistic_regression,2,2023-07-28T00:00:00+00:00,QQQ,0,-0.027767770861856,0.6049553337287777
logistic_regression,2,2023-07-28T00:00:00+00:00,SPY,0,-0.020980259104235066,0.5956903400910557
logistic_regression,2,2023-07-31T00:00:00+00:00,AAPL,0,-0.08616510519549636,0.5739981520753428
logistic_regression,2,2023-07-31T00:00:00+00:00,MSFT,0,-0.026502190688204696,0.5797209818082469
logistic_regression,2,2023-07-31T00:00:00+00:00,QQQ,0,-0.027240921354368508,0.5916791623659129
logistic_regression,2,2023-07-31T00:00:00+00:00,SPY,0,-0.019911973640384217,0.5835651390243253
logistic_regression,2,2023-08-01T00:00:00+00:00,AAPL,0,-0.0745045598826255,0.5759289831553924
logistic_regression,2,2023-08-01T00:00:00+00:00,MSFT,0,-0.023416180171454748,0.5866757238173432
logistic_regression,2,2023-08-01T00:00:00+00:00,QQQ,0,-0.020339173912188646,0.587920605584285
logistic_regression,2,2023-08-01T00:00:00+00:00,SPY,0,-0.011289880429195764,0.5819022485761015
logistic_regression,2,2023-08-02T00:00:00+00:00,AAPL,0,-0.06498190426500228,0.5779533851617942
logistic_regression,2,2023-08-02T00:00:00+00:00,MSFT,0,-0.0019367590690140268,0.5644894091005788
logistic_regression,2,2023-08-02T00:00:00+00:00,QQQ,0,-0.004600752804295949,0.5849101881405998
logistic_regression,2,2023-08-02T00:00:00+00:00,SPY,0,-0.0016638343649720833,0.5816127618945023
logistic_regression,2,2023-08-03T00:00:00+00:00,AAPL,0,-0.044821694865152306,0.5789859337214454
logistic_regression,2,2023-08-03T00:00:00+00:00,MSFT,0,-0.03694067352866259,0.5511693510763368
logistic_regression,2,2023-08-03T00:00:00+00:00,QQQ,0,-0.02792080778504258,0.587229674654185
logistic_regression,2,2023-08-03T00:00:00+00:00,SPY,0,-0.01694413304395026,0.5826860699856474
logistic_regression,2,2023-08-04T00:00:00+00:00,AAPL,0,-0.023476502885477535,0.5562738888818665
logistic_regression,2,2023-08-04T00:00:00+00:00,MSFT,0,-0.02321212893711866,0.576184178975458
logistic_regression,2,2023-08-04T00:00:00+00:00,QQQ,0,-0.02455385023101564,0.6008360997688986
logistic_regression,2,2023-08-04T00:00:00+00:00,SPY,0,-0.01091678290241227,0.5944354912927315
logistic_regression,2,2023-08-07T00:00:00+00:00,AAPL,0,-0.005155373046047407,0.5445318520529787
logistic_regression,2,2023-08-07T00:00:00+00:00,MSFT,0,-0.01408530659670082,0.5871826914292259
logistic_regression,2,2023-08-07T00:00:00+00:00,QQQ,0,-0.010782706749961402,0.6129873273778161
logistic_regression,2,2023-08-07T00:00:00+00:00,SPY,0,-0.00602946857642761,0.60770806031576
logistic_regression,2,2023-08-08T00:00:00+00:00,AAPL,0,-0.02131473200064382,0.551116429154491
logistic_regression,2,2023-08-08T00:00:00+00:00,MSFT,0,-0.017254547925396047,0.5698369207780956
logistic_regression,2,2023-08-08T00:00:00+00:00,QQQ,0,-0.019208183467767093,0.6113905746656884
logistic_regression,2,2023-08-08T00:00:00+00:00,SPY,0,-0.01660039951487302,0.6089082393450949
logistic_regression,2,2023-08-09T00:00:00+00:00,AAPL,0,-0.013679477811881613,0.5366971136854343
logistic_regression,2,2023-08-09T00:00:00+00:00,MSFT,0,-0.016695853379551817,0.5350247370705997
logistic_regression,2,2023-08-09T00:00:00+00:00,QQQ,0,-0.020856681572262503,0.5769107383628564
logistic_regression,2,2023-08-09T00:00:00+00:00,SPY,0,-0.01765195522657592,0.5951656065764671
logistic_regression,2,2023-08-10T00:00:00+00:00,AAPL,0,-0.030251941686190942,0.5349639616831245
logistic_regression,2,2023-08-10T00:00:00+00:00,MSFT,0,-0.01790387169514618,0.5325187449141545
logistic_regression,2,2023-08-10T00:00:00+00:00,QQQ,0,-0.031257321570345775,0.571411603800177
logistic_regression,2,2023-08-10T00:00:00+00:00,SPY,0,-0.025825875967296352,0.5937631781240321
logistic_regression,2,2023-08-11T00:00:00+00:00,AAPL,0,-0.01826001954953904,0.5291135943886314
logistic_regression,2,2023-08-11T00:00:00+00:00,MSFT,0,-0.010651848641392347,0.5326848095963937
logistic_regression,2,2023-08-11T00:00:00+00:00,QQQ,0,-0.01786523497222192,0.5697020216556261
logistic_regression,2,2023-08-11T00:00:00+00:00,SPY,0,-0.01804427925693297,0.597239597789447
logistic_regression,2,2023-08-14T00:00:00+00:00,AAPL,0,-0.012151993997284394,0.5180857215038849
logistic_regression,2,2023-08-14T00:00:00+00:00,MSFT,1,0.007855756219252497,0.5370817215895356
logistic_regression,2,2023-08-14T00:00:00+00:00,QQQ,0,-0.009590423783316537,0.5720196031580159
logistic_regression,2,2023-08-14T00:00:00+00:00,SPY,0,-0.01338078237483542,0.5988779013329195
logistic_regression,2,2023-08-15T00:00:00+00:00,AAPL,1,0.005833589415793927,0.5218985640318423
logistic_regression,2,2023-08-15T00:00:00+00:00,MSFT,1,0.0073970631536122156,0.5207247334461117
logistic_regression,2,2023-08-15T00:00:00+00:00,QQQ,0,-0.005517023877429028,0.5649784316291362
logistic_regression,2,2023-08-15T00:00:00+00:00,SPY,0,-0.009238322143214739,0.5822122210404679
logistic_regression,2,2023-08-16T00:00:00+00:00,AAPL,1,0.017889777739847013,0.5202095172254149
logistic_regression,2,2023-08-16T00:00:00+00:00,MSFT,1,0.03632932511103126,0.539943434628001
logistic_regression,2,2023-08-16T00:00:00+00:00,QQQ,1,0.021803329934111604,0.5595489384167365
logistic_regression,2,2023-08-16T00:00:00+00:00,SPY,1,0.005987610209031491,0.5754478064998008
logistic_regression,2,2023-08-17T00:00:00+00:00,AAPL,1,0.02742665893558449,0.5175471825814527
logistic_regression,2,2023-08-17T00:00:00+00:00,MSFT,1,0.02015230145447089,0.5470881139918395
logistic_regression,2,2023-08-17T00:00:00+00:00,QQQ,1,0.01713284879574939,0.561218705558975
logistic_regression,2,2023-08-17T00:00:00+00:00,SPY,1,0.010230305743674784,0.572966720103966
logistic_regression,2,2023-08-18T00:00:00+00:00,AAPL,1,0.026618647048119115,0.5326227334535195
logistic_regression,2,2023-08-18T00:00:00+00:00,MSFT,1,0.022266969182417107,0.5658810895715038
logistic_regression,2,2023-08-18T00:00:00+00:00,QQQ,1,0.018455091522971534,0.5718463919137408
logistic_regression,2,2023-08-18T00:00:00+00:00,SPY,1,0.00869941998531254,0.5790009907139885
logistic_regression,2,2023-08-21T00:00:00+00:00,AAPL,1,0.012882549673052246,0.537667648601665
logistic_regression,2,2023-08-21T00:00:00+00:00,MSFT,0,-0.013097118144314024,0.5756705870850995
logistic_regression,2,2023-08-21T00:00:00+00:00,QQQ,0,-0.0019707464060431112,0.5801374632222469
logistic_regression,2,2023-08-21T00:00:00+00:00,SPY,1,0.001327309003107624,0.5819438780625169
logistic_regression,2,2023-08-22T00:00:00+00:00,AAPL,1,0.033892478980268814,0.5411840155231934
logistic_regression,2,2023-08-22T00:00:00+00:00,MSFT,1,0.012949679823319071,0.5957248635309542
logistic_regression,2,2023-08-22T00:00:00+00:00,QQQ,1,0.026197555143529394,0.5757139817230316
logistic_regression,2,2023-08-22T00:00:00+00:00,SPY,1,0.021313339269251053,0.5798957102467007
logistic_regression,2,2023-08-23T00:00:00+00:00,AAPL,1,0.03760836586213223,0.5436667051920944
logistic_regression,2,2023-08-23T00:00:00+00:00,MSFT,0,-0.01294199023416065,0.6103224935328008
logistic_regression,2,2023-08-23T00:00:00+00:00,QQQ,1,0.009518136667971522,0.5764043447474121
logistic_regression,2,2023-08-23T00:00:00+00:00,SPY,1,0.013622088316321834,0.5816254032558389
logistic_regression,2,2023-08-24T00:00:00+00:00,AAPL,1,0.06613699701920961,0.5486154069123166
logistic_regression,2,2023-08-24T00:00:00+00:00,MSFT,1,0.02855027009813549,0.613003566189542
logistic_regression,2,2023-08-24T00:00:00+00:00,QQQ,1,0.04852637312364072,0.5712855913181067
logistic_regression,2,2023-08-24T00:00:00+00:00,SPY,1,0.030967088798008913,0.5807251886812279
logistic_regression,2,2023-08-25T00:00:00+00:00,AAPL,1,0.04338841094080892,0.5509421623489843
logistic_regression,2,2023-08-25T00:00:00+00:00,MSFT,1,0.008237361185869041,0.6050844873791815
logistic_regression,2,2023-08-25T00:00:00+00:00,QQQ,1,0.024597810853037805,0.564673583018867
logistic_regression,2,2023-08-25T00:00:00+00:00,SPY,1,0.017161325853407794,0.5812924574009081
logistic_regression,2,2023-08-28T00:00:00+00:00,AAPL,1,0.046319073563243496,0.5595781431006757
logistic_regression,2,2023-08-28T00:00:00+00:00,MSFT,1,0.033658321838615946,0.603469712215689
logistic_regression,2,2023-08-28T00:00:00+00:00,QQQ,1,0.027188452985822176,0.5715245320624611
logistic_regression,2,2023-08-28T00:00:00+00:00,SPY,1,0.010966129934234958,0.5841675663065302
logistic_regression,2,2023-08-29T00:00:00+00:00,AAPL,0,-0.05466642631972163,0.5883762722147114
logistic_regression,2,2023-08-29T00:00:00+00:00,MSFT,1,0.005957760864101269,0.6273063224788062
logistic_regression,2,2023-08-29T00:00:00+00:00,QQQ,0,-0.014430406119976258,0.6001985130668784
logistic_regression,2,2023-08-29T00:00:00+00:00,SPY,0,-0.016207335697447478,0.6036024878493503
logistic_regression,2,2023-08-30T00:00:00+00:00,AAPL,0,-0.052418846984635725,0.6129343398825302
logistic_regression,2,2023-08-30T00:00:00+00:00,MSFT,1,0.0007000677390875953,0.6430103599356612
logistic_regression,2,2023-08-30T00:00:00+00:00,QQQ,0,-0.015050790098254607,0.610449044262783
logistic_regression,2,2023-08-30T00:00:00+00:00,SPY,0,-0.01691333655123739,0.6138187329814565
logistic_regression,2,2023-08-31T00:00:00+00:00,AAPL,0,-0.051611049645018836,0.625275854961773
logistic_regression,2,2023-08-31T00:00:00+00:00,MSFT,1,0.01586507018050831,0.6427763592764631
logistic_regression,2,2023-08-31T00:00:00+00:00,QQQ,0,-0.014433699702075642,0.6089080345212304
logistic_regression,2,2023-08-31T00:00:00+00:00,SPY,0,-0.01285524977867436,0.6138347526347232
logistic_regression,2,2023-09-01T00:00:00+00:00,AAPL,0,-0.048590479641767104,0.6327657559251982
logistic_regression,2,2023-09-01T00:00:00+00:00,MSFT,1,0.01869019712820319,0.634986115570269
logistic_regression,2,2023-09-01T00:00:00+00:00,QQQ,0,-0.005971188034090691,0.6081378335650347
logistic_regression,2,2023-09-01T00:00:00+00:00,SPY,0,-0.010367421367216245,0.6160861262285174
logistic_regression,2,2023-09-05T00:00:00+00:00,AAPL,0,-0.0649822718830586,0.6382547910363486
logistic_regression,2,2023-09-05T00:00:00+00:00,MSFT,0,-0.008194865592541567,0.6301968174732568
logistic_regression,2,2023-09-05T00:00:00+00:00,QQQ,0,-0.013240341177690684,0.6101050303945672
logistic_regression,2,2023-09-05T00:00:00+00:00,SPY,0,-0.00685015822821522,0.6164169537164434
logistic_regression,2,2023-09-06T00:00:00+00:00,AAPL,0,-0.008720398976946986,0.6401625867593013
logistic_regression,2,2023-09-06T00:00:00+00:00,MSFT,1,0.021679962507026307,0.6433135912780553
logistic_regression,2,2023-09-06T00:00:00+00:00,QQQ,1,0.013583460007781545,0.6241061241270663
logistic_regression,2,2023-09-06T00:00:00+00:00,SPY,1,0.011425660431940043,0.62426289546375
logistic_regression,2,2023-09-07T00:00:00+00:00,AAPL,0,-0.01246196495760854,0.6413999392336981
logistic_regression,2,2023-09-07T00:00:00+00:00,MSFT,1,0.018652021787371798,0.639099286318484
logistic_regression,2,2023-09-07T00:00:00+00:00,QQQ,1,0.008464428992603246,0.6239266593760356
logistic_regression,2,2023-09-07T00:00:00+00:00,SPY,1,0.006564888984674555,0.6253845139312577
logistic_regression,2,2023-09-08T00:00:00+00:00,AAPL,0,-0.02189479714188569,0.6384975284881442
logistic_regression,2,2023-09-08T00:00:00+00:00,MSFT,0,-0.029934129787086206,0.6351120431548836
logistic_regression,2,2023-09-08T00:00:00+00:00,QQQ,0,-0.017420900437503106,0.6229902364522373
logistic_regression,2,2023-09-08T00:00:00+00:00,SPY,0,-0.010073929896734057,0.6260410053749509
logistic_regression,2,2023-09-11T00:00:00+00:00,AAPL,0,-0.01295166008444526,0.6387783060377649
logistic_regression,2,2023-09-11T00:00:00+00:00,MSFT,0,-0.03067608322071036,0.629194420184748
logistic_regression,2,2023-09-11T00:00:00+00:00,QQQ,0,-0.016399616612950085,0.6298370601383514
logistic_regression,2,2023-09-11T00:00:00+00:00,SPY,0,-0.008046155519328746,0.6284174109126885
logistic_regression,2,2023-09-12T00:00:00+00:00,AAPL,1,0.013550765758398864,0.624393913339225
logistic_regression,2,2023-09-12T00:00:00+00:00,MSFT,0,-0.007420011448924124,0.6168278596089464
logistic_regression,2,2023-09-12T00:00:00+00:00,QQQ,0,-0.006126216206084001,0.6163498410212577
logistic_regression,2,2023-09-12T00:00:00+00:00,SPY,0,-0.0034379387606853218,0.620720965919102
logistic_regression,2,2023-09-13T00:00:00+00:00,AAPL,1,0.0011567076634868556,0.6198346618601874
logistic_regression,2,2023-09-13T00:00:00+00:00,MSFT,0,-0.0605274709785425,0.6220993339136598
logistic_regression,2,2023-09-13T00:00:00+00:00,QQQ,0,-0.04093101461097226,0.6185492683855971
logistic_regression,2,2023-09-13T00:00:00+00:00,SPY,0,-0.028295622768901407,0.622899490079319
logistic_regression,2,2023-09-14T00:00:00+00:00,AAPL,0,-0.012233737676049627,0.6151232242901341
logistic_regression,2,2023-09-14T00:00:00+00:00,MSFT,0,-0.048207337544283524,0.6163960002436739
logistic_regression,2,2023-09-14T00:00:00+00:00,QQQ,0,-0.04383758857766418,0.6212450913706141
logistic_regression,2,2023-09-14T00:00:00+00:00,SPY,0,-0.03478565138714795,0.6277043637092383
logistic_regression,2,2023-09-15T00:00:00+00:00,AAPL,0,-0.014891835183042046,0.6193937970213689
logistic_regression,2,2023-09-15T00:00:00+00:00,MSFT,0,-0.036127332072530494,0.6154918329851631
logistic_regression,2,2023-09-15T00:00:00+00:00,QQQ,0,-0.03547928932535549,0.6240663028605152
logistic_regression,2,2023-09-15T00:00:00+00:00,SPY,0,-0.03326372803954725,0.6313554054352462
logistic_regression,2,2023-09-18T00:00:00+00:00,AAPL,0,-0.017177072487375544,0.6198830638838577
logistic_regression,2,2023-09-18T00:00:00+00:00,MSFT,0,-0.035777974349423314,0.6279105630562786
logistic_regression,2,2023-09-18T00:00:00+00:00,QQQ,0,-0.03531727863149703,0.6347576673914306
logistic_regression,2,2023-09-18T00:00:00+00:00,SPY,0,-0.032635970606593845,0.6326536326784503
logistic_regression,2,2023-09-19T00:00:00+00:00,AAPL,0,-0.038965190792506266,0.6119332350845252
logistic_regression,2,2023-09-19T00:00:00+00:00,MSFT,0,-0.05412290512065454,0.6168042966653476
logistic_regression,2,2023-09-19T00:00:00+00:00,QQQ,0,-0.0438874120337307,0.6211724686401824
logistic_regression,2,2023-09-19T00:00:00+00:00,SPY,0,-0.04002906864391598,0.62658985432371
logistic_regression,2,2023-09-20T00:00:00+00:00,AAPL,0,-0.03178662658924902,0.6005123643986909
logistic_regression,2,2023-09-20T00:00:00+00:00,MSFT,0,-0.02784986332205619,0.6151980279127814
logistic_regression,2,2023-09-20T00:00:00+00:00,QQQ,0,-0.020503146985442644,0.6182801380430578
logistic_regression,2,2023-09-20T00:00:00+00:00,SPY,0,-0.025407683225904365,0.6244094225420378
logistic_regression,2,2023-09-21T00:00:00+00:00,AAPL,0,-0.017139026821382686,0.5838195295086618
logistic_regression,2,2023-09-21T00:00:00+00:00,MSFT,0,-0.013086330659620948,0.6039529816241093
logistic_regression,2,2023-09-21T00:00:00+00:00,QQQ,1,0.0033025562413109277,0.5976468452583704
logistic_regression,2,2023-09-21T00:00:00+00:00,SPY,0,-0.0037980539488676746,0.607167225939284
logistic_regression,2,2023-09-22T00:00:00+00:00,AAPL,0,-0.019070290316462013,0.5920603790666115
logistic_regression,2,2023-09-22T00:00:00+00:00,MSFT,0,-0.002975257724797342,0.5897929967066718
logistic_regression,2,2023-09-22T00:00:00+00:00,QQQ,1,0.0025038855426846585,0.5959620320523572
logistic_regression,2,2023-09-22T00:00:00+00:00,SPY,0,-0.007927873234399918,0.6047955827518513
logistic_regression,2,2023-09-25T00:00:00+00:00,AAPL,0,-0.016612465367060292,0.5883713275906387
logistic_regression,2,2023-09-25T00:00:00+00:00,MSFT,1,0.016053717967365655,0.5801275912123154
logistic_regression,2,2023-09-25T00:00:00+00:00,QQQ,1,0.003006165043136111,0.5920583920004368
logistic_regression,2,2023-09-25T00:00:00+00:00,SPY,0,-0.011371314516416597,0.6017924032928873
logistic_regression,2,2023-09-26T00:00:00+00:00,AAPL,0,-0.010843702080530315,0.5648630073460206
logistic_regression,2,2023-09-26T00:00:00+00:00,MSFT,1,0.0035306088198028274,0.5601921754038935
logistic_regression,2,2023-09-26T00:00:00+00:00,QQQ,0,-0.0009029045735230445,0.5720774095755113
logistic_regression,2,2023-09-26T00:00:00+00:00,SPY,0,-0.013728477812236073,0.5858913330181269
logistic_regression,2,2023-09-27T00:00:00+00:00,AAPL,1,0.024228113241946625,0.5383660022857704
logistic_regression,2,2023-09-27T00:00:00+00:00,MSFT,1,0.023995783752564392,0.5314186667771094
logistic_regression,2,2023-09-27T00:00:00+00:00,QQQ,1,0.013869410827809237,0.5534780510890308
logistic_regression,2,2023-09-27T00:00:00+00:00,SPY,0,-0.004625107843779563,0.5741393585427047
logistic_regression,2,2023-09-28T00:00:00+00:00,AAPL,1,0.008328883112891372,0.5264056809416532
logistic_regression,2,2023-09-28T00:00:00+00:00,MSFT,0,-0.005766991984215375,0.5341520353904999
logistic_regression,2,2023-09-28T00:00:00+00:00,QQQ,0,-0.01825707367366103,0.5503709863504813
logistic_regression,2,2023-09-28T00:00:00+00:00,SPY,0,-0.024423980764936792,0.5708464104183902
logistic_regression,2,2023-09-29T00:00:00+00:00,AAPL,1,0.030584779490484104,0.5352341727141265
logistic_regression,2,2023-09-29T00:00:00+00:00,MSFT,1,0.02472859887529988,0.5414717819083241
logistic_regression,2,2023-09-29T00:00:00+00:00,QQQ,1,0.00846798719144548,0.5599493340483197
logistic_regression,2,2023-09-29T00:00:00+00:00,SPY,1,0.00024774954551753936,0.5755954896205644
logistic_regression,2,2023-10-02T00:00:00+00:00,AAPL,1,0.031836534429516394,0.5427868131636424
logistic_regression,2,2023-10-02T00:00:00+00:00,MSFT,1,0.029513346684828967,0.5484367924519128
logistic_regression,2,2023-10-02T00:00:00+00:00,QQQ,1,0.02058909498450534,0.5661808054199087
logistic_regression,2,2023-10-02T00:00:00+00:00,SPY,1,0.016503502628184785,0.578695463902862
logistic_regression,2,2023-10-03T00:00:00+00:00,AAPL,1,0.039476119933415044,0.5652573699822786
logistic_regression,2,2023-10-03T00:00:00+00:00,MSFT,1,0.0526007040008698,0.5309980497939975
logistic_regression,2,2023-10-03T00:00:00+00:00,QQQ,1,0.03775149996848359,0.564060770908413
logistic_regression,2,2023-10-03T00:00:00+00:00,SPY,1,0.03008885248855231,0.5666045901762673
logistic_regression,2,2023-10-04T00:00:00+00:00,AAPL,1,0.03406520834635951,0.5925933412957719
logistic_regression,2,2023-10-04T00:00:00+00:00,MSFT,1,0.0339074560346766,0.5324279378109078
logistic_regression,2,2023-10-04T00:00:00+00:00,QQQ,1,0.03126497129715311,0.5715594333957751
logistic_regression,2,2023-10-04T00:00:00+00:00,SPY,1,0.027610922966550433,0.5718538993956617
logistic_regression,2,2023-10-05T00:00:00+00:00,AAPL,1,0.04175799049272966,0.602293482399428
logistic_regression,2,2023-10-05T00:00:00+00:00,MSFT,1,0.04791018070022024,0.5503583645098974
logistic_regression,2,2023-10-05T00:00:00+00:00,QQQ,1,0.039869756088651176,0.5779473024556031
logistic_regression,2,2023-10-05T00:00:00+00:00,SPY,1,0.029315959098859645,0.5754175810685321
logistic_regression,2,2023-10-06T00:00:00+00:00,AAPL,0,-0.002336586499276261,0.6044621330838514
logistic_regression,2,2023-10-06T00:00:00+00:00,MSFT,1,0.017362810011590568,0.5607821336025037
logistic_regression,2,2023-10-06T00:00:00+00:00,QQQ,1,0.009901909806705245,0.5856867352577181
logistic_regression,2,2023-10-06T00:00:00+00:00,SPY,1,0.012566721595265617,0.5817933066697455
logistic_regression,2,2023-10-09T00:00:00+00:00,AAPL,0,-0.010123252513720704,0.5995527264281567
logistic_regression,2,2023-10-09T00:00:00+00:00,MSFT,0,-0.006129267977449726,0.5536516950334953
logistic_regression,2,2023-10-09T00:00:00+00:00,QQQ,0,-0.004962901920257279,0.574231089396407
logistic_regression,2,2023-10-09T00:00:00+00:00,SPY,0,-0.0022974484980657905,0.5754047864786103
logistic_regression,2,2023-10-10T00:00:00+00:00,AAPL,0,-0.016671023891411285,0.5981979030334368
logistic_regression,2,2023-10-10T00:00:00+00:00,MSFT,1,0.0018589550051084647,0.5563417669895191
logistic_regression,2,2023-10-10T00:00:00+00:00,QQQ,0,-0.013517021047780298,0.5748670355346683
logistic_regression,2,2023-10-10T00:00:00+00:00,SPY,0,-0.005319868792857174,0.5741720315821462
logistic_regression,2,2023-10-11T00:00:00+00:00,AAPL,0,-0.024333494553487767,0.5998146158863147
logistic_regression,2,2023-10-11T00:00:00+00:00,MSFT,1,0.0027720317608250777,0.556680643216291
logistic_regression,2,2023-10-11T00:00:00+00:00,QQQ,0,-0.020576463611004514,0.5771663677445957
logistic_regression,2,2023-10-11T00:00:00+00:00,SPY,0,-0.01570205983188555,0.5764697581438278
logistic_regression,2,2023-10-12T00:00:00+00:00,AAPL,0,-0.035609473691976645,0.5942569946879901
logistic_regression,2,2023-10-12T00:00:00+00:00,MSFT,0,-0.0039798081852020495,0.5775567357459046
logistic_regression,2,2023-10-12T00:00:00+00:00,QQQ,0,-0.031919133465351246,0.5911299729079741
logistic_regression,2,2023-10-12T00:00:00+00:00,SPY,0,-0.023163828436327027,0.5849594207588129
logistic_regression,2,2023-10-13T00:00:00+00:00,AAPL,0,-0.03497310386556618,0.5951239629083065
logistic_regression,2,2023-10-13T00:00:00+00:00,MSFT,0,-0.018819901466267885,0.5947608247385272
logistic_regression,2,2023-10-13T00:00:00+00:00,QQQ,0,-0.03836606276179688,0.6017670065880565
logistic_regression,2,2023-10-13T00:00:00+00:00,SPY,0,-0.03468827328292989,0.5947969400689176
logistic_regression,2,2023-10-16T00:00:00+00:00,AAPL,0,-0.022336471302531802,0.602601276295956
logistic_regression,2,2023-10-16T00:00:00+00:00,MSFT,1,0.003179745581717741,0.6028946110045234
logistic_regression,2,2023-10-16T00:00:00+00:00,QQQ,0,-0.024641973025156694,0.6088182446762287
logistic_regression,2,2023-10-16T00:00:00+00:00,SPY,0,-0.02542570661997534,0.6041184439627805
logistic_regression,2,2023-10-17T00:00:00+00:00,AAPL,0,-0.023029013325486347,0.6037916385486237
logistic_regression,2,2023-10-17T00:00:00+00:00,MSFT,1,0.03561215413594443,0.598642519413868
logistic_regression,2,2023-10-17T00:00:00+00:00,QQQ,0,-0.026479454177896433,0.6080062298206057
logistic_regression,2,2023-10-17T00:00:00+00:00,SPY,0,-0.030269990295106353,0.6104377648857442
logistic_regression,2,2023-10-18T00:00:00+00:00,AAPL,0,-0.03414239443879685,0.6104634369269833
logistic_regression,2,2023-10-18T00:00:00+00:00,MSFT,1,0.023211323254465288,0.6138866699421776
logistic_regression,2,2023-10-18T00:00:00+00:00,QQQ,0,-0.044920711217568354,0.616563332924413
logistic_regression,2,2023-10-18T00:00:00+00:00,SPY,0,-0.0355771800800978,0.6197683675126267
logistic_regression,2,2023-10-19T00:00:00+00:00,AAPL,0,-0.04981738774312161,0.6175840035624158
logistic_regression,2,2023-10-19T00:00:00+00:00,MSFT,0,-0.005879014414684192,0.6175587460883509
logistic_regression,2,2023-10-19T00:00:00+00:00,QQQ,0,-0.038174309412397966,0.6248746511376534
logistic_regression,2,2023-10-19T00:00:00+00:00,SPY,0,-0.029619924510241202,0.6263664911320104
logistic_regression,2,2023-10-20T00:00:00+00:00,AAPL,0,-0.013034452757187842,0.610468223559593
logistic_regression,2,2023-10-20T00:00:00+00:00,MSFT,1,0.02234892675098843,0.6143524801997642
logistic_regression,2,2023-10-20T00:00:00+00:00,QQQ,0,-0.01733844093868675,0.6193948918649335
logistic_regression,2,2023-10-20T00:00:00+00:00,SPY,0,-0.016387280966210782,0.6241872024079779
logistic_regression,2,2023-10-23T00:00:00+00:00,AAPL,0,-0.02333655348998087,0.6074223405966421
logistic_regression,2,2023-10-23T00:00:00+00:00,MSFT,1,0.02074566339029027,0.62032861935939
logistic_regression,2,2023-10-23T00:00:00+00:00,QQQ,0,-0.025111899205005894,0.6235814307890735
logistic_regression,2,2023-10-23T00:00:00+00:00,SPY,0,-0.017275653587226936,0.6240357546043788
logistic_regression,2,2023-10-24T00:00:00+00:00,AAPL,0,-0.007107832841424355,0.6099025727095184
logistic_regression,2,2023-10-24T00:00:00+00:00,MSFT,0,-0.0171262402202097,0.6236492509235021
logistic_regression,2,2023-10-24T00:00:00+00:00,QQQ,0,-0.015931358961795872,0.6268537791083344
logistic_regression,2,2023-10-24T00:00:00+00:00,SPY,0,-0.008361288264742028,0.6289877669257039
logistic_regression,2,2023-10-25T00:00:00+00:00,AAPL,1,0.028170102170317568,0.6136013678511341
logistic_regression,2,2023-10-25T00:00:00+00:00,MSFT,1,0.017637055481411368,0.6160496682240294
logistic_regression,2,2023-10-25T00:00:00+00:00,QQQ,1,0.03350601889174598,0.6100522900189516
logistic_regression,2,2023-10-25T00:00:00+00:00,SPY,1,0.022277790683759013,0.6199325730474995
logistic_regression,2,2023-10-26T00:00:00+00:00,AAPL,1,0.041830272569062465,0.5879327601129647
logistic_regression,2,2023-10-26T00:00:00+00:00,MSFT,1,0.05599209475986888,0.604915733560356
logistic_regression,2,2023-10-26T00:00:00+00:00,QQQ,1,0.050778536879054315,0.5862338733921827
logistic_regression,2,2023-10-26T00:00:00+00:00,SPY,1,0.04366255644797401,0.605002225480935
logistic_regression,2,2023-10-27T00:00:00+00:00,AAPL,1,0.04146028423845172,0.5902466165708493
logistic_regression,2,2023-10-27T00:00:00+00:00,MSFT,1,0.057988134294482574,0.6000377787520043
logistic_regression,2,2023-10-27T00:00:00+00:00,QQQ,1,0.057280024484213765,0.5890539109450429
logistic_regression,2,2023-10-27T00:00:00+00:00,SPY,1,0.0508751543331778,0.6016770369049801
logistic_regression,2,2023-10-30T00:00:00+00:00,AAPL,1,0.055931499139920016,0.584997651861727
logistic_regression,2,2023-10-30T00:00:00+00:00,MSFT,1,0.058527006285509,0.5967409241401561
logistic_regression,2,2023-10-30T00:00:00+00:00,QQQ,1,0.05812830869604513,0.5910488510940195
logistic_regression,2,2023-10-30T00:00:00+00:00,SPY,1,0.044787130649295515,0.6057942722643751
logistic_regression,2,2023-10-31T00:00:00+00:00,AAPL,1,0.06424378557385801,0.5870760414587703
logistic_regression,2,2023-10-31T00:00:00+00:00,MSFT,1,0.06229556326425545,0.6184837423982107
logistic_regression,2,2023-10-31T00:00:00+00:00,QQQ,1,0.058610490732387,0.596200972610529
logistic_regression,2,2023-10-31T00:00:00+00:00,SPY,1,0.041688330888916436,0.6112068810827714
logistic_regression,2,2023-11-01T00:00:00+00:00,AAPL,1,0.040305638035552205,0.5818606515122355
logistic_regression,2,2023-11-01T00:00:00+00:00,MSFT,1,0.04128605271809849,0.6083263168905024
logistic_regression,2,2023-11-01T00:00:00+00:00,QQQ,1,0.03140310428254489,0.5869011962378475
logistic_regression,2,2023-11-01T00:00:00+00:00,SPY,1,0.025725669574425458,0.6059064881693217
logistic_regression,2,2023-11-02T00:00:00+00:00,AAPL,1,0.05512095604987599,0.5682617436042984
logistic_regression,2,2023-11-02T00:00:00+00:00,MSFT,1,0.03185558267666466,0.60824104103639
logistic_regression,2,2023-11-02T00:00:00+00:00,QQQ,1,0.017346583449846076,0.5801445341422028
logistic_regression,2,2023-11-02T00:00:00+00:00,SPY,1,0.004545583765330985,0.6017081253127838
logistic_regression,2,2023-11-03T00:00:00+00:00,AAPL,1,0.05280102119994168,0.5688388955289636
logistic_regression,2,2023-11-03T00:00:00+00:00,MSFT,1,0.03970661607459203,0.5918973907819355
logistic_regression,2,2023-11-03T00:00:00+00:00,QQQ,1,0.02048138257091603,0.5789417987103612
logistic_regression,2,2023-11-03T00:00:00+00:00,SPY,1,0.006619120136678092,0.5965982101903378
logistic_regression,2,2023-11-06T00:00:00+00:00,AAPL,1,0.04683442117414027,0.567064995654931
logistic_regression,2,2023-11-06T00:00:00+00:00,MSFT,1,0.03024144126397843,0.581726612645046
logistic_regression,2,2023-11-06T00:00:00+00:00,QQQ,1,0.03422743929955252,0.5762014938074372
logistic_regression,2,2023-11-06T00:00:00+00:00,SPY,1,0.02235144837038039,0.5919132635255014
logistic_regression,2,2023-11-07T00:00:00+00:00,AAPL,1,0.029457852974116294,0.5641656313502537
logistic_regression,2,2023-11-07T00:00:00+00:00,MSFT,1,0.02657085889038968,0.5740222890992526
logistic_regression,2,2023-11-07T00:00:00+00:00,QQQ,1,0.035907389585678295,0.570038103590487
logistic_regression,2,2023-11-07T00:00:00+00:00,SPY,1,0.026649917301339254,0.5863355369225867
logistic_regression,2,2023-11-08T00:00:00+00:00,AAPL,1,0.03542034798982696,0.5504785959720817
logistic_regression,2,2023-11-08T00:00:00+00:00,MSFT,1,0.023930939482610825,0.5593913664119196
logistic_regression,2,2023-11-08T00:00:00+00:00,QQQ,1,0.02791756262841405,0.5612491822869218
logistic_regression,2,2023-11-08T00:00:00+00:00,SPY,1,0.02256326435085443,0.5804817345866518
logistic_regression,2,2023-11-09T00:00:00+00:00,AAPL,1,0.032069797485079876,0.5436511408428647
logistic_regression,2,2023-11-09T00:00:00+00:00,MSFT,1,0.033556500065308636,0.5565223947254002
logistic_regression,2,2023-11-09T00:00:00+00:00,QQQ,1,0.03394206849712167,0.564303298852489
logistic_regression,2,2023-11-09T00:00:00+00:00,SPY,1,0.030644582595934722,0.5847594196201729
logistic_regression,2,2023-11-10T00:00:00+00:00,AAPL,1,0.019861215873497207,0.5342420348805703
logistic_regression,2,2023-11-10T00:00:00+00:00,MSFT,1,0.008174781048604585,0.5563898266373548
logistic_regression,2,2023-11-10T00:00:00+00:00,QQQ,1,0.022529079580906775,0.5648625180312538
logistic_regression,2,2023-11-10T00:00:00+00:00,SPY,1,0.02367742120529126,0.5861821158073427
logistic_regression,2,2023-11-13T00:00:00+00:00,AAPL,1,0.01772812240278898,0.5288005997498232
logistic_regression,2,2023-11-13T00:00:00+00:00,MSFT,1,0.012588226073132036,0.5407897457995853
logistic_regression,2,2023-11-13T00:00:00+00:00,QQQ,1,0.01178683476819109,0.556437515824524
logistic_regression,2,2023-11-13T00:00:00+00:00,SPY,1,0.013341359293725708,0.5775010615460935
logistic_regression,2,2023-11-14T00:00:00+00:00,AAPL,1,0.01734051563262695,0.5310459894634132
logistic_regression,2,2023-11-14T00:00:00+00:00,MSFT,1,0.01606544662993792,0.5368176745845248
logistic_regression,2,2023-11-14T00:00:00+00:00,QQQ,1,0.006558222514958301,0.5491216383484584
logistic_regression,2,2023-11-14T00:00:00+00:00,SPY,1,0.00880001094190419,0.5695199983226996
logistic_regression,2,2023-11-15T00:00:00+00:00,AAPL,1,0.0048457974038300655,0.5424519297216314
logistic_regression,2,2023-11-15T00:00:00+00:00,MSFT,1,0.015139508603832619,0.5360284113426508
logistic_regression,2,2023-11-15T00:00:00+00:00,QQQ,1,0.010475635415398088,0.5535453719334531
logistic_regression,2,2023-11-15T00:00:00+00:00,SPY,1,0.010998575098731367,0.5725009853391217
logistic_regression,2,2023-11-16T00:00:00+00:00,AAPL,0,-0.003729035091034949,0.5442423091632825
logistic_regression,2,2023-11-16T00:00:00+00:00,MSFT,1,0.0064699469236624285,0.5214733438647807
logistic_regression,2,2023-11-16T00:00:00+00:00,QQQ,1,0.007847024173656125,0.5529658098075036
logistic_regression,2,2023-11-16T00:00:00+00:00,SPY,1,0.0077771941543498535,0.5703137204582919
logistic_regression,2,2023-11-17T00:00:00+00:00,AAPL,0,-0.0025762750421822744,0.55035824451999
logistic_regression,2,2023-11-17T00:00:00+00:00,MSFT,1,0.01717088708024428,0.5243868243779934
logistic_regression,2,2023-11-17T00:00:00+00:00,QQQ,1,0.004102971743967565,0.560120193420387
logistic_regression,2,2023-11-17T00:00:00+00:00,SPY,1,0.005865694174479685,0.5741818525079989
logistic_regression,2,2023-11-20T00:00:00+00:00,AAPL,0,-0.004657209265665041,0.533779829179459
logistic_regression,2,2023-11-20T00:00:00+00:00,MSFT,1,0.01949372592919696,0.511771133406294
logistic_regression,2,2023-11-20T00:00:00+00:00,QQQ,1,0.0074430705795791585,0.5402050557828935
logistic_regression,2,2023-11-20T00:00:00+00:00,SPY,1,0.006744738292661756,0.5624131156433533
logistic_regression,2,2023-11-21T00:00:00+00:00,AAPL,0,-0.010597353776277019,0.5359280680183915
logistic_regression,2,2023-11-21T00:00:00+00:00,MSFT,0,-0.0007042366920141374,0.5069910029190803
logistic_regression,2,2023-11-21T00:00:00+00:00,QQQ,0,-0.003250149644355771,0.5379921046268534
logistic_regression,2,2023-11-21T00:00:00+00:00,SPY,0,-0.0009013553740054858,0.559142881716703
logistic_regression,2,2023-11-22T00:00:00+00:00,AAPL,0,-0.004821421340608145,0.5425432337640824
logistic_regression,2,2023-11-22T00:00:00+00:00,MSFT,0,-0.003505619174787755,0.47969906998341405
logistic_regression,2,2023-11-22T00:00:00+00:00,QQQ,0,-0.00686451190633075,0.5413883863631526
logistic_regression,2,2023-11-22T00:00:00+00:00,SPY,0,-0.00046292860625751775,0.5593334034710961
logistic_regression,2,2023-11-24T00:00:00+00:00,AAPL,0,-0.0016828172495038096,0.5515660417857899
logistic_regression,2,2023-11-24T00:00:00+00:00,MSFT,0,-0.022340691732962492,0.49702045440371606
logistic_regression,2,2023-11-24T00:00:00+00:00,QQQ,0,-0.00948933733943047,0.5428648267582666
logistic_regression,2,2023-11-24T00:00:00+00:00,SPY,1,8.733446822728475e-05,0.5533072654846972
logistic_regression,2,2023-11-27T00:00:00+00:00,AAPL,1,0.00026328673956910187,0.5555914860935158
logistic_regression,2,2023-11-27T00:00:00+00:00,MSFT,0,-0.033387548787230714,0.5197000286585276
logistic_regression,2,2023-11-27T00:00:00+00:00,QQQ,0,-0.012327464407799527,0.5518453527755206
logistic_regression,2,2023-11-27T00:00:00+00:00,SPY,1,0.000595724303907641,0.5663799632649865
logistic_regression,2,2023-11-28T00:00:00+00:00,AAPL,1,0.016561117885091958,0.5410656683566842
logistic_regression,2,2023-11-28T00:00:00+00:00,MSFT,0,-0.028575986383753027,0.5046488202636176
logistic_regression,2,2023-11-28T00:00:00+00:00,QQQ,0,-0.008148327456968918,0.5467204078377006
logistic_regression,2,2023-11-28T00:00:00+00:00,SPY,1,0.0016260304181303642,0.5620169805770999
logistic_regression,2,2023-11-29T00:00:00+00:00,AAPL,1,0.01792634410777283,0.5492588227759438
logistic_regression,2,2023-11-29T00:00:00+00:00,MSFT,0,-0.02905158447652345,0.5205917488689312
logistic_regression,2,2023-11-29T00:00:00+00:00,QQQ,0,-0.007140432611658198,0.5562069549959973
logistic_regression,2,2023-11-29T00:00:00+00:00,SPY,1,0.0011353288192756938,0.5645011509863372
logistic_regression,2,2023-11-30T00:00:00+00:00,AAPL,1,0.018294404800141884,0.5590534313965274
logistic_regression,2,2023-11-30T00:00:00+00:00,MSFT,0,-0.022023628828178876,0.5234072624979623
logistic_regression,2,2023-11-30T00:00:00+00:00,QQQ,1,0.0003699591834827043,0.5664574211222299
logistic_regression,2,2023-11-30T00:00:00+00:00,SPY,1,0.0017026606408094835,0.5779673225266936
logistic_regression,2,2023-12-01T00:00:00+00:00,AAPL,1,0.0144445363633805,0.5458104513384189
logistic_regression,2,2023-12-01T00:00:00+00:00,MSFT,0,-0.003674273330010136,0.5309720574931891
logistic_regression,2,2023-12-01T00:00:00+00:00,QQQ,1,0.012606605619438938,0.5722175248568349
logistic_regression,2,2023-12-01T00:00:00+00:00,SPY,1,0.006961183913009039,0.5736481095279261
logistic_regression,2,2023-12-04T00:00:00+00:00,AAPL,1,0.013060595030836897,0.5560965198113179
logistic_regression,2,2023-12-04T00:00:00+00:00,MSFT,1,0.009985085682522321,0.5352088554146999
logistic_regression,2,2023-12-04T00:00:00+00:00,QQQ,1,0.027003155293759296,0.5655790088854554
logistic_regression,2,2023-12-04T00:00:00+00:00,SPY,1,0.01196603696245191,0.564434608646374
logistic_regression,2,2023-12-05T00:00:00+00:00,AAPL,1,0.001286591333274023,0.5610350339013918
logistic_regression,2,2023-12-05T00:00:00+00:00,MSFT,1,0.004627950647902779,0.549847331294383
logistic_regression,2,2023-12-05T00:00:00+00:00,QQQ,1,0.021911819790680687,0.5649484134332274
logistic_regression,2,2023-12-05T00:00:00+00:00,SPY,1,0.010357107252382258,0.5605875843313094
logistic_regression,2,2023-12-06T00:00:00+00:00,AAPL,1,0.020628652017054883,0.5587850221169788
logistic_regression,2,2023-12-06T00:00:00+00:00,MSFT,1,0.011770176586293424,0.5475084069857225
logistic_regression,2,2023-12-06T00:00:00+00:00,QQQ,1,0.04148953262399613,0.5626501346361744
logistic_regression,2,2023-12-06T00:00:00+00:00,SPY,1,0.032054366356061736,0.5623613009309459
logistic_regression,2,2023-12-07T00:00:00+00:00,AAPL,1,0.015115198010054343,0.5606861548336
logistic_regression,2,2023-12-07T00:00:00+00:00,MSFT,0,-0.008350517665115964,0.5499189443862181
logistic_regression,2,2023-12-07T00:00:00+00:00,QQQ,1,0.03782753084809287,0.5677305899518461
logistic_regression,2,2023-12-07T00:00:00+00:00,SPY,1,0.02839947694004774,0.5646602499753443
logistic_regression,2,2023-12-08T00:00:00+00:00,AAPL,1,0.013402856135559915,0.5751220480785465
logistic_regression,2,2023-12-08T00:00:00+00:00,MSFT,1,0.0006291509219871205,0.5744300417402607
logistic_regression,2,2023-12-08T00:00:00+00:00,QQQ,1,0.03366557687452554,0.5858116950774636
logistic_regression,2,2023-12-08T00:00:00+00:00,SPY,1,0.02665870935047776,0.5806076533997399
logistic_regression,2,2023-12-11T00:00:00+00:00,AAPL,1,0.01392209726564353,0.5519733338497298
logistic_regression,2,2023-12-11T00:00:00+00:00,MSFT,0,-0.0002758218776722776,0.5534675300686769
logistic_regression,2,2023-12-11T00:00:00+00:00,QQQ,1,0.030281507309039446,0.5636055069920548
logistic_regression,2,2023-12-11T00:00:00+00:00,SPY,1,0.025708635785717915,0.5660014432074147
logistic_regression,2,2023-12-12T00:00:00+00:00,AAPL,1,0.007261083540965219,0.5755477388798895
logistic_regression,2,2023-12-12T00:00:00+00:00,MSFT,0,-0.004705299399761942,0.5687058519727279
logistic_regression,2,2023-12-12T00:00:00+00:00,QQQ,1,0.021841160163021067,0.5808259039348169
logistic_regression,2,2023-12-12T00:00:00+00:00,SPY,1,0.02247794257554503,0.584822405100334
logistic_regression,2,2023-12-13T00:00:00+00:00,AAPL,0,-0.011674654354777325,0.5709713373814018
logistic_regression,2,2023-12-13T00:00:00+00:00,MSFT,0,-0.004003097741206663,0.5755845759697161
logistic_regression,2,2023-12-13T00:00:00+00:00,QQQ,1,0.005131257417512192,0.5666422067733309
logistic_regression,2,2023-12-13T00:00:00+00:00,SPY,0,-0.00043295605899862366,0.5717520201146897
logistic_regression,2,2023-12-14T00:00:00+00:00,AAPL,0,-0.01387140600496084,0.576574771399348
logistic_regression,2,2023-12-14T00:00:00+00:00,MSFT,1,0.0165827243315968,0.5598523307007803
logistic_regression,2,2023-12-14T00:00:00+00:00,QQQ,1,0.011920877492071602,0.5641392120189858
logistic_regression,2,2023-12-14T00:00:00+00:00,SPY,1,0.007291318568608096,0.5697212536414916
logistic_regression,2,2023-12-15T00:00:00+00:00,AAPL,0,-0.014619944851496758,0.571939717002007
logistic_regression,2,2023-12-15T00:00:00+00:00,MSFT,1,0.012994339484984518,0.5672398493345372
logistic_regression,2,2023-12-15T00:00:00+00:00,QQQ,1,0.0086492823521096,0.5652349653629086
logistic_regression,2,2023-12-15T00:00:00+00:00,SPY,1,0.004549614109769173,0.5716369767621353
logistic_regression,2,2023-12-18T00:00:00+00:00,AAPL,0,-0.020669966694204178,0.5579592387839989
logistic_regression,2,2023-12-18T00:00:00+00:00,MSFT,1,0.003912364255993062,0.5653015745299104
logistic_regression,2,2023-12-18T00:00:00+00:00,QQQ,1,0.006881765512906757,0.5566051024753483
logistic_regression,2,2023-12-18T00:00:00+00:00,SPY,1,0.0041480040489974,0.5692132022786301
logistic_regression,2,2023-12-19T00:00:00+00:00,AAPL,0,-0.015986981161507097,0.5544763584443413
logistic_regression,2,2023-12-19T00:00:00+00:00,MSFT,0,-0.0010132559116362572,0.5569543678864775
logistic_regression,2,2023-12-19T00:00:00+00:00,QQQ,1,0.00909047424927234,0.5461130538161456
logistic_regression,2,2023-12-19T00:00:00+00:00,SPY,1,0.004150649747387769,0.5599228775573174
logistic_regression,2,2023-12-20T00:00:00+00:00,AAPL,0,-0.013194186836250177,0.5608078803765733
logistic_regression,2,2023-12-20T00:00:00+00:00,MSFT,1,0.007217162007527422,0.5675604996160608
logistic_regression,2,2023-12-20T00:00:00+00:00,QQQ,1,0.008878816498791853,0.5473188193347169
logistic_regression,2,2023-12-20T00:00:00+00:00,SPY,1,0.008927768116965495,0.5647862090661688
logistic_regression,2,2023-12-21T00:00:00+00:00,AAPL,0,-0.04305725488895862,0.5570492497082914
logistic_regression,2,2023-12-21T00:00:00+00:00,MSFT,0,-0.0015173797414893553,0.5575341617214553
logistic_regression,2,2023-12-21T00:00:00+00:00,QQQ,0,-0.009187952269269384,0.5467159432801318
logistic_regression,2,2023-12-21T00:00:00+00:00,SPY,0,-0.0055781896286398736,0.564732214996551
logistic_regression,2,2023-12-22T00:00:00+00:00,AAPL,0,-0.050400770842061515,0.5577285722394111
logistic_regression,2,2023-12-22T00:00:00+00:00,MSFT,0,-0.017939375718298955,0.5709865329764238
logistic_regression,2,2023-12-22T00:00:00+00:00,QQQ,0,-0.024212948990652294,0.5522940867619454
logistic_regression,2,2023-12-22T00:00:00+00:00,SPY,0,-0.009660851858414587,0.568193144628224
logistic_regression,2,2023-12-26T00:00:00+00:00,AAPL,0,-0.05560784375323946,0.558729685986279
logistic_regression,2,2023-12-26T00:00:00+00:00,MSFT,0,-0.010063608375840527,0.578252663864641
logistic_regression,2,2023-12-26T00:00:00+00:00,QQQ,0,-0.037235912806576565,0.5549800332781063
logistic_regression,2,2023-12-26T00:00:00+00:00,SPY,0,-0.01698560879034794,0.5702677712586326
logistic_regression,2,2023-12-27T00:00:00+00:00,AAPL,0,-0.06445663535496582,0.5616129232632412
logistic_regression,2,2023-12-27T00:00:00+00:00,MSFT,0,-0.01901388903216006,0.5801924771814946
logistic_regression,2,2023-12-27T00:00:00+00:00,QQQ,0,-0.04122441091070905,0.5490395877131116
logistic_regression,2,2023-12-27T00:00:00+00:00,SPY,0,-0.021649199829209098,0.5654290111365687
logistic_regression,2,2023-12-28T00:00:00+00:00,AAPL,0,-0.06278420451333089,0.5667663310202037
logistic_regression,2,2023-12-28T00:00:00+00:00,MSFT,0,-0.01978179379473821,0.5902251472158733
logistic_regression,2,2023-12-28T00:00:00+00:00,QQQ,0,-0.034247341510511675,0.545410777782471
logistic_regression,2,2023-12-28T00:00:00+00:00,SPY,0,-0.01887950989798437,0.5614023455229757
logistic_regression,2,2023-12-29T00:00:00+00:00,AAPL,0,-0.01922235596196098,0.5677592780644709
logistic_regression,2,2023-12-29T00:00:00+00:00,MSFT,0,-0.006936352866646067,0.6066496301417316
logistic_regression,2,2023-12-29T00:00:00+00:00,QQQ,0,-0.011662226517098584,0.5535864083566492
logistic_regression,2,2023-12-29T00:00:00+00:00,SPY,0,-0.002611042225895699,0.5663988329592031
logistic_regression,2,2024-01-02T00:00:00+00:00,AAPL,0,-0.001293668732302633,0.5391649203279332
logistic_regression,2,2024-01-02T00:00:00+00:00,MSFT,1,0.017907329952810525,0.6125075144051393
logistic_regression,2,2024-01-02T00:00:00+00:00,QQQ,1,0.013324107586556222,0.5542300813873785
logistic_regression,2,2024-01-02T00:00:00+00:00,SPY,1,0.005915012330849789,0.5661365347801226
logistic_regression,2,2024-01-03T00:00:00+00:00,AAPL,1,0.022054932494949275,0.5430952521320459
logistic_regression,2,2024-01-03T00:00:00+00:00,MSFT,1,0.039277171474499495,0.6286878311059643
logistic_regression,2,2024-01-03T00:00:00+00:00,QQQ,1,0.0316095399475278,0.5643755495756981
logistic_regression,2,2024-01-03T00:00:00+00:00,SPY,1,0.017799901341391866,0.5742196514581132
logistic_regression,2,2024-01-04T00:00:00+00:00,AAPL,1,0.020321107823622953,0.5196852882983105
logistic_regression,2,2024-01-04T00:00:00+00:00,MSFT,1,0.04268595168260725,0.6234220419479128
logistic_regression,2,2024-01-04T00:00:00+00:00,QQQ,1,0.03311887991947482,0.5632873783691165
logistic_regression,2,2024-01-04T00:00:00+00:00,SPY,1,0.020097265182211776,0.5762608271271824
logistic_regression,2,2024-01-05T00:00:00+00:00,AAPL,0,-0.0016140006517840755,0.5256043055350978
logistic_regression,2,2024-01-05T00:00:00+00:00,MSFT,1,0.06383298517453206,0.6320292387809011
logistic_regression,2,2024-01-05T00:00:00+00:00,QQQ,1,0.023880646775735315,0.5796969091236835
logistic_regression,2,2024-01-05T00:00:00+00:00,SPY,1,0.012553497139617287,0.5857171158024758
logistic_regression,2,2024-01-08T00:00:00+00:00,AAPL,0,-0.01637760942436106,0.5418348864422169
logistic_regression,2,2024-01-08T00:00:00+00:00,MSFT,1,0.04084517029544865,0.6291993601006223
logistic_regression,2,2024-01-08T00:00:00+00:00,QQQ,1,0.00858031459077968,0.5961744463362413
logistic_regression,2,2024-01-08T00:00:00+00:00,SPY,0,-0.0021037724478776276,0.5984289541951365
logistic_regression,2,2024-01-09T00:00:00+00:00,AAPL,1,0.0074217361765351875,0.5450149830653395
logistic_regression,2,2024-01-09T00:00:00+00:00,MSFT,1,0.038704919540464955,0.6397132320933584
logistic_regression,2,2024-01-09T00:00:00+00:00,QQQ,1,0.00893883663632411,0.6085156395830533
logistic_regression,2,2024-01-09T00:00:00+00:00,SPY,0,-0.002313582929592717,0.6036816724846037
logistic_regression,2,2024-01-10T00:00:00+00:00,AAPL,1,0.01292877952807725,0.5554929560968466
logistic_regression,2,2024-01-10T00:00:00+00:00,MSFT,1,0.023236269590099834,0.6372383029056169
logistic_regression,2,2024-01-10T00:00:00+00:00,QQQ,1,0.011226094842409218,0.6085985500738232
logistic_regression,2,2024-01-10T00:00:00+00:00,SPY,0,-0.0018726190858449066,0.6106430759503064
logistic_regression,2,2024-01-11T00:00:00+00:00,AAPL,1,0.03147268410980408,0.5496442412742296
logistic_regression,2,2024-01-11T00:00:00+00:00,MSFT,1,0.03561895948538418,0.6217161897356522
logistic_regression,2,2024-01-11T00:00:00+00:00,QQQ,1,0.029639422564310847,0.6023756085108634
logistic_regression,2,2024-01-11T00:00:00+00:00,SPY,1,0.010888518336104713,0.6158001632513748
logistic_regression,2,2024-01-12T00:00:00+00:00,AAPL,1,0.06845788114886653,0.5463234716066785
logistic_regression,2,2024-01-12T00:00:00+00:00,MSFT,1,0.0033006036808862493,0.6166721369830425
logistic_regression,2,2024-01-12T00:00:00+00:00,QQQ,1,0.0325145210227995,0.5955274648146779
logistic_regression,2,2024-01-12T00:00:00+00:00,SPY,1,0.01637628277582004,0.6074279194296897
logistic_regression,2,2024-01-16T00:00:00+00:00,AAPL,1,0.07590629451374475,0.5545446585176602
logistic_regression,2,2024-01-16T00:00:00+00:00,MSFT,1,0.032882555059002616,0.6233099034189233
logistic_regression,2,2024-01-16T00:00:00+00:00,QQQ,1,0.05026446338132429,0.597759419513139
logistic_regression,2,2024-01-16T00:00:00+00:00,SPY,1,0.0318243923006587,0.6073933234229583
logistic_regression,2,2024-01-17T00:00:00+00:00,AAPL,1,0.046966289414928974,0.55684533131136
logistic_regression,2,2024-01-17T00:00:00+00:00,MSFT,1,0.03010343685998107,0.611758157272525
logistic_regression,2,2024-01-17T00:00:00+00:00,QQQ,1,0.04137210343010844,0.5901920912923301
logistic_regression,2,2024-01-17T00:00:00+00:00,SPY,1,0.02657298793585583,0.6015233240766402
logistic_regression,2,2024-01-18T00:00:00+00:00,AAPL,1,0.024041877148349045,0.5857893464084869
logistic_regression,2,2024-01-18T00:00:00+00:00,MSFT,1,0.01971415496271889,0.6062859372333786
logistic_regression,2,2024-01-18T00:00:00+00:00,QQQ,1,0.020162673638754347,0.5911150345183936
logistic_regression,2,2024-01-18T00:00:00+00:00,SPY,1,0.01877081313018225,0.6045989004216156
logistic_regression,2,2024-01-19T00:00:00+00:00,AAPL,0,-0.0035033341341487167,0.5948884854158284
logistic_regression,2,2024-01-19T00:00:00+00:00,MSFT,1,0.013071014725968944,0.5961201528611595
logistic_regression,2,2024-01-19T00:00:00+00:00,QQQ,1,2.904713557261296e-05,0.5835234838885651
logistic_regression,2,2024-01-19T00:00:00+00:00,SPY,1,0.005672417319896983,0.5996974045268793
logistic_regression,2,2024-01-22T00:00:00+00:00,AAPL,0,-0.022877071598389143,0.6009433035652983
logistic_regression,2,2024-01-22T00:00:00+00:00,MSFT,1,0.03963676378648451,0.5931814848515181
logistic_regression,2,2024-01-22T00:00:00+00:00,QQQ,1,0.009035057190294404,0.583742343822084
logistic_regression,2,2024-01-22T00:00:00+00:00,SPY,1,0.011507656347818918,0.601875600465043
logistic_regression,2,2024-01-23T00:00:00+00:00,AAPL,0,-0.044794317925119564,0.5968460812313343
logistic_regression,2,2024-01-23T00:00:00+00:00,MSFT,1,0.011472861891778319,0.5865255300669721
logistic_regression,2,2024-01-23T00:00:00+00:00,QQQ,0,-0.01738447248341024,0.5750501756986643
logistic_regression,2,2024-01-23T00:00:00+00:00,SPY,0,-0.00034093965424086825,0.5944703047048939
logistic_regression,2,2024-01-24T00:00:00+00:00,AAPL,0,-0.0594080656713345,0.6010625649130246
logistic_regression,2,2024-01-24T00:00:00+00:00,MSFT,0,-0.008144281002633424,0.5811941115597361
logistic_regression,2,2024-01-24T00:00:00+00:00,QQQ,0,-0.024294211396206467,0.5755362015647676
logistic_regression,2,2024-01-24T00:00:00+00:00,SPY,0,-0.008036374993264706,0.5972652828851774
logistic_regression,2,2024-01-25T00:00:00+00:00,AAPL,0,-0.0760249386065418,0.6043353943859536
logistic_regression,2,2024-01-25T00:00:00+00:00,MSFT,0,-0.00338000871965749,0.5687377697228667
logistic_regression,2,2024-01-25T00:00:00+00:00,QQQ,0,-0.00350279211335347,0.5684227864020492
logistic_regression,2,2024-01-25T00:00:00+00:00,SPY,1,0.002218370888468657,0.5906460008652556
logistic_regression,2,2024-01-26T00:00:00+00:00,AAPL,0,-0.022060874475460124,0.6093285949420961
logistic_regression,2,2024-01-26T00:00:00+00:00,MSFT,1,0.007440004579162274,0.5712352841510315
logistic_regression,2,2024-01-26T00:00:00+00:00,QQQ,1,0.009293080948100663,0.5723073251618245
logistic_regression,2,2024-01-26T00:00:00+00:00,SPY,1,0.010217937031369972,0.5941578794078538
logistic_regression,2,2024-01-29T00:00:00+00:00,AAPL,0,-0.02332315382347172,0.608443928683241
logistic_regression,2,2024-01-29T00:00:00+00:00,MSFT,0,-0.017442710751109813,0.5569590363633143
logistic_regression,2,2024-01-29T00:00:00+00:00,QQQ,1,0.0038669464996528014,0.5664487310683598
logistic_regression,2,2024-01-29T00:00:00+00:00,SPY,1,0.004023783010060233,0.5852323518355774
logistic_regression,2,2024-01-30T00:00:00+00:00,AAPL,1,0.017210851514479764,0.6108554074772704
logistic_regression,2,2024-01-30T00:00:00+00:00,MSFT,0,-0.0008207151361827592,0.5528897924649849
logistic_regression,2,2024-01-30T00:00:00+00:00,QQQ,1,0.02067254717303979,0.5670445450834871
logistic_regression,2,2024-01-30T00:00:00+00:00,SPY,1,0.013667902033780432,0.5861535980489946
logistic_regression,2,2024-01-31T00:00:00+00:00,AAPL,1,0.027292959066798517,0.6177080469995314
logistic_regression,2,2024-01-31T00:00:00+00:00,MSFT,1,0.028352218598462153,0.5480257428647872
logistic_regression,2,2024-01-31T00:00:00+00:00,QQQ,1,0.02974417409356911,0.5727241284301992
logistic_regression,2,2024-01-31T00:00:00+00:00,SPY,1,0.02574087842927608,0.5875918125161798
logistic_regression,2,2024-02-01T00:00:00+00:00,AAPL,1,0.04811142290917614,0.6246614687342649
logistic_regression,2,2024-02-01T00:00:00+00:00,MSFT,1,0.02627550663879119,0.5577804808402812
logistic_regression,2,2024-02-01T00:00:00+00:00,QQQ,1,0.021880587504478965,0.582039174208425
logistic_regression,2,2024-02-01T00:00:00+00:00,SPY,1,0.016733009664956056,0.5976648829951914
logistic_regression,2,2024-02-02T00:00:00+00:00,AAPL,1,0.0007094462635688359,0.6221329948090902
logistic_regression,2,2024-02-02T00:00:00+00:00,MSFT,1,0.023956325712228388,0.5508104156641831
logistic_regression,2,2024-02-02T00:00:00+00:00,QQQ,1,0.016307283757089452,0.5824690314351747
logistic_regression,2,2024-02-02T00:00:00+00:00,SPY,1,0.013102293317738711,0.5953932670343609
logistic_regression,2,2024-02-05T00:00:00+00:00,AAPL,0,-0.006553637469235096,0.6317500118088102
logistic_regression,2,2024-02-05T00:00:00+00:00,MSFT,0,-0.004309451310571144,0.5712184147951803
logistic_regression,2,2024-02-05T00:00:00+00:00,QQQ,0,-0.00741066247875688,0.6039955950420606
logistic_regression,2,2024-02-05T00:00:00+00:00,SPY,1,4.457501930987817e-05,0.6041308548720786
logistic_regression,2,2024-02-06T00:00:00+00:00,AAPL,0,-0.028610362466752193,0.6102495297540091
logistic_regression,2,2024-02-06T00:00:00+00:00,MSFT,1,0.001393558704164688,0.5519561151059584
logistic_regression,2,2024-02-06T00:00:00+00:00,QQQ,0,-2.7202956621286134e-05,0.5872786010604799
logistic_regression,2,2024-02-06T00:00:00+00:00,SPY,0,-0.0009924125467798417,0.593901042669308
logistic_regression,2,2024-02-07T00:00:00+00:00,AAPL,0,-0.03153790594546457,0.6072931694171169
logistic_regression,2,2024-02-07T00:00:00+00:00,MSFT,0,-0.014423942101530196,0.5633282832469584
logistic_regression,2,2024-02-07T00:00:00+00:00,QQQ,1,0.0021824411093580576,0.5824625109369794
logistic_regression,2,2024-02-07T00:00:00+00:00,SPY,1,0.00038635638146611306,0.5867968503981521
logistic_regression,2,2024-02-08T00:00:00+00:00,AAPL,0,-0.029665981295019406,0.604215808526788
logistic_regression,2,2024-02-08T00:00:00+00:00,MSFT,0,-0.017705420580189424,0.555088147134828
logistic_regression,2,2024-02-08T00:00:00+00:00,QQQ,1,0.00018688076275541476,0.5794192893775416
logistic_regression,2,2024-02-08T00:00:00+00:00,SPY,1,0.0037238354110673555,0.586109402714722
logistic_regression,2,2024-02-09T00:00:00+00:00,AAPL,0,-0.03711504591903858,0.6025608214361629
logistic_regression,2,2024-02-09T00:00:00+00:00,MSFT,0,-0.041329403602429315,0.553543108418411
logistic_regression,2,2024-02-09T00:00:00+00:00,QQQ,0,-0.021161462626285377,0.575443768527916
logistic_regression,2,2024-02-09T00:00:00+00:00,SPY,0,-0.008868058756849373,0.5853091666827447
logistic_regression,2,2024-02-12T00:00:00+00:00,AAPL,0,-0.022573660791611938,0.6027797025594784
logistic_regression,2,2024-02-12T00:00:00+00:00,MSFT,0,-0.01192998128463918,0.5438324754064382
logistic_regression,2,2024-02-12T00:00:00+00:00,QQQ,0,-0.00837442967568025,0.5724526677294454
logistic_regression,2,2024-02-12T00:00:00+00:00,SPY,0,-0.00020197810085731405,0.5834444066568568
logistic_regression,2,2024-02-13T00:00:00+00:00,AAPL,0,-0.01190695375521833,0.6054232961242347
logistic_regression,2,2024-02-13T00:00:00+00:00,MSFT,1,0.0031867391473137108,0.5342142626533904
logistic_regression,2,2024-02-13T00:00:00+00:00,QQQ,1,0.005476766238460495,0.5696292391434136
logistic_regression,2,2024-02-13T00:00:00+00:00,SPY,1,0.012506254095282054,0.5818494653149684
logistic_regression,2,2024-02-14T00:00:00+00:00,AAPL,1,0.005940128898766162,0.612816198706885
logistic_regression,2,2024-02-14T00:00:00+00:00,MSFT,1,0.01641474359265782,0.5613681307517743
logistic_regression,2,2024-02-14T00:00:00+00:00,QQQ,1,0.011180759742679625,0.5919074620650895
logistic_regression,2,2024-02-14T00:00:00+00:00,SPY,1,0.017950455650302066,0.5961020431201458
logistic_regression,2,2024-02-15T00:00:00+00:00,AAPL,0,-0.008418491079252632,0.5916251303165609
logistic_regression,2,2024-02-15T00:00:00+00:00,MSFT,1,0.0065640578021743945,0.5658820047380456
logistic_regression,2,2024-02-15T00:00:00+00:00,QQQ,1,0.004220995319333509,0.5983054234139881
logistic_regression,2,2024-02-15T00:00:00+00:00,SPY,1,0.011130933795162612,0.6059533826361816
logistic_regression,2,2024-02-16T00:00:00+00:00,AAPL,0,-0.005786000669644187,0.5676564918120918
logistic_regression,2,2024-02-16T00:00:00+00:00,MSFT,1,0.00975820872324129,0.5587901764743488
logistic_regression,2,2024-02-16T00:00:00+00:00,QQQ,1,0.019240714629211952,0.586545875758547
logistic_regression,2,2024-02-16T00:00:00+00:00,SPY,1,0.016008287154168466,0.5995962301935758
logistic_regression,2,2024-02-20T00:00:00+00:00,AAPL,1,0.0011285971269741069,0.5590920530244087
logistic_regression,2,2024-02-20T00:00:00+00:00,MSFT,1,0.0179784362223403,0.5666251729523046
logistic_regression,2,2024-02-20T00:00:00+00:00,QQQ,1,0.023577963061524265,0.5886238972883469
logistic_regression,2,2024-02-20T00:00:00+00:00,SPY,1,0.01796520930034884,0.5998705456685336
logistic_regression,2,2024-02-21T00:00:00+00:00,AAPL,0,-0.014018920135426716,0.5572466355963285
logistic_regression,2,2024-02-21T00:00:00+00:00,MSFT,0,-0.005769085447029476,0.5573800168829028
logistic_regression,2,2024-02-21T00:00:00+00:00,QQQ,1,0.006592562145816716,0.5797546973634268
logistic_regression,2,2024-02-21T00:00:00+00:00,SPY,1,0.006041325989914803,0.5940177916432506
logistic_regression,2,2024-02-22T00:00:00+00:00,AAPL,0,-0.031451023824787594,0.5630079794479077
logistic_regression,2,2024-02-22T00:00:00+00:00,MSFT,0,-0.012562222454607141,0.5639423638108431
logistic_regression,2,2024-02-22T00:00:00+00:00,QQQ,0,-0.0014305139555178537,0.5912677614220245
logistic_regression,2,2024-02-22T00:00:00+00:00,SPY,0,-0.0025662800344024017,0.5942974085482826
logistic_regression,2,2024-02-23T00:00:00+00:00,AAPL,0,-0.03534875859457354,0.5757789361651217
logistic_regression,2,2024-02-23T00:00:00+00:00,MSFT,1,0.002804615819399947,0.5614277733267226
logistic_regression,2,2024-02-23T00:00:00+00:00,QQQ,1,0.016269780654383892,0.5872444928441003
logistic_regression,2,2024-02-23T00:00:00+00:00,SPY,1,0.005325652508693768,0.590244201958408
logistic_regression,2,2024-02-26T00:00:00+00:00,AAPL,0,-0.05897946628775086,0.5774674602955754
logistic_regression,2,2024-02-26T00:00:00+00:00,MSFT,1,0.012605269567996125,0.5575287821682527
logistic_regression,2,2024-02-26T00:00:00+00:00,QQQ,1,0.005458415238490444,0.585092806632714
logistic_regression,2,2024-02-26T00:00:00+00:00,SPY,1,0.004974372217659395,0.5859566364009382
logistic_regression,2,2024-02-27T00:00:00+00:00,AAPL,0,-0.06460893046722549,0.5864346334192911
logistic_regression,2,2024-02-27T00:00:00+00:00,MSFT,0,-0.01473646549126506,0.5510419777018077
logistic_regression,2,2024-02-27T00:00:00+00:00,QQQ,1,0.009209850150668997,0.5739558622945147
logistic_regression,2,2024-02-27T00:00:00+00:00,SPY,1,0.00831123437684167,0.5756802975625469
logistic_regression,2,2024-02-28T00:00:00+00:00,AAPL,0,-0.0687259176588334,0.5936480257088451
logistic_regression,2,2024-02-28T00:00:00+00:00,MSFT,0,-0.008152690853934219,0.5648173585515008
logistic_regression,2,2024-02-28T00:00:00+00:00,QQQ,1,0.007544106651021565,0.5757304975876728
logistic_regression,2,2024-02-28T00:00:00+00:00,SPY,1,0.007960882986187912,0.5750578344244701
logistic_regression,2,2024-02-29T00:00:00+00:00,AAPL,0,-0.060638651282840184,0.6037719284905774
logistic_regression,2,2024-02-29T00:00:00+00:00,MSFT,0,-0.010030274045139786,0.599420001726483
logistic_regression,2,2024-02-29T00:00:00+00:00,QQQ,1,0.011410106004673182,0.6029202473421684
logistic_regression,2,2024-02-29T00:00:00+00:00,SPY,1,0.010707849441588202,0.6013171039834387
logistic_regression,2,2024-03-01T00:00:00+00:00,AAPL,0,-0.02018455388635254,0.5856905406229629
logistic_regression,2,2024-03-01T00:00:00+00:00,MSFT,0,-0.02536445697555989,0.5892977305488232
logistic_regression,2,2024-03-01T00:00:00+00:00,QQQ,0,-0.020138846128369803,0.5952341964321934
logistic_regression,2,2024-03-01T00:00:00+00:00,SPY,0,-0.005019200012325142,0.5940947558198519
logistic_regression,2,2024-03-04T00:00:00+00:00,AAPL,1,0.01197036700434495,0.5559110507554867
logistic_regression,2,2024-03-04T00:00:00+00:00,MSFT,0,-0.017282708383803413,0.5774105777519213
logistic_regression,2,2024-03-04T00:00:00+00:00,QQQ,0,-0.004736704696811089,0.580144485893108
logistic_regression,2,2024-03-04T00:00:00+00:00,SPY,1,0.004280433242759285,0.5827615743429237
logistic_regression,2,2024-03-05T00:00:00+00:00,AAPL,1,0.007978607554586903,0.5282858918410221
logistic_regression,2,2024-03-05T00:00:00+00:00,MSFT,1,0.03547313887424419,0.5833963795639169
logistic_regression,2,2024-03-05T00:00:00+00:00,QQQ,1,0.003283009938649162,0.5851576722430468
logistic_regression,2,2024-03-05T00:00:00+00:00,SPY,1,0.010825297959039748,0.5919071513843447
logistic_regression,2,2024-03-06T00:00:00+00:00,AAPL,1,0.020186438120393557,0.521156527114743
logistic_regression,2,2024-03-06T00:00:00+00:00,MSFT,1,0.03270077200862542,0.584968838191346
logistic_regression,2,2024-03-06T00:00:00+00:00,QQQ,0,-0.0040732397699629885,0.5837803274155496
logistic_regression,2,2024-03-06T00:00:00+00:00,SPY,1,0.005450809902350917,0.5895423750846438
logistic_regression,2,2024-03-07T00:00:00+00:00,AAPL,1,0.010816729183859453,0.52788863377846
logistic_regression,2,2024-03-07T00:00:00+00:00,MSFT,1,0.025718974744118217,0.5863363456995658
logistic_regression,2,2024-03-07T00:00:00+00:00,QQQ,0,-0.023802193779474345,0.5859551419784328
logistic_regression,2,2024-03-07T00:00:00+00:00,SPY,0,-0.009093547882105368,0.5851796287956854
logistic_regression,2,2024-03-08T00:00:00+00:00,AAPL,1,0.013179279236444907,0.5386169761504449
logistic_regression,2,2024-03-08T00:00:00+00:00,MSFT,1,0.02393081585807333,0.5893926580856584
logistic_regression,2,2024-03-08T00:00:00+00:00,QQQ,1,0.002108110054821033,0.5855720350664622
logistic_regression,2,2024-03-08T00:00:00+00:00,SPY,1,0.008005890994304155,0.5856401305163392
logistic_regression,2,2024-03-11T00:00:00+00:00,AAPL,1,0.004860866552491849,0.5420011324339248
logistic_regression,2,2024-03-11T00:00:00+00:00,MSFT,1,0.022999610992137542,0.593141954829075
logistic_regression,2,2024-03-11T00:00:00+00:00,QQQ,0,-0.010404953097526648,0.5774728220490943
logistic_regression,2,2024-03-11T00:00:00+00:00,SPY,0,-0.001431733455690809,0.5808457034074914
logistic_regression,2,2024-03-12T00:00:00+00:00,AAPL,1,0.015042489364874845,0.5500793555400956
logistic_regression,2,2024-03-12T00:00:00+00:00,MSFT,1,0.0073112088927616,0.6063772823717786
logistic_regression,2,2024-03-12T00:00:00+00:00,QQQ,0,-0.007157584892246716,0.5829950357249286
logistic_regression,2,2024-03-12T00:00:00+00:00,SPY,0,-0.0014913128991684843,0.5804773006643954
logistic_regression,2,2024-03-13T00:00:00+00:00,AAPL,1,0.021897154565371668,0.5587215117066752
logistic_regression,2,2024-03-13T00:00:00+00:00,MSFT,1,0.02077655766518438,0.6147685177717264
logistic_regression,2,2024-03-13T00:00:00+00:00,QQQ,1,0.01602597982940246,0.5894165322647955
logistic_regression,2,2024-03-13T00:00:00+00:00,SPY,1,0.01353517398490478,0.5918674909338416
logistic_regression,2,2024-03-14T00:00:00+00:00,AAPL,1,0.0014417569742419811,0.578885267445704
logistic_regression,2,2024-03-14T00:00:00+00:00,MSFT,1,0.022780186522569412,0.6140862061044716
logistic_regression,2,2024-03-14T00:00:00+00:00,QQQ,1,0.0205880926935349,0.5955666314336894
logistic_regression,2,2024-03-14T00:00:00+00:00,SPY,1,0.021279063926612718,0.5927708578602651
logistic_regression,2,2024-03-15T00:00:00+00:00,AAPL,0,-0.030419712341692717,0.5887352459505478
logistic_regression,2,2024-03-15T00:00:00+00:00,MSFT,1,0.02447875096058838,0.612383742074445
logistic_regression,2,2024-03-15T00:00:00+00:00,QQQ,1,0.00896635375973176,0.5956077566313107
logistic_regression,2,2024-03-15T00:00:00+00:00,SPY,1,0.009263636315355317,0.5902270090819596
logistic_regression,2,2024-03-18T00:00:00+00:00,AAPL,0,-0.026842211796331394,0.6034042609760033
logistic_regression,2,2024-03-18T00:00:00+00:00,MSFT,1,0.016584892500940418,0.6175724279993831
logistic_regression,2,2024-03-18T00:00:00+00:00,QQQ,1,0.022868971384158332,0.6055619521479306
logistic_regression,2,2024-03-18T00:00:00+00:00,SPY,1,0.015695682525286525,0.596220946717297
logistic_regression,2,2024-03-19T00:00:00+00:00,AAPL,0,-0.03215598474508807,0.6112085816182635
logistic_regression,2,2024-03-19T00:00:00+00:00,MSFT,1,0.003772566437020952,0.6303625320399732
logistic_regression,2,2024-03-19T00:00:00+00:00,QQQ,1,0.013115613684106187,0.6143357420253612
logistic_regression,2,2024-03-19T00:00:00+00:00,SPY,1,0.009495834203418374,0.6027935992447347
logistic_regression,2,2024-03-20T00:00:00+00:00,AAPL,0,-0.03187301869721326,0.6016356140587461
logistic_regression,2,2024-03-20T00:00:00+00:00,MSFT,0,-0.02259278476920068,0.6267608591013216
logistic_regression,2,2024-03-20T00:00:00+00:00,QQQ,0,-0.011113629420267168,0.6308978942461172
logistic_regression,2,2024-03-20T00:00:00+00:00,SPY,0,-0.002341104117726145,0.6110798470800658
logistic_regression,2,2024-03-21T00:00:00+00:00,AAPL,0,-0.005309752150811642,0.6099478748954587
logistic_regression,2,2024-03-21T00:00:00+00:00,MSFT,0,-0.01535274651270968,0.6137101201514079
logistic_regression,2,2024-03-21T00:00:00+00:00,QQQ,0,-0.002849494520557161,0.6114997749519495
logistic_regression,2,2024-03-21T00:00:00+00:00,SPY,1,0.0012897213767719684,0.5953226205919621
logistic_regression,2,2024-03-22T00:00:00+00:00,AAPL,0,-0.010716040051890308,0.6157076756548865
logistic_regression,2,2024-03-22T00:00:00+00:00,MSFT,0,-0.014037783620405864,0.6028521528196821
logistic_regression,2,2024-03-22T00:00:00+00:00,QQQ,0,-0.009805696395146057,0.6074685086390315
logistic_regression,2,2024-03-22T00:00:00+00:00,SPY,0,-0.0049932429476783335,0.5917549675592657
logistic_regression,2,2024-03-25T00:00:00+00:00,AAPL,0,-0.00910132800550767,0.6231111674000526
logistic_regression,2,2024-03-25T00:00:00+00:00,MSFT,0,-0.015785854356569984,0.6019056815254039
logistic_regression,2,2024-03-25T00:00:00+00:00,QQQ,0,-0.018411588041349236,0.6094548933424988
logistic_regression,2,2024-03-25T00:00:00+00:00,SPY,0,-0.008718489090285053,0.5950331515291022
logistic_regression,2,2024-03-26T00:00:00+00:00,AAPL,0,-0.0027010460769695266,0.6286440255469681
logistic_regression,2,2024-03-26T00:00:00+00:00,MSFT,0,-0.0007047827231343451,0.6007823436966263
logistic_regression,2,2024-03-26T00:00:00+00:00,QQQ,0,-0.002243916331940543,0.6095436501152703
logistic_regression,2,2024-03-26T00:00:00+00:00,SPY,1,0.0014642843330201494,0.5964243944890869
logistic_regression,2,2024-03-27T00:00:00+00:00,AAPL,0,-0.014549300973732637,0.649119030579611
logistic_regression,2,2024-03-27T00:00:00+00:00,MSFT,0,-0.004250059840006926,0.6018277873652487
logistic_regression,2,2024-03-27T00:00:00+00:00,QQQ,0,-0.019948418176021443,0.6180855536294135
logistic_regression,2,2024-03-27T00:00:00+00:00,SPY,0,-0.018688320997356178,0.6055627109499166
logistic_regression,2,2024-03-28T00:00:00+00:00,AAPL,0,-0.01459052139807926,0.6464481143532975
logistic_regression,2,2024-03-28T00:00:00+00:00,MSFT,1,0.0008739120246175069,0.5968577441218584
logistic_regression,2,2024-03-28T00:00:00+00:00,QQQ,0,-0.009982633079279046,0.6172023416217954
logistic_regression,2,2024-03-28T00:00:00+00:00,SPY,0,-0.01091409099937668,0.6066034964377173
logistic_regression,2,2024-04-01T00:00:00+00:00,AAPL,0,-0.0042411235248692725,0.6454506547881605
logistic_regression,2,2024-04-01T00:00:00+00:00,MSFT,1,0.013039408734457636,0.594728756738192
logistic_regression,2,2024-04-01T00:00:00+00:00,QQQ,1,0.004533165186459076,0.6069908407258673
logistic_regression,2,2024-04-01T00:00:00+00:00,SPY,1,0.0023541685682306746,0.5975723969522344
logistic_regression,2,2024-04-02T00:00:00+00:00,AAPL,0,-0.001938870365013945,0.646861064968001
logistic_regression,2,2024-04-02T00:00:00+00:00,MSFT,1,0.003851172112391721,0.5864591099011339
logistic_regression,2,2024-04-02T00:00:00+00:00,QQQ,0,-0.006454122270842411,0.6016096074007643
logistic_regression,2,2024-04-02T00:00:00+00:00,SPY,0,-0.010171570484393433,0.5939686444913961
logistic_regression,2,2024-04-03T00:00:00+00:00,AAPL,0,-0.013426070878166052,0.6498068565063665
logistic_regression,2,2024-04-03T00:00:00+00:00,MSFT,0,-4.893175019660134e-05,0.5981135170568075
logistic_regression,2,2024-04-03T00:00:00+00:00,QQQ,0,-0.015570501099791634,0.6088109539523555
logistic_regression,2,2024-04-03T00:00:00+00:00,SPY,0,-0.016943718677925212,0.6025576849105245
logistic_regression,2,2024-04-04T00:00:00+00:00,AAPL,1,0.025483886544856782,0.6500240796395369
logistic_regression,2,2024-04-04T00:00:00+00:00,MSFT,1,0.0076013499143592345,0.6003691455219771
logistic_regression,2,2024-04-04T00:00:00+00:00,QQQ,1,0.007872786416304622,0.6039768725612586
logistic_regression,2,2024-04-04T00:00:00+00:00,SPY,0,-0.0021726008517083395,0.6037846357484901
logistic_regression,2,2024-04-05T00:00:00+00:00,AAPL,1,0.0353763199381909,0.6436078143579568
logistic_regression,2,2024-04-05T00:00:00+00:00,MSFT,1,0.0013587478762233651,0.5916290172155496
logistic_regression,2,2024-04-05T00:00:00+00:00,QQQ,0,-0.0005282855395009056,0.5996430072875151
logistic_regression,2,2024-04-05T00:00:00+00:00,SPY,0,-0.009726146813901049,0.6037180959693051
logistic_regression,2,2024-04-08T00:00:00+00:00,AAPL,1,0.016045419865651223,0.6285175255502828
logistic_regression,2,2024-04-08T00:00:00+00:00,MSFT,0,-0.029777370712345097,0.5920710562040568
logistic_regression,2,2024-04-08T00:00:00+00:00,QQQ,0,-0.02916952452446242,0.6056327503038699
logistic_regression,2,2024-04-08T00:00:00+00:00,SPY,0,-0.03183259743932332,0.6038844637348715
logistic_regression,2,2024-04-09T00:00:00+00:00,AAPL,1,0.002791113073099316,0.6212365456529693
logistic_regression,2,2024-04-09T00:00:00+00:00,MSFT,0,-0.013675545651384513,0.6189758705995122
logistic_regression,2,2024-04-09T00:00:00+00:00,QQQ,0,-0.010904572503754317,0.6098340450292393
logistic_regression,2,2024-04-09T00:00:00+00:00,SPY,0,-0.01643891516234819,0.6054174848260238
logistic_regression,2,2024-04-10T00:00:00+00:00,AAPL,0,-0.0038358144948290596,0.6141863004839611
logistic_regression,2,2024-04-10T00:00:00+00:00,MSFT,0,-0.03759913302080997,0.5932113750209214
logistic_regression,2,2024-04-10T00:00:00+00:00,QQQ,0,-0.0332126138811808,0.597830275121029
logistic_regression,2,2024-04-10T00:00:00+00:00,SPY,0,-0.028511706787610724,0.5956773539912108
logistic_regression,2,2024-04-11T00:00:00+00:00,AAPL,0,-0.048101053115864545,0.6348052184849838
logistic_regression,2,2024-04-11T00:00:00+00:00,MSFT,0,-0.04911500078780795,0.5999874283710768
logistic_regression,2,2024-04-11T00:00:00+00:00,QQQ,0,-0.04471459352979068,0.6071510826651693
logistic_regression,2,2024-04-11T00:00:00+00:00,SPY,0,-0.03096572014591037,0.5985649974571874
logistic_regression,2,2024-04-12T00:00:00+00:00,AAPL,0,-0.05799911810406,0.6329844477612588
logistic_regression,2,2024-04-12T00:00:00+00:00,MSFT,0,-0.06403984207083391,0.5967366646564775
logistic_regression,2,2024-04-12T00:00:00+00:00,QQQ,0,-0.05787404362136028,0.6159639487189478
logistic_regression,2,2024-04-12T00:00:00+00:00,SPY,0,-0.03551452470146621,0.6066396354090752
logistic_regression,2,2024-04-15T00:00:00+00:00,AAPL,0,-0.039187045510618246,0.6203000732166806
logistic_regression,2,2024-04-15T00:00:00+00:00,MSFT,0,-0.026865672947767982,0.5901188690580811
logistic_regression,2,2024-04-15T00:00:00+00:00,QQQ,0,-0.02545990875909121,0.6098672884035636
logistic_regression,2,2024-04-15T00:00:00+00:00,SPY,0,-0.008243627393970776,0.5943832658006131
logistic_regression,2,2024-04-16T00:00:00+00:00,AAPL,0,-0.020062327376062283,0.6171496659144603
logistic_regression,2,2024-04-16T00:00:00+00:00,MSFT,0,-0.020391395416696434,0.5871202468943577
logistic_regression,2,2024-04-16T00:00:00+00:00,QQQ,0,-0.013289286485794638,0.6021753618351215
logistic_regression,2,2024-04-16T00:00:00+00:00,SPY,0,-0.0009921799511972695,0.5883727554444341
logistic_regression,2,2024-04-17T00:00:00+00:00,AAPL,1,0.006911162232778434,0.6028678047942125
logistic_regression,2,2024-04-17T00:00:00+00:00,MSFT,0,-0.0423429984081255,0.5810665594947987
logistic_regression,2,2024-04-17T00:00:00+00:00,QQQ,0,-0.018963319844861326,0.5872013600368692
logistic_regression,2,2024-04-17T00:00:00+00:00,SPY,0,-0.007564859871477814,0.5808404921845732
logistic_regression,2,2024-04-18T00:00:00+00:00,AAPL,1,0.020038464101739262,0.6076079980363499
logistic_regression,2,2024-04-18T00:00:00+00:00,MSFT,1,0.018108744241141617,0.5610231585208931
logistic_regression,2,2024-04-18T00:00:00+00:00,QQQ,1,0.010765950234323807,0.581559438830614
logistic_regression,2,2024-04-18T00:00:00+00:00,SPY,1,0.01180976391066979,0.5777568501312992
logistic_regression,2,2024-04-19T00:00:00+00:00,AAPL,1,0.045333636720543025,0.6100479930241591
logistic_regression,2,2024-04-19T00:00:00+00:00,MSFT,1,0.010898629225103651,0.536268786417041
logistic_regression,2,2024-04-19T00:00:00+00:00,QQQ,1,0.035835678609836386,0.5535694677125821
logistic_regression,2,2024-04-19T00:00:00+00:00,SPY,1,0.022579621012553952,0.5644343345512897
logistic_regression,2,2024-04-22T00:00:00+00:00,AAPL,1,0.04616682631776037,0.6035995137486291
logistic_regression,2,2024-04-22T00:00:00+00:00,MSFT,0,-0.008787218486677295,0.540563104620835
logistic_regression,2,2024-04-22T00:00:00+00:00,QQQ,1,0.02262171153264969,0.5583206961229726
logistic_regression,2,2024-04-22T00:00:00+00:00,SPY,1,0.011486844772774951,0.5680779433902297
logistic_regression,2,2024-04-23T00:00:00+00:00,AAPL,1,0.016219536963866465,0.6008661798040241
logistic_regression,2,2024-04-23T00:00:00+00:00,MSFT,0,-0.0433012544226371,0.5501053355799878
logistic_regression,2,2024-04-23T00:00:00+00:00,QQQ,0,-0.013768019412809362,0.564428672092623
logistic_regression,2,2024-04-23T00:00:00+00:00,SPY,0,-0.012203285675381537,0.5743812171972744
logistic_regression,2,2024-04-24T00:00:00+00:00,AAPL,1,0.015544875854297313,0.6039189363459327
logistic_regression,2,2024-04-24T00:00:00+00:00,MSFT,1,0.007196280364516028,0.5566509438126276
logistic_regression,2,2024-04-24T00:00:00+00:00,QQQ,1,0.012427934247151828,0.5666068687838091
logistic_regression,2,2024-04-24T00:00:00+00:00,SPY,1,0.00793846911372409,0.5745721473058928
logistic_regression,2,2024-04-25T00:00:00+00:00,AAPL,1,0.09652133056716039,0.5924281956893271
logistic_regression,2,2024-04-25T00:00:00+00:00,MSFT,0,-0.025944994561051482,0.5621412414414925
logistic_regression,2,2024-04-25T00:00:00+00:00,QQQ,1,0.013918969995222463,0.5706578918305599
logistic_regression,2,2024-04-25T00:00:00+00:00,SPY,1,0.007482372635295498,0.5766329670587443
logistic_regression,2,2024-04-26T00:00:00+00:00,AAPL,1,0.04969516349651171,0.592629174530436
logistic_regression,2,2024-04-26T00:00:00+00:00,MSFT,1,0.006646038081820516,0.5633266734593021
logistic_regression,2,2024-04-26T00:00:00+00:00,QQQ,1,0.00761028877261305,0.5682193628432541
logistic_regression,2,2024-04-26T00:00:00+00:00,SPY,1,0.005162837185075375,0.578229512696601
logistic_regression,2,2024-04-29T00:00:00+00:00,AAPL,1,0.05627099860088425,0.6029228344121215
logistic_regression,2,2024-04-29T00:00:00+00:00,MSFT,1,0.030739323460052592,0.5633266619244933
logistic_regression,2,2024-04-29T00:00:00+00:00,QQQ,1,0.02010799112062389,0.5702705563661618
logistic_regression,2,2024-04-29T00:00:00+00:00,SPY,1,0.015663704417879565,0.5863757769073938
logistic_regression,2,2024-04-30T00:00:00+00:00,AAPL,1,0.07609760415805944,0.6037702715177028
logistic_regression,2,2024-04-30T00:00:00+00:00,MSFT,1,0.0375551960517988,0.5502882441796801
logistic_regression,2,2024-04-30T00:00:00+00:00,QQQ,1,0.03224757291240743,0.5817847422026184
logistic_regression,2,2024-04-30T00:00:00+00:00,SPY,1,0.025630203037331656,0.5951572410164688
logistic_regression,2,2024-05-01T00:00:00+00:00,AAPL,1,0.05614310096487918,0.60138998274264
logistic_regression,2,2024-05-01T00:00:00+00:00,MSFT,1,0.030402036706110414,0.5632900323938048
logistic_regression,2,2024-05-01T00:00:00+00:00,QQQ,1,0.03327104487490162,0.587600050637455
logistic_regression,2,2024-05-01T00:00:00+00:00,SPY,1,0.02419174310418848,0.6005674200043684
logistic_regression,2,2024-05-02T00:00:00+00:00,AAPL,0,-0.010014158416005725,0.60736634781776
logistic_regression,2,2024-05-02T00:00:00+00:00,MSFT,1,0.024448004792505085,0.5653664520740627
logistic_regression,2,2024-05-02T00:00:00+00:00,QQQ,1,0.016609406358317313,0.5994735844535373
logistic_regression,2,2024-05-02T00:00:00+00:00,SPY,1,0.01879532027630426,0.6089323794343477
logistic_regression,2,2024-05-03T00:00:00+00:00,AAPL,1,0.016290305264856197,0.5888071903532596
logistic_regression,2,2024-05-03T00:00:00+00:00,MSFT,1,0.020586095423202,0.560543756826875
logistic_regression,2,2024-05-03T00:00:00+00:00,QQQ,1,0.01326993478094618,0.5932699039474055
logistic_regression,2,2024-05-03T00:00:00+00:00,SPY,1,0.01511618108464119,0.6038089271688581
logistic_regression,2,2024-05-06T00:00:00+00:00,AAPL,1,0.021472821193328384,0.5892304106072903
logistic_regression,2,2024-05-06T00:00:00+00:00,MSFT,0,-0.008352068066514229,0.5657058712554346
logistic_regression,2,2024-05-06T00:00:00+00:00,QQQ,1,0.002417722610177586,0.5973979822866424
logistic_regression,2,2024-05-06T00:00:00+00:00,SPY,1,0.00484726023755333,0.607359672874106
logistic_regression,2,2024-05-07T00:00:00+00:00,AAPL,1,0.027010903964432398,0.5760188965715436
logistic_regression,2,2024-05-07T00:00:00+00:00,MSFT,1,0.0236352730935403,0.5586865982806862
logistic_regression,2,2024-05-07T00:00:00+00:00,QQQ,1,0.02253766502816057,0.5897033170789829
logistic_regression,2,2024-05-07T00:00:00+00:00,SPY,1,0.01847485623413636,0.6060571168527796
logistic_regression,2,2024-05-08T00:00:00+00:00,AAPL,1,0.04265584783429266,0.568347517076138
logistic_regression,2,2024-05-08T00:00:00+00:00,MSFT,1,0.027148769977320075,0.5679229723641073
logistic_regression,2,2024-05-08T00:00:00+00:00,QQQ,1,0.026061205942764953,0.589997202939771
logistic_regression,2,2024-05-08T00:00:00+00:00,SPY,1,0.02211400476113523,0.6087955768703904
logistic_regression,2,2024-05-09T00:00:00+00:00,AAPL,1,0.02288453025870818,0.5402385883650482
logistic_regression,2,2024-05-09T00:00:00+00:00,MSFT,1,0.023045458779409556,0.5789360287188263
logistic_regression,2,2024-05-09T00:00:00+00:00,QQQ,1,0.01958382657275637,0.5954499467192852
logistic_regression,2,2024-05-09T00:00:00+00:00,SPY,1,0.011389912747682862,0.6064075026265893
logistic_regression,2,2024-05-10T00:00:00+00:00,AAPL,1,0.018937185178832028,0.5478026484600782
logistic_regression,2,2024-05-10T00:00:00+00:00,MSFT,1,0.005064281130441106,0.6024490609065458
logistic_regression,2,2024-05-10T00:00:00+00:00,QQQ,1,0.015962057351269543,0.6036550015349741
logistic_regression,2,2024-05-10T00:00:00+00:00,SPY,1,0.011389741377744178,0.6130596093792711
logistic_regression,2,2024-05-13T00:00:00+00:00,AAPL,1,0.017056142990194534,0.5513071873728104
logistic_regression,2,2024-05-13T00:00:00+00:00,MSFT,1,0.035739892663825046,0.6138227138731756
logistic_regression,2,2024-05-13T00:00:00+00:00,QQQ,1,0.021427512866069254,0.6051603750603738
logistic_regression,2,2024-05-13T00:00:00+00:00,SPY,1,0.013649040100085497,0.6157087324924978
logistic_regression,2,2024-05-14T00:00:00+00:00,AAPL,1,0.021158084275147315,0.5615990742341977
logistic_regression,2,2024-05-14T00:00:00+00:00,MSFT,1,0.027113541695712895,0.6086003977412847
logistic_regression,2,2024-05-14T00:00:00+00:00,QQQ,1,0.014982881705604356,0.6008401658474947
logistic_regression,2,2024-05-14T00:00:00+00:00,SPY,1,0.007150218158130439,0.6132665449256623
logistic_regression,2,2024-05-15T00:00:00+00:00,AAPL,1,0.0006742279327762724,0.5660791419451349
logistic_regression,2,2024-05-15T00:00:00+00:00,MSFT,1,0.024430895799227637,0.6141879061921217
logistic_regression,2,2024-05-15T00:00:00+00:00,QQQ,1,0.015285234873573916,0.6010036367071615
logistic_regression,2,2024-05-15T00:00:00+00:00,SPY,1,0.003802947299883064,0.6105201052074163
logistic_regression,2,2024-05-16T00:00:00+00:00,AAPL,0,-0.005631628987071924,0.5663622342608321
logistic_regression,2,2024-05-16T00:00:00+00:00,MSFT,1,0.008984931296117438,0.6202372392724562
logistic_regression,2,2024-05-16T00:00:00+00:00,QQQ,1,0.005021663164049839,0.5968713827557719
logistic_regression,2,2024-05-16T00:00:00+00:00,SPY,0,-0.0038096135403835607,0.60675176399035
logistic_regression,2,2024-05-17T00:00:00+00:00,AAPL,1,0.009493343260835285,0.5682655409674251
logistic_regression,2,2024-05-17T00:00:00+00:00,MSFT,1,0.020374439767495423,0.6175529298955519
logistic_regression,2,2024-05-17T00:00:00+00:00,QQQ,1,0.013900014386208026,0.6052752005214204
logistic_regression,2,2024-05-17T00:00:00+00:00,SPY,0,-0.0006786240469155436,0.6132519421023647
logistic_regression,2,2024-05-20T00:00:00+00:00,AAPL,0,-0.009727602355047105,0.5630076312147548
logistic_regression,2,2024-05-20T00:00:00+00:00,MSFT,0,-0.004663494523784006,0.612856989917018
logistic_regression,2,2024-05-20T00:00:00+00:00,QQQ,1,0.003376985181053671,0.6048027217280758
logistic_regression,2,2024-05-20T00:00:00+00:00,SPY,0,-0.008786020537245753,0.6075971335480523
logistic_regression,2,2024-05-21T00:00:00+00:00,AAPL,0,-0.00983570495156505,0.5595302474976569
logistic_regression,2,2024-05-21T00:00:00+00:00,MSFT,0,-0.015433481059006882,0.5999987844561252
logistic_regression,2,2024-05-21T00:00:00+00:00,QQQ,0,-0.0032233733357751593,0.5930533651037699
logistic_regression,2,2024-05-21T00:00:00+00:00,SPY,0,-0.013526649282518899,0.5979659357517032
logistic_regression,2,2024-05-22T00:00:00+00:00,AAPL,1,0.00040593514826126054,0.5456302720540476
logistic_regression,2,2024-05-22T00:00:00+00:00,MSFT,0,-0.039385241241945756,0.5873367806939312
logistic_regression,2,2024-05-22T00:00:00+00:00,QQQ,0,-0.02100224791813543,0.5854992548760601
logistic_regression,2,2024-05-22T00:00:00+00:00,SPY,0,-0.019543826943485998,0.5948564958342749
logistic_regression,2,2024-05-23T00:00:00+00:00,AAPL,1,0.019566651726444118,0.5364976107121893
logistic_regression,2,2024-05-23T00:00:00+00:00,MSFT,0,-0.02923828362482206,0.5899947417492707
logistic_regression,2,2024-05-23T00:00:00+00:00,QQQ,0,-0.003576272040344275,0.5852576962712014
logistic_regression,2,2024-05-23T00:00:00+00:00,SPY,1,0.00021409536225824866,0.5928808803776621
logistic_regression,2,2024-05-24T00:00:00+00:00,AAPL,1,0.014313080651594978,0.534265545361872
logistic_regression,2,2024-05-24T00:00:00+00:00,MSFT,0,-0.04195253461615012,0.5670478138365164
logistic_regression,2,2024-05-24T00:00:00+00:00,QQQ,0,-0.015712434684347576,0.5722043660467867
logistic_regression,2,2024-05-24T00:00:00+00:00,SPY,0,-0.009168557022249169,0.5882033531356573
logistic_regression,2,2024-05-28T00:00:00+00:00,AAPL,1,0.0284773919471053,0.5157127958155613
logistic_regression,2,2024-05-28T00:00:00+00:00,MSFT,0,-0.02047207371311699,0.5791375913846585
logistic_regression,2,2024-05-28T00:00:00+00:00,QQQ,1,0.003479884060101579,0.571350901975111
logistic_regression,2,2024-05-28T00:00:00+00:00,SPY,1,0.00766518524755444,0.5877733237017622
logistic_regression,2,2024-05-29T00:00:00+00:00,AAPL,1,0.023794471048171673,0.5189492209902713
logistic_regression,2,2024-05-29T00:00:00+00:00,MSFT,0,-0.0026799826229201296,0.6019468793442746
logistic_regression,2,2024-05-29T00:00:00+00:00,QQQ,1,0.01710741523982451,0.5701235391618541
logistic_regression,2,2024-05-29T00:00:00+00:00,SPY,1,0.017904042629782735,0.5882504710594187
logistic_regression,2,2024-05-30T00:00:00+00:00,AAPL,1,0.014736133893966219,0.5356370245809423
logistic_regression,2,2024-05-30T00:00:00+00:00,MSFT,1,0.020632164057486246,0.5923209914546594
logistic_regression,2,2024-05-30T00:00:00+00:00,QQQ,1,0.022787366113786733,0.5802865919236843
logistic_regression,2,2024-05-30T00:00:00+00:00,SPY,1,0.017196027392296198,0.593131065521514
logistic_regression,2,2024-05-31T00:00:00+00:00,AAPL,1,0.018696777620548,0.5611547146295999
logistic_regression,2,2024-05-31T00:00:00+00:00,MSFT,1,0.02002617430048015,0.6065637924637144
logistic_regression,2,2024-05-31T00:00:00+00:00,QQQ,1,0.013919341920009654,0.5867276155741828
logistic_regression,2,2024-05-31T00:00:00+00:00,SPY,1,0.005849793585477769,0.5975833135573985
logistic_regression,2,2024-06-03T00:00:00+00:00,AAPL,0,-0.007074272475028676,0.5301441233228492
logistic_regression,2,2024-06-03T00:00:00+00:00,MSFT,1,0.02958064619723344,0.5920240334167209
logistic_regression,2,2024-06-03T00:00:00+00:00,QQQ,1,0.021515837096998336,0.5830949818166661
logistic_regression,2,2024-06-03T00:00:00+00:00,SPY,1,0.012427880276535852,0.5974325724680427
logistic_regression,2,2024-06-04T00:00:00+00:00,AAPL,1,0.059138457801244826,0.5349849066596636
logistic_regression,2,2024-06-04T00:00:00+00:00,MSFT,1,0.039827280534225906,0.5827927636089242
logistic_regression,2,2024-06-04T00:00:00+00:00,QQQ,1,0.028531766147005033,0.5759629728346496
logistic_regression,2,2024-06-04T00:00:00+00:00,SPY,1,0.018421828146222508,0.5919131437948001
logistic_regression,2,2024-06-05T00:00:00+00:00,AAPL,1,0.09515508916873472,0.5344913126739254
logistic_regression,2,2024-06-05T00:00:00+00:00,MSFT,1,0.03763850547738379,0.5988419254011855
logistic_regression,2,2024-06-05T00:00:00+00:00,QQQ,1,0.027024942590442524,0.575139625943018
logistic_regression,2,2024-06-05T00:00:00+00:00,SPY,1,0.013243114067055917,0.5885687369393104
logistic_regression,2,2024-06-06T00:00:00+00:00,AAPL,1,0.09644352538941514,0.5375492799100919
logistic_regression,2,2024-06-06T00:00:00+00:00,MSFT,1,0.02628875687577903,0.5912883793523604
logistic_regression,2,2024-06-06T00:00:00+00:00,QQQ,1,0.02714447742696713,0.571722216358327
logistic_regression,2,2024-06-06T00:00:00+00:00,SPY,1,0.011504278013066527,0.5906667292248564
logistic_regression,2,2024-06-07T00:00:00+00:00,AAPL,1,0.08148148037572778,0.5253772379146178
logistic_regression,2,2024-06-07T00:00:00+00:00,MSFT,1,0.04004174391724358,0.5888008023394816
logistic_regression,2,2024-06-07T00:00:00+00:00,QQQ,1,0.036122340627590344,0.5680433833336535
logistic_regression,2,2024-06-07T00:00:00+00:00,SPY,1,0.014661032713445099,0.5863058510720064
logistic_regression,2,2024-06-10T00:00:00+00:00,AAPL,1,0.12138013674240966,0.5495105703910782
logistic_regression,2,2024-06-10T00:00:00+00:00,MSFT,1,0.05483559742515931,0.5856747798908793
logistic_regression,2,2024-06-10T00:00:00+00:00,QQQ,1,0.04422696718982788,0.5669210674048433
logistic_regression,2,2024-06-10T00:00:00+00:00,SPY,1,0.02246302576466186,0.5832318928271769
logistic_regression,2,2024-06-11T00:00:00+00:00,AAPL,1,0.029573075954812733,0.5534631304421355
logistic_regression,2,2024-06-11T00:00:00+00:00,MSFT,1,0.023174370562613067,0.5824462657021658
logistic_regression,2,2024-06-11T00:00:00+00:00,QQQ,1,0.028513451324658767,0.5667700046753709
logistic_regression,2,2024-06-11T00:00:00+00:00,SPY,1,0.012392765329243272,0.5851590559221503
logistic_regression,2,2024-06-12T00:00:00+00:00,AAPL,0,-0.022214541296653345,0.5445952225482119
logistic_regression,2,2024-06-12T00:00:00+00:00,MSFT,1,0.012784733758106626,0.5746946070988126
logistic_regression,2,2024-06-12T00:00:00+00:00,QQQ,1,0.005251138592894167,0.5750867784850815
logistic_regression,2,2024-06-12T00:00:00+00:00,SPY,1,0.0035258188619613495,0.5830309189567175
logistic_regression,2,2024-06-13T00:00:00+00:00,AAPL,0,-0.030605766207472906,0.5219674281056709
logistic_regression,2,2024-06-13T00:00:00+00:00,MSFT,1,0.02423423137205627,0.5596093364685921
logistic_regression,2,2024-06-13T00:00:00+00:00,QQQ,1,0.003070495351327196,0.5584697295649387
logistic_regression,2,2024-06-13T00:00:00+00:00,SPY,1,0.007607963712446653,0.5721337790824839
logistic_regression,2,2024-06-14T00:00:00+00:00,AAPL,0,-0.021736336444878823,0.5211660470038234
logistic_regression,2,2024-06-14T00:00:00+00:00,MSFT,1,0.010764780021621068,0.5601404927117645
logistic_regression,2,2024-06-14T00:00:00+00:00,QQQ,0,-0.007479186982668695,0.5607641642502186
logistic_regression,2,2024-06-14T00:00:00+00:00,SPY,1,0.004749347063786269,0.5766771908015387
logistic_regression,2,2024-06-17T00:00:00+00:00,AAPL,0,-0.029930449232441037,0.5119113837452061
logistic_regression,2,2024-06-17T00:00:00+00:00,MSFT,0,-0.0035737209534707493,0.5480847216892905
logistic_regression,2,2024-06-17T00:00:00+00:00,QQQ,0,-0.013725680663401518,0.5502324990964493
logistic_regression,2,2024-06-17T00:00:00+00:00,SPY,0,-0.005127972916151524,0.5688530519859114
logistic_regression,2,2024-06-18T00:00:00+00:00,AAPL,1,0.001547594670067376,0.5238569810403413
logistic_regression,2,2024-06-18T00:00:00+00:00,MSFT,1,0.011150713337449547,0.5397873683633316
logistic_regression,2,2024-06-18T00:00:00+00:00,QQQ,0,-0.013358150478138153,0.5448881379302938
logistic_regression,2,2024-06-18T00:00:00+00:00,SPY,0,-0.006195147097860398,0.5664589861764533
logistic_regression,2,2024-06-20T00:00:00+00:00,AAPL,1,0.023522554303575083,0.516216570166512
logistic_regression,2,2024-06-20T00:00:00+00:00,MSFT,1,0.010695201370036322,0.5362251888241253
logistic_regression,2,2024-06-20T00:00:00+00:00,QQQ,1,0.0021227229774587464,0.5430380434529685
logistic_regression,2,2024-06-20T00:00:00+00:00,SPY,1,0.0030615874084123362,0.5673028430386055
logistic_regression,2,2024-06-21T00:00:00+00:00,AAPL,1,0.018998020116656855,0.5311337954066936
logistic_regression,2,2024-06-21T00:00:00+00:00,MSFT,0,-0.004527456227366833,0.5384855609564984
logistic_regression,2,2024-06-21T00:00:00+00:00,QQQ,1,0.0018839474596410444,0.5465950748363443
logistic_regression,2,2024-06-21T00:00:00+00:00,SPY,1,0.00038536301075220436,0.5709784404920845
logistic_regression,2,2024-06-24T00:00:00+00:00,AAPL,1,0.03140383225723342,0.5322001023868901
logistic_regression,2,2024-06-24T00:00:00+00:00,MSFT,1,0.00902292461541676,0.5339154869523719
logistic_regression,2,2024-06-24T00:00:00+00:00,QQQ,1,0.007100059576019557,0.5394677764926843
logistic_regression,2,2024-06-24T00:00:00+00:00,SPY,0,-0.002530132691768716,0.5691533279012807
logistic_regression,2,2024-06-25T00:00:00+00:00,AAPL,1,0.03811076195257801,0.5232102614169365
logistic_regression,2,2024-06-25T00:00:00+00:00,MSFT,1,0.01842883292796671,0.5383883646729576
logistic_regression,2,2024-06-25T00:00:00+00:00,QQQ,1,0.013997564052605771,0.5480447104298781
logistic_regression,2,2024-06-25T00:00:00+00:00,SPY,1,0.007180205868878575,0.5741119374592587
logistic_regression,2,2024-06-26T00:00:00+00:00,AAPL,1,0.03035604389741109,0.5384742321635017
logistic_regression,2,2024-06-26T00:00:00+00:00,MSFT,1,0.01440057099906733,0.541732978000246
logistic_regression,2,2024-06-26T00:00:00+00:00,QQQ,1,0.02246777530143551,0.55319709771072
logistic_regression,2,2024-06-26T00:00:00+00:00,SPY,1,0.009713805393166464,0.5801187977818462
logistic_regression,2,2024-06-27T00:00:00+00:00,AAPL,1,0.050360381154437084,0.5450625965188947
logistic_regression,2,2024-06-27T00:00:00+00:00,MSFT,1,0.027694979919833163,0.5398289049741188
logistic_regression,2,2024-06-27T00:00:00+00:00,QQQ,1,0.02721313183009233,0.5550787992714006
logistic_regression,2,2024-06-27T00:00:00+00:00,SPY,1,0.013104574880942854,0.5829060934595075
logistic_regression,2,2024-06-28T00:00:00+00:00,AAPL,1,0.07253799432371166,0.5417325148803532
logistic_regression,2,2024-06-28T00:00:00+00:00,MSFT,1,0.03879752417590776,0.5520130343342887
logistic_regression,2,2024-06-28T00:00:00+00:00,QQQ,1,0.03714951270102995,0.5622861076642388
logistic_regression,2,2024-06-28T00:00:00+00:00,SPY,1,0.01744524398557412,0.5975723992254383
logistic_regression,2,2024-07-01T00:00:00+00:00,AAPL,1,0.05871787482802615,0.5597859766774579
logistic_regression,2,2024-07-01T00:00:00+00:00,MSFT,1,0.01566302154263788,0.5554361835663866
logistic_regression,2,2024-07-01T00:00:00+00:00,QQQ,1,0.03809575431168577,0.5683476725497184
logistic_regression,2,2024-07-01T00:00:00+00:00,SPY,1,0.02254376411809944,0.5915078347605442
logistic_regression,2,2024-07-02T00:00:00+00:00,AAPL,1,0.04967130402215325,0.5551561164526143
logistic_regression,2,2024-07-02T00:00:00+00:00,MSFT,1,0.008435346013562661,0.5654752368241925
logistic_regression,2,2024-07-02T00:00:00+00:00,QQQ,1,0.03258777871313279,0.5797314037284775
logistic_regression,2,2024-07-02T00:00:00+00:00,SPY,1,0.02119274081986311,0.5968419759351794
logistic_regression,2,2024-07-03T00:00:00+00:00,AAPL,1,0.030735873760197707,0.5522802187646647
logistic_regression,2,2024-07-03T00:00:00+00:00,MSFT,0,-0.01346313882864203,0.5760862079441409
logistic_regression,2,2024-07-03T00:00:00+00:00,QQQ,0,-0.000740128751186675,0.5904631783080241
logistic_regression,2,2024-07-03T00:00:00+00:00,SPY,1,0.00860124120110739,0.6020516582026868
logistic_regression,2,2024-07-05T00:00:00+00:00,AAPL,1,0.03926854064643148,0.5370964040796898
logistic_regression,2,2024-07-05T00:00:00+00:00,MSFT,0,-0.03034111229941705,0.5483526788926314
logistic_regression,2,2024-07-05T00:00:00+00:00,QQQ,0,-0.0018371550326704567,0.5667407335631105
logistic_regression,2,2024-07-05T00:00:00+00:00,SPY,1,0.009842706617758434,0.5872937531465178
logistic_regression,2,2024-07-08T00:00:00+00:00,AAPL,1,0.028958324224794385,0.5245683365068254
logistic_regression,2,2024-07-08T00:00:00+00:00,MSFT,0,-0.029309528194439882,0.5374082830377834
logistic_regression,2,2024-07-08T00:00:00+00:00,QQQ,0,-0.00449861581925004,0.5617286395971627
logistic_regression,2,2024-07-08T00:00:00+00:00,SPY,1,0.009861186122869237,0.5859014367331491
logistic_regression,2,2024-07-09T00:00:00+00:00,AAPL,0,-0.0013451102658534886,0.5163037713968297
logistic_regression,2,2024-07-09T00:00:00+00:00,MSFT,0,-0.042310182261204976,0.5598595311116745
logistic_regression,2,2024-07-09T00:00:00+00:00,QQQ,0,-0.02482563375025293,0.5686251755146257
logistic_regression,2,2024-07-09T00:00:00+00:00,SPY,1,0.0011013436714040203,0.5899605915534756
logistic_regression,2,2024-07-10T00:00:00+00:00,AAPL,0,-0.006785435833704945,0.607605561279047
logistic_regression,2,2024-07-10T00:00:00+00:00,MSFT,0,-0.04217844835506901,0.5656141928536734
logistic_regression,2,2024-07-10T00:00:00+00:00,QQQ,0,-0.036794132702393845,0.5657320791737368
logistic_regression,2,2024-07-10T00:00:00+00:00,SPY,0,-0.007206215399834237,0.5854583272008201
logistic_regression,2,2024-07-11T00:00:00+00:00,AAPL,0,-0.019872382691948243,0.5334018622620619
logistic_regression,2,2024-07-11T00:00:00+00:00,MSFT,0,-0.04863266399957078,0.5787798927231025
logistic_regression,2,2024-07-11T00:00:00+00:00,QQQ,0,-0.029070176380479373,0.5732457580952646
logistic_regression,2,2024-07-11T00:00:00+00:00,SPY,0,-0.011322693589926214,0.5911987486407909
logistic_regression,2,2024-07-12T00:00:00+00:00,AAPL,0,-0.041963564434994605,0.5395383517128416
logistic_regression,2,2024-07-12T00:00:00+00:00,MSFT,0,-0.027338810792960633,0.5863290664229105
logistic_regression,2,2024-07-12T00:00:00+00:00,QQQ,0,-0.03304687781136395,0.5795996892120653
logistic_regression,2,2024-07-12T00:00:00+00:00,SPY,0,-0.018032466313414153,0.5982264615791797
logistic_regression,2,2024-07-15T00:00:00+00:00,AAPL,0,-0.04714172873397027,0.5491316245593483
logistic_regression,2,2024-07-15T00:00:00+00:00,MSFT,0,-0.024672737784485532,0.5860336540871266
logistic_regression,2,2024-07-15T00:00:00+00:00,QQQ,0,-0.034508023850590375,0.5840799534193971
logistic_regression,2,2024-07-15T00:00:00+00:00,SPY,0,-0.01676774382219337,0.6010489082910349
logistic_regression,2,2024-07-16T00:00:00+00:00,AAPL,0,-0.025703082932738597,0.5449456395498102
logistic_regression,2,2024-07-16T00:00:00+00:00,MSFT,0,-0.006823527619728709,0.5866403029054992
logistic_regression,2,2024-07-16T00:00:00+00:00,QQQ,0,-0.03155291672047489,0.578743430702404
logistic_regression,2,2024-07-16T00:00:00+00:00,SPY,0,-0.019750748948364927,0.5987457171201707
logistic_regression,2,2024-07-17T00:00:00+00:00,AAPL,0,-0.0511874926098419,0.503419342551492
logistic_regression,2,2024-07-17T00:00:00+00:00,MSFT,0,-0.036901267501724844,0.5690895785962329
logistic_regression,2,2024-07-17T00:00:00+00:00,QQQ,0,-0.04682826337781043,0.5647493634474082
logistic_regression,2,2024-07-17T00:00:00+00:00,SPY,0,-0.032661529780911525,0.5907247452120735
logistic_regression,2,2024-07-18T00:00:00+00:00,AAPL,0,-0.02916539832759346,0.5035123459470369
logistic_regression,2,2024-07-18T00:00:00+00:00,MSFT,0,-0.03633236754501468,0.5539519434673554
logistic_regression,2,2024-07-18T00:00:00+00:00,QQQ,0,-0.036365232072160025,0.5602459502666777
logistic_regression,2,2024-07-18T00:00:00+00:00,SPY,0,-0.020316728072436674,0.5845033865410213
logistic_regression,2,2024-07-19T00:00:00+00:00,AAPL,0,-0.04618077507394713,0.5185083544683582
logistic_regression,2,2024-07-19T00:00:00+00:00,MSFT,0,-0.025062415821008655,0.5523903790716286
logistic_regression,2,2024-07-19T00:00:00+00:00,QQQ,0,-0.03404366974959949,0.5666657869614835
logistic_regression,2,2024-07-19T00:00:00+00:00,SPY,0,-0.014595064274841696,0.5873619020897279
logistic_regression,2,2024-07-22T00:00:00+00:00,AAPL,0,-0.025038628739340152,0.5307660575368418
logistic_regression,2,2024-07-22T00:00:00+00:00,MSFT,0,-0.038374875805675224,0.5553811093115248
logistic_regression,2,2024-07-22T00:00:00+00:00,QQQ,0,-0.034255174430027235,0.5788821036718582
logistic_regression,2,2024-07-22T00:00:00+00:00,SPY,0,-0.016899342858009758,0.5943883827069613
logistic_regression,2,2024-07-23T00:00:00+00:00,AAPL,0,-0.013403760661846453,0.533400680920726
logistic_regression,2,2024-07-23T00:00:00+00:00,MSFT,0,-0.04720207295257539,0.558887988619431
logistic_regression,2,2024-07-23T00:00:00+00:00,QQQ,0,-0.014530432246688707,0.5862508083672585
logistic_regression,2,2024-07-23T00:00:00+00:00,SPY,0,-0.0017796056164132157,0.5986246322714117
logistic_regression,2,2024-07-24T00:00:00+00:00,AAPL,1,0.02280065170701895,0.5273495795549584
logistic_regression,2,2024-07-24T00:00:00+00:00,MSFT,0,-0.020640827844814025,0.5283454766253914
logistic_regression,2,2024-07-24T00:00:00+00:00,QQQ,1,0.01530540558178406,0.5443750204385783
logistic_regression,2,2024-07-24T00:00:00+00:00,SPY,1,0.018686719681674457,0.5871691738142767
logistic_regression,2,2024-07-25T00:00:00+00:00,AAPL,1,5.547061422017663e-05,0.5038756411046941
logistic_regression,2,2024-07-25T00:00:00+00:00,MSFT,0,-0.015624505900366237,0.503387214834058
logistic_regression,2,2024-07-25T00:00:00+00:00,QQQ,0,-0.02736595315566681,0.5347424618252743
logistic_regression,2,2024-07-25T00:00:00+00:00,SPY,0,-0.014015795725398905,0.5806439799602435
logistic_regression,2,2024-07-26T00:00:00+00:00,AAPL,0,-0.08419888527509967,0.5045548541925303
logistic_regression,2,2024-07-26T00:00:00+00:00,MSFT,0,-0.10006847930608664,0.5115458422289157
logistic_regression,2,2024-07-26T00:00:00+00:00,QQQ,0,-0.08985982297784356,0.5363582016584203
logistic_regression,2,2024-07-26T00:00:00+00:00,SPY,0,-0.06483684108817545,0.5832057465541526
logistic_regression,2,2024-07-29T00:00:00+00:00,AAPL,0,-0.06524111153675494,0.5406615054205154
logistic_regression,2,2024-07-29T00:00:00+00:00,MSFT,0,-0.06667736236676003,0.5186963205847995
logistic_regression,2,2024-07-29T00:00:00+00:00,QQQ,0,-0.06331129326336782,0.5402094440401474
logistic_regression,2,2024-07-29T00:00:00+00:00,SPY,0,-0.05139947320417082,0.5824614224395605
logistic_regression,2,2024-07-30T00:00:00+00:00,AAPL,0,-0.06752788281062672,0.5322361681878695
logistic_regression,2,2024-07-30T00:00:00+00:00,MSFT,0,-0.03014621068423151,0.515583545639427
logistic_regression,2,2024-07-30T00:00:00+00:00,QQQ,0,-0.04760322931385186,0.5380979823177283
logistic_regression,2,2024-07-30T00:00:00+00:00,SPY,0,-0.03928362236247673,0.582599645034242
logistic_regression,2,2024-07-31T00:00:00+00:00,AAPL,0,-0.0520828054197231,0.5272110961085816
logistic_regression,2,2024-07-31T00:00:00+00:00,MSFT,0,-0.04551934940591407,0.5123709220731509
logistic_regression,2,2024-07-31T00:00:00+00:00,QQQ,0,-0.06694356452535044,0.5380436382332751
logistic_regression,2,2024-07-31T00:00:00+00:00,SPY,0,-0.05376106805609138,0.580232099921554
logistic_regression,2,2024-08-01T00:00:00+00:00,AAPL,0,-0.03410349330301776,0.5204900607410432
logistic_regression,2,2024-08-01T00:00:00+00:00,MSFT,0,-0.02246666728152613,0.5050214167550949
logistic_regression,2,2024-08-01T00:00:00+00:00,QQQ,0,-0.011183649107189275,0.5311796283062409
logistic_regression,2,2024-08-01T00:00:00+00:00,SPY,0,-0.01306310507644437,0.575390416099734
logistic_regression,2,2024-08-02T00:00:00+00:00,AAPL,1,0.08437348572009418,0.5159520384915348
logistic_regression,2,2024-08-02T00:00:00+00:00,MSFT,1,0.04387969666317604,0.48368910838889057
logistic_regression,2,2024-08-02T00:00:00+00:00,QQQ,1,0.06069607865630755,0.5101268348711315
logistic_regression,2,2024-08-02T00:00:00+00:00,SPY,1,0.04202687859722798,0.5628614652764048
logistic_regression,2,2024-08-05T00:00:00+00:00,AAPL,1,0.06588115620023127,0.4729438886716213
logistic_regression,2,2024-08-05T00:00:00+00:00,MSFT,1,0.021929147743176447,0.4640655462402306
logistic_regression,2,2024-08-05T00:00:00+00:00,QQQ,1,0.040434699234424665,0.48912934785903295
logistic_regression,2,2024-08-05T00:00:00+00:00,SPY,1,0.031274178726262924,0.5386848320977319
logistic_regression,2,2024-08-06T00:00:00+00:00,AAPL,1,0.06517209125999845,0.47959894802574315
logistic_regression,2,2024-08-06T00:00:00+00:00,MSFT,1,0.013046232493869603,0.4830194656507185
logistic_regression,2,2024-08-06T00:00:00+00:00,QQQ,1,0.036045486969069396,0.4986836933099076
logistic_regression,2,2024-08-06T00:00:00+00:00,SPY,1,0.025158211228825333,0.5479920750467245
logistic_regression,2,2024-08-07T00:00:00+00:00,AAPL,1,0.05302758446653888,0.485320784032475
logistic_regression,2,2024-08-07T00:00:00+00:00,MSFT,1,0.04292907328162898,0.49901534654634944
logistic_regression,2,2024-08-07T00:00:00+00:00,QQQ,1,0.060679876540693733,0.5154652616749739
logistic_regression,2,2024-08-07T00:00:00+00:00,SPY,1,0.046748467040126584,0.5474836757062693
logistic_regression,2,2024-08-08T00:00:00+00:00,AAPL,1,0.054838665927198216,0.508903419201637
logistic_regression,2,2024-08-08T00:00:00+00:00,MSFT,1,0.04080443583635063,0.5209568342405598
logistic_regression,2,2024-08-08T00:00:00+00:00,QQQ,1,0.0558171115068089,0.5319977584109744
logistic_regression,2,2024-08-08T00:00:00+00:00,SPY,1,0.03870869134949495,0.5589566841053915
logistic_regression,2,2024-08-09T00:00:00+00:00,AAPL,1,0.04257405638763734,0.51838563383007
logistic_regression,2,2024-08-09T00:00:00+00:00,MSFT,1,0.029029107239135987,0.5271332507236436
logistic_regression,2,2024-08-09T00:00:00+00:00,QQQ,1,0.05057831417965053,0.5325882432705653
logistic_regression,2,2024-08-09T00:00:00+00:00,SPY,1,0.03633693117247261,0.5571502765215282
logistic_regression,2,2024-08-12T00:00:00+00:00,AAPL,1,0.028806595211934294,0.5066525530676235
logistic_regression,2,2024-08-12T00:00:00+00:00,MSFT,1,0.029361032375378127,0.5454312448706273
logistic_regression,2,2024-08-12T00:00:00+00:00,QQQ,1,0.051709623505401536,0.5346868447820757
logistic_regression,2,2024-08-12T00:00:00+00:00,SPY,1,0.04007748589768445,0.554955185341454
logistic_regression,2,2024-08-13T00:00:00+00:00,AAPL,1,0.024923605365042123,0.5375987411536449
logistic_regression,2,2024-08-13T00:00:00+00:00,MSFT,1,0.022168647584411394,0.5700907528202231
logistic_regression,2,2024-08-13T00:00:00+00:00,QQQ,1,0.035767923010734615,0.5714621323086794
logistic_regression,2,2024-08-13T00:00:00+00:00,SPY,1,0.029108748701839327,0.5705740903656267
logistic_regression,2,2024-08-14T00:00:00+00:00,AAPL,1,0.012176702902357839,0.5699882886566427
logistic_regression,2,2024-08-14T00:00:00+00:00,MSFT,1,0.008842637519270502,0.5820132885416848
logistic_regression,2,2024-08-14T00:00:00+00:00,QQQ,1,0.03223678095135907,0.5810453314394076
logistic_regression,2,2024-08-14T00:00:00+00:00,SPY,1,0.02172151154805424,0.5797326022759149
logistic_regression,2,2024-08-15T00:00:00+00:00,AAPL,1,0.00575717064864123,0.5927768277510693
logistic_regression,2,2024-08-15T00:00:00+00:00,MSFT,0,-0.010587480788759374,0.5913425391037123
logistic_regression,2,2024-08-15T00:00:00+00:00,QQQ,1,0.011980909533310324,0.5970184686712275
logistic_regression,2,2024-08-15T00:00:00+00:00,SPY,1,0.012680176257428455,0.5949395180028253
logistic_regression,2,2024-08-16T00:00:00+00:00,AAPL,1,0.002600469975250208,0.5945143887584182
logistic_regression,2,2024-08-16T00:00:00+00:00,MSFT,0,-0.008167691411361533,0.5927244101749874
logistic_regression,2,2024-08-16T00:00:00+00:00,QQQ,1,0.006991452935496634,0.5954680061977239
logistic_regression,2,2024-08-16T00:00:00+00:00,SPY,1,0.013204346520242272,0.5939999536395896
logistic_regression,2,2024-08-19T00:00:00+00:00,AAPL,0,-0.000981355840756759,0.6037978359587169
logistic_regression,2,2024-08-19T00:00:00+00:00,MSFT,0,-0.022918881717389428,0.5896550647109787
logistic_regression,2,2024-08-19T00:00:00+00:00,QQQ,0,-0.015835153370312605,0.5913800387576544
logistic_regression,2,2024-08-19T00:00:00+00:00,SPY,0,-0.001391142309593807,0.5838435820101558
logistic_regression,2,2024-08-20T00:00:00+00:00,AAPL,1,0.004170158872609964,0.6041780586416146
logistic_regression,2,2024-08-20T00:00:00+00:00,MSFT,0,-0.023648616687522717,0.6251632081588623
logistic_regression,2,2024-08-20T00:00:00+00:00,QQQ,0,-0.011873075745868933,0.6018622843812554
logistic_regression,2,2024-08-20T00:00:00+00:00,SPY,1,0.0005692312199616634,0.5896066634499234
logistic_regression,2,2024-08-21T00:00:00+00:00,AAPL,1,0.008122764371928382,0.6272235404265077
logistic_regression,2,2024-08-21T00:00:00+00:00,MSFT,0,-0.02415176216638837,0.6413680618834564
logistic_regression,2,2024-08-21T00:00:00+00:00,QQQ,0,-0.025793334392340772,0.612009762306939
logistic_regression,2,2024-08-21T00:00:00+00:00,SPY,0,-0.0059893544900085915,0.5971179413023576
logistic_regression,2,2024-08-22T00:00:00+00:00,AAPL,1,0.018036279356065332,0.6052768510238375
logistic_regression,2,2024-08-22T00:00:00+00:00,MSFT,0,-0.005300958118354959,0.6496424028453052
logistic_regression,2,2024-08-22T00:00:00+00:00,QQQ,0,-0.010744297013803972,0.6182292032560872
logistic_regression,2,2024-08-22T00:00:00+00:00,SPY,1,0.00021384188073070298,0.6014469763580624
logistic_regression,2,2024-08-23T00:00:00+00:00,AAPL,1,0.005880034656304378,0.5963571627377297
logistic_regression,2,2024-08-23T00:00:00+00:00,MSFT,1,0.0016932766288406675,0.6341498799523779
logistic_regression,2,2024-08-23T00:00:00+00:00,QQQ,0,-0.015007810818497891,0.6091596944992624
logistic_regression,2,2024-08-23T00:00:00+00:00,SPY,0,-0.0068004058199966355,0.5925351424532957
logistic_regression,2,2024-08-26T00:00:00+00:00,AAPL,0,-0.021163194467120672,0.5910584096692484
logistic_regression,2,2024-08-26T00:00:00+00:00,MSFT,0,-0.01879806842098164,0.6362882711031242
logistic_regression,2,2024-08-26T00:00:00+00:00,QQQ,0,-0.03364320899169615,0.6069927770293237
logistic_regression,2,2024-08-26T00:00:00+00:00,SPY,0,-0.018569200590102253,0.5925319896801671
logistic_regression,2,2024-08-27T00:00:00+00:00,AAPL,0,-0.029540333311935618,0.5903336303632362
logistic_regression,2,2024-08-27T00:00:00+00:00,MSFT,0,-0.019462188669985836,0.6412896874342224
logistic_regression,2,2024-08-27T00:00:00+00:00,QQQ,0,-0.03828984275235703,0.6090182912065885
logistic_regression,2,2024-08-27T00:00:00+00:00,SPY,0,-0.020350067198615873,0.5933406316986674
logistic_regression,2,2024-08-28T00:00:00+00:00,AAPL,0,-0.02867239712397418,0.5722341812156024
logistic_regression,2,2024-08-28T00:00:00+00:00,MSFT,0,-0.016140458163853455,0.6402029995126156
logistic_regression,2,2024-08-28T00:00:00+00:00,QQQ,0,-0.02930556709812515,0.586727118054811
logistic_regression,2,2024-08-28T00:00:00+00:00,SPY,0,-0.020468663319113123,0.5808184669551968
logistic_regression,2,2024-08-29T00:00:00+00:00,AAPL,0,-0.04262211203109034,0.5791776241075726
logistic_regression,2,2024-08-29T00:00:00+00:00,MSFT,0,-0.02207330693056153,0.6378264810238131
logistic_regression,2,2024-08-29T00:00:00+00:00,QQQ,0,-0.04817537968501884,0.5919138334497459
logistic_regression,2,2024-08-29T00:00:00+00:00,SPY,0,-0.030687022816884846,0.5840522973057318
logistic_regression,2,2024-08-30T00:00:00+00:00,AAPL,0,-0.04404911836428882,0.5838839474761562
logistic_regression,2,2024-08-30T00:00:00+00:00,MSFT,0,-0.025186180342761322,0.6458305022369457
logistic_regression,2,2024-08-30T00:00:00+00:00,QQQ,0,-0.0377674698963687,0.6057468389651828
logistic_regression,2,2024-08-30T00:00:00+00:00,SPY,0,-0.023561626169901317,0.5942283392695011
logistic_regression,2,2024-09-03T00:00:00+00:00,AAPL,0,-0.002898465877015921,0.5990043332751429
logistic_regression,2,2024-09-03T00:00:00+00:00,MSFT,1,0.021580674636462405,0.6538355369417609
logistic_regression,2,2024-09-03T00:00:00+00:00,QQQ,1,0.00070005068068002,0.6092466219788732
logistic_regression,2,2024-09-03T00:00:00+00:00,SPY,0,-0.004718750817777062,0.6010240970758874
logistic_regression,2,2024-09-04T00:00:00+00:00,AAPL,1,0.00191973647197341,0.6126107250738144
logistic_regression,2,2024-09-04T00:00:00+00:00,MSFT,1,0.03641678862486564,0.6439954190815834
logistic_regression,2,2024-09-04T00:00:00+00:00,QQQ,1,0.019050562940818194,0.6039003843840411
logistic_regression,2,2024-09-04T00:00:00+00:00,SPY,1,0.005465734300234226,0.5939465827120273
logistic_regression,2,2024-09-05T00:00:00+00:00,AAPL,0,-0.0036466696458499204,0.6192467399514443
logistic_regression,2,2024-09-05T00:00:00+00:00,MSFT,1,0.03891656373772179,0.6462607542909025
logistic_regression,2,2024-09-05T00:00:00+00:00,QQQ,1,0.02434349982493944,0.6294316181635293
logistic_regression,2,2024-09-05T00:00:00+00:00,SPY,1,0.01573212349631059,0.6148322973144843
random_forest,0,2020-10-14T00:00:00+00:00,AAPL,0,-0.012674362246902882,0.4985015706687531
random_forest,0,2020-10-14T00:00:00+00:00,MSFT,0,-0.016570266193637107,0.4228297333149307
random_forest,0,2020-10-14T00:00:00+00:00,QQQ,0,-0.009468855045423163,0.4449884600049073
random_forest,0,2020-10-14T00:00:00+00:00,SPY,0,-0.004175743302371582,0.5141465396810793
random_forest,0,2020-10-15T00:00:00+00:00,AAPL,0,-0.0422374077975185,0.5312247609792597
random_forest,0,2020-10-15T00:00:00+00:00,MSFT,0,-0.025208275712791606,0.47628203393828394
random_forest,0,2020-10-15T00:00:00+00:00,QQQ,0,-0.026041490656493083,0.5037332683656213
random_forest,0,2020-10-15T00:00:00+00:00,SPY,0,-0.010663473383533129,0.5186832004800755
random_forest,0,2020-10-16T00:00:00+00:00,AAPL,0,-0.05149894479401751,0.589654009185259
random_forest,0,2020-10-16T00:00:00+00:00,MSFT,0,-0.03174517533435295,0.5848685566884095
random_forest,0,2020-10-16T00:00:00+00:00,QQQ,0,-0.029860773954634157,0.6188091396960881
random_forest,0,2020-10-16T00:00:00+00:00,SPY,0,-0.02066132800236653,0.5530351654064891
random_forest,0,2020-10-19T00:00:00+00:00,AAPL,0,-0.008095675205638142,0.6764183049385255
random_forest,0,2020-10-19T00:00:00+00:00,MSFT,0,-0.021467611100672856,0.5815241150479641
random_forest,0,2020-10-19T00:00:00+00:00,QQQ,0,-0.012729984048584053,0.5848106504402465
random_forest,0,2020-10-19T00:00:00+00:00,SPY,0,-0.012748930551943816,0.5594658379814634
random_forest,0,2020-10-20T00:00:00+00:00,AAPL,0,-0.01585547738480264,0.7004019157925405
random_forest,0,2020-10-20T00:00:00+00:00,MSFT,0,-0.027519031187599463,0.6228486250269336
random_forest,0,2020-10-20T00:00:00+00:00,QQQ,0,-0.025346734368430934,0.6116166497922013
random_forest,0,2020-10-20T00:00:00+00:00,SPY,0,-0.03464165084656212,0.6150378051976834
random_forest,0,2020-10-21T00:00:00+00:00,AAPL,0,-0.045163816875193774,0.6943963154900652
random_forest,0,2020-10-21T00:00:00+00:00,MSFT,0,-0.04799590480027349,0.5937167866855368
random_forest,0,2020-10-21T00:00:00+00:00,QQQ,0,-0.04418713027097987,0.6947392711455211
random_forest,0,2020-10-21T00:00:00+00:00,SPY,0,-0.04870303036488133,0.687177910937102
random_forest,0,2020-10-22T00:00:00+00:00,AAPL,0,-0.04770083696755212,0.668451637210828
random_forest,0,2020-10-22T00:00:00+00:00,MSFT,0,-0.05551159060786082,0.6628898348383643
random_forest,0,2020-10-22T00:00:00+00:00,QQQ,0,-0.03855076909967059,0.6718156118799501
random_forest,0,2020-10-22T00:00:00+00:00,SPY,0,-0.052917926837591,0.704895609904801
random_forest,0,2020-10-23T00:00:00+00:00,AAPL,0,-0.044890745104961716,0.6767674196718312
random_forest,0,2020-10-23T00:00:00+00:00,MSFT,0,-0.04661281326648259,0.6886192096302391
random_forest,0,2020-10-23T00:00:00+00:00,QQQ,0,-0.03921343433416846,0.644155098883959
random_forest,0,2020-10-23T00:00:00+00:00,SPY,0,-0.03679805915481882,0.6910882040753366
random_forest,0,2020-10-26T00:00:00+00:00,AAPL,0,-0.052377724546601834,0.5235623230935732
random_forest,0,2020-10-26T00:00:00+00:00,MSFT,0,-0.038316593480861694,0.43816766821821956
random_forest,0,2020-10-26T00:00:00+00:00,QQQ,0,-0.03582070351572553,0.6088746965860934
random_forest,0,2020-10-26T00:00:00+00:00,SPY,0,-0.019828150816350254,0.4499387765012763
random_forest,0,2020-10-27T00:00:00+00:00,AAPL,0,-0.009891810186722916,0.47767122889365543
random_forest,0,2020-10-27T00:00:00+00:00,MSFT,1,0.02851841182736048,0.5217740592740594
random_forest,0,2020-10-27T00:00:00+00:00,QQQ,1,0.018032861055714777,0.5034112838754384
random_forest,0,2020-10-27T00:00:00+00:00,SPY,1,0.02432665732613315,0.44567841950146514
random_forest,0,2020-10-28T00:00:00+00:00,AAPL,1,0.047560078235740155,0.5601628579753578
random_forest,0,2020-10-28T00:00:00+00:00,MSFT,1,0.08588401836296966,0.5829751922698903
random_forest,0,2020-10-28T00:00:00+00:00,QQQ,1,0.07305306581852045,0.5771127353146508
random_forest,0,2020-10-28T00:00:00+00:00,SPY,1,0.0661719614759666,0.5316847720294409
random_forest,0,2020-10-29T00:00:00+00:00,AAPL,1,0.06507582721858518,0.43151905896391174
random_forest,0,2020-10-29T00:00:00+00:00,MSFT,1,0.09000494288676553,0.5565465865833514
random_forest,0,2020-10-29T00:00:00+00:00,QQQ,1,0.06846698882477753,0.5502256944444446
random_forest,0,2020-10-29T00:00:00+00:00,SPY,1,0.06381997134917117,0.5047480163240612
random_forest,0,2020-10-30T00:00:00+00:00,AAPL,1,0.10408474100283072,0.5663558862501875
random_forest,0,2020-10-30T00:00:00+00:00,MSFT,1,0.0964391792729351,0.5430395162220818
random_forest,0,2020-10-30T00:00:00+00:00,QQQ,1,0.09271755418736172,0.6223087007162083
random_forest,0,2020-10-30T00:00:00+00:00,SPY,1,0.10006875647294833,0.4777234736367861
random_forest,0,2020-11-02T00:00:00+00:00,AAPL,1,0.053420466772968966,0.6026142092180694
random_forest,0,2020-11-02T00:00:00+00:00,MSFT,1,0.04993584304318577,0.7008051344080751
random_forest,0,2020-11-02T00:00:00+00:00,QQQ,1,0.04647890256590381,0.5648723582489061
random_forest,0,2020-11-02T00:00:00+00:00,SPY,1,0.05721993189664376,0.48871024996460355
random_forest,0,2020-11-03T00:00:00+00:00,AAPL,1,0.02643798336025993,0.6675818702335246
random_forest,0,2020-11-03T00:00:00+00:00,MSFT,0,-0.009599226053845888,0.5934851667939902
random_forest,0,2020-11-03T00:00:00+00:00,QQQ,1,0.006589095624179642,0.5919707610608346
random_forest,0,2020-11-03T00:00:00+00:00,SPY,1,0.043501621278017266,0.40808822764245545
random_forest,0,2020-11-04T00:00:00+00:00,AAPL,1,0.013878347777673605,0.48492663535402525
random_forest,0,2020-11-04T00:00:00+00:00,MSFT,0,-0.023707023863737242,0.7286659260878012
random_forest,0,2020-11-04T00:00:00+00:00,QQQ,0,-0.011415741340365715,0.6910466407571187
random_forest,0,2020-11-04T00:00:00+00:00,SPY,1,0.016119325375156368,0.6177666430791431
random_forest,0,2020-11-05T00:00:00+00:00,AAPL,1,0.007448874435056707,0.6310264969915707
random_forest,0,2020-11-05T00:00:00+00:00,MSFT,0,-0.028490556196484884,0.7751601713828397
random_forest,0,2020-11-05T00:00:00+00:00,QQQ,0,-0.014026856029898394,0.7250114715328534
random_forest,0,2020-11-05T00:00:00+00:00,SPY,1,0.01323162638520814,0.6314314469231748
random_forest,0,2020-11-06T00:00:00+00:00,AAPL,0,-0.015083675963753262,0.7683350156787656
random_forest,0,2020-11-06T00:00:00+00:00,MSFT,0,-0.04455230181880143,0.47992355364041683
random_forest,0,2020-11-06T00:00:00+00:00,QQQ,0,-0.025569139359193804,0.5405023004977048
random_forest,0,2020-11-06T00:00:00+00:00,SPY,0,-0.01019640435075675,0.5187585912861646
random_forest,0,2020-11-09T00:00:00+00:00,AAPL,1,0.03254974007466194,0.6173289557664556
random_forest,0,2020-11-09T00:00:00+00:00,MSFT,1,0.00544645681382705,0.6240004414498899
random_forest,0,2020-11-09T00:00:00+00:00,QQQ,1,0.026804091221679816,0.5548756773251259
random_forest,0,2020-11-09T00:00:00+00:00,SPY,1,0.01629672279663108,0.4757249250953296
random_forest,0,2020-11-10T00:00:00+00:00,AAPL,1,0.010094717356151861,0.5008928357182032
random_forest,0,2020-11-10T00:00:00+00:00,MSFT,1,0.006551216682941785,0.52152665655423
random_forest,0,2020-11-10T00:00:00+00:00,QQQ,1,0.017785585505442292,0.44567300754800765
random_forest,0,2020-11-10T00:00:00+00:00,SPY,1,0.010631193668207306,0.37048039735999283
random_forest,0,2020-11-11T00:00:00+00:00,AAPL,0,-0.01893441800636486,0.6085521336302588
random_forest,0,2020-11-11T00:00:00+00:00,MSFT,0,-0.026242392170400808,0.48760245830558324
random_forest,0,2020-11-11T00:00:00+00:00,QQQ,0,-0.006185710420741675,0.5394701794002783
random_forest,0,2020-11-11T00:00:00+00:00,SPY,0,-0.0019419048165248975,0.3397220773507538
random_forest,0,2020-11-12T00:00:00+00:00,AAPL,0,-0.00868229350641292,0.5608240493972403
random_forest,0,2020-11-12T00:00:00+00:00,MSFT,0,-0.01862428772537772,0.48745552279462884
random_forest,0,2020-11-12T00:00:00+00:00,QQQ,1,0.005327910453692963,0.4879976053036234
random_forest,0,2020-11-12T00:00:00+00:00,SPY,1,0.004266322070832773,0.5352638313483901
random_forest,0,2020-11-13T00:00:00+00:00,AAPL,0,-0.016600359097282857,0.5474558254245755
random_forest,0,2020-11-13T00:00:00+00:00,MSFT,0,-0.01763992749710197,0.6799458709881018
random_forest,0,2020-11-13T00:00:00+00:00,QQQ,1,0.0007149534110775235,0.6537451957764459
random_forest,0,2020-11-13T00:00:00+00:00,SPY,0,-0.012227455777079177,0.4659221854534355
random_forest,0,2020-11-16T00:00:00+00:00,AAPL,0,-0.04908050851139745,0.3538602221920238
random_forest,0,2020-11-16T00:00:00+00:00,MSFT,0,-0.02952870331922497,0.570737665998647
random_forest,0,2020-11-16T00:00:00+00:00,QQQ,0,-0.00849468487674665,0.5393038006401494
random_forest,0,2020-11-16T00:00:00+00:00,SPY,0,-0.0013322897550817059,0.336129366956573
random_forest,0,2020-11-17T00:00:00+00:00,AAPL,0,-0.02774521054066581,0.5153735847485849
random_forest,0,2020-11-17T00:00:00+00:00,MSFT,1,0.0048217577252309685,0.5070030837218336
random_forest,0,2020-11-17T00:00:00+00:00,QQQ,1,0.011242433799802276,0.6160032654716283
random_forest,0,2020-11-17T00:00:00+00:00,SPY,1,0.004140916830254859,0.4265980088130824
random_forest,0,2020-11-18T00:00:00+00:00,AAPL,0,-0.010654930192430911,0.6337383230535806
random_forest,0,2020-11-18T00:00:00+00:00,MSFT,1,0.014385213245315498,0.5017388279612544
random_forest,0,2020-11-18T00:00:00+00:00,QQQ,1,0.028231060497644567,0.5519860861854864
random_forest,0,2020-11-18T00:00:00+00:00,SPY,1,0.021127815847747033,0.570406342023989
random_forest,0,2020-11-19T00:00:00+00:00,AAPL,0,-0.01604635445125835,0.5958999731885762
random_forest,0,2020-11-19T00:00:00+00:00,MSFT,1,0.006937800236210823,0.4881824854067499
random_forest,0,2020-11-19T00:00:00+00:00,QQQ,1,0.02203865884189482,0.5343516954536691
random_forest,0,2020-11-19T00:00:00+00:00,SPY,1,0.012881336568291157,0.48858214089831725
random_forest,0,2020-11-20T00:00:00+00:00,AAPL,1,0.030621522314518312,0.5349770975552227
random_forest,0,2020-11-20T00:00:00+00:00,MSFT,1,0.014844312292667139,0.48895778445410815
random_forest,0,2020-11-20T00:00:00+00:00,QQQ,1,0.03416753558460184,0.5121477996064391
random_forest,0,2020-11-20T00:00:00+00:00,SPY,1,0.02115857756550965,0.43068975040482405
random_forest,0,2020-11-23T00:00:00+00:00,AAPL,1,0.0690559457087423,0.3770149371665916
random_forest,0,2020-11-23T00:00:00+00:00,MSFT,1,0.02319110609602526,0.6787516660218866
random_forest,0,2020-11-23T00:00:00+00:00,QQQ,1,0.0348421022371499,0.6327950904283628
random_forest,0,2020-11-23T00:00:00+00:00,SPY,1,0.01077431849770738,0.6563789162226661
random_forest,0,2020-11-24T00:00:00+00:00,AAPL,1,0.06683859868684161,0.3756887200883912
random_forest,0,2020-11-24T00:00:00+00:00,MSFT,0,-0.004317764590486273,0.5368411086408861
random_forest,0,2020-11-24T00:00:00+00:00,QQQ,1,0.027040264873295472,0.6071908890419436
random_forest,0,2020-11-24T00:00:00+00:00,SPY,1,0.007758355442634812,0.5484633187482453
random_forest,0,2020-11-25T00:00:00+00:00,AAPL,1,0.04962721888249377,0.7471377147158397
random_forest,0,2020-11-25T00:00:00+00:00,MSFT,0,-0.00492450224025387,0.6259337042655055
random_forest,0,2020-11-25T00:00:00+00:00,QQQ,1,0.018142047478697743,0.5858372974043928
random_forest,0,2020-11-25T00:00:00+00:00,SPY,1,0.007547728270079768,0.541978993228993
random_forest,0,2020-11-27T00:00:00+00:00,AAPL,1,0.04356370961567846,0.7717261282426724
random_forest,0,2020-11-27T00:00:00+00:00,MSFT,0,-0.0007391398811210648,0.6726742308957381
random_forest,0,2020-11-27T00:00:00+00:00,QQQ,1,0.019239830889832055,0.46198166416916386
random_forest,0,2020-11-27T00:00:00+00:00,SPY,1,0.01502824683975068,0.4696581869927459
random_forest,0,2020-11-30T00:00:00+00:00,AAPL,1,0.025712706446934686,0.5902241484596842
random_forest,0,2020-11-30T00:00:00+00:00,MSFT,0,-0.004510359432627675,0.5761166038768594
random_forest,0,2020-11-30T00:00:00+00:00,QQQ,1,0.013832559885214257,0.34044087601532463
random_forest,0,2020-11-30T00:00:00+00:00,SPY,1,0.0038718548636422767,0.5685494702075098
random_forest,0,2020-12-01T00:00:00+00:00,AAPL,1,0.01853158474150285,0.7100564539627037
random_forest,0,2020-12-01T00:00:00+00:00,MSFT,0,-0.0006972925517028106,0.6322661988746547
random_forest,0,2020-12-01T00:00:00+00:00,QQQ,1,0.017218666852518494,0.33118041068408727
random_forest,0,2020-12-01T00:00:00+00:00,SPY,1,0.01457985135877471,0.5994648274519596
random_forest,0,2020-12-02T00:00:00+00:00,AAPL,0,-0.026398504254974586,0.6484905102046645
random_forest,0,2020-12-02T00:00:00+00:00,MSFT,0,-0.015205054013710417,0.5364368183899435
random_forest,0,2020-12-02T00:00:00+00:00,QQQ,0,-0.018272401772857827,0.4167261991480741
random_forest,0,2020-12-02T00:00:00+00:00,SPY,0,-0.0055633831174349835,0.6455798388702799
random_forest,0,2020-12-03T00:00:00+00:00,AAPL,0,-0.0033819591025326945,0.5502600835643114
random_forest,0,2020-12-03T00:00:00+00:00,MSFT,0,-0.021424989834195163,0.5817915217629808
random_forest,0,2020-12-03T00:00:00+00:00,QQQ,0,-0.013541536350494376,0.4502192859224109
random_forest,0,2020-12-03T00:00:00+00:00,SPY,0,-0.008573400617395643,0.7307927142302142
random_forest,0,2020-12-04T00:00:00+00:00,AAPL,1,0.00036826441776316443,0.4617610800147565
random_forest,0,2020-12-04T00:00:00+00:00,MSFT,0,-0.007910623162472041,0.6732967400246812
random_forest,0,2020-12-04T00:00:00+00:00,QQQ,0,-0.010583978652985881,0.5107232651947725
random_forest,0,2020-12-04T00:00:00+00:00,SPY,0,-0.0030255516152801754,0.6279254252691754
random_forest,0,2020-12-07T00:00:00+00:00,AAPL,0,-0.002238663676872199,0.5090953317515816
random_forest,0,2020-12-07T00:00:00+00:00,MSFT,1,0.003599022021919307,0.6128324208471266
random_forest,0,2020-12-07T00:00:00+00:00,QQQ,0,-0.003267203055953294,0.49969660955874196
random_forest,0,2020-12-07T00:00:00+00:00,SPY,0,-0.0028667801023525286,0.6377483418338199
random_forest,0,2020-12-08T00:00:00+00:00,AAPL,1,0.021082717283833485,0.6264108460983461
random_forest,0,2020-12-08T00:00:00+00:00,MSFT,0,-0.00389982805744693,0.5848450313983402
random_forest,0,2020-12-08T00:00:00+00:00,QQQ,0,-0.003196080603937168,0.491093114912049
random_forest,0,2020-12-08T00:00:00+00:00,SPY,0,-0.004850202908981527,0.6665635237923844
random_forest,0,2020-12-09T00:00:00+00:00,AAPL,1,0.06757221232248178,0.6746947573464117
random_forest,0,2020-12-09T00:00:00+00:00,MSFT,1,0.03617477259127355,0.7218863321115158
random_forest,0,2020-12-09T00:00:00+00:00,QQQ,1,0.03609309414123074,0.6189909885865768
random_forest,0,2020-12-09T00:00:00+00:00,SPY,1,0.015947723406239067,0.5456799433903734
random_forest,0,2020-12-10T00:00:00+00:00,AAPL,1,0.051232328179255715,0.5843800781530561
random_forest,0,2020-12-10T00:00:00+00:00,MSFT,1,0.03857795650461582,0.6950871968105427
random_forest,0,2020-12-10T00:00:00+00:00,QQQ,1,0.033999428444674074,0.6344039263432648
random_forest,0,2020-12-10T00:00:00+00:00,SPY,1,0.018928754027972783,0.5010320459768987
random_forest,0,2020-12-11T00:00:00+00:00,AAPL,1,0.01770140294064726,0.5406995501434837
random_forest,0,2020-12-11T00:00:00+00:00,MSFT,1,0.01884248438465841,0.6776225913588048
random_forest,0,2020-12-11T00:00:00+00:00,QQQ,1,0.010961236616845449,0.6842727584915081
random_forest,0,2020-12-11T00:00:00+00:00,SPY,0,-0.007722035980946007,0.7245688439849622
random_forest,0,2020-12-14T00:00:00+00:00,AAPL,1,0.05635406479167293,0.5688715780639642
random_forest,0,2020-12-14T00:00:00+00:00,MSFT,1,0.032881320885139065,0.6091876526251527
random_forest,0,2020-12-14T00:00:00+00:00,QQQ,1,0.011168028884955383,0.6716211984502425
random_forest,0,2020-12-14T00:00:00+00:00,SPY,1,0.004465869610338125,0.6600961890437994
random_forest,0,2020-12-15T00:00:00+00:00,AAPL,1,0.03520885236999782,0.5444427590383473
random_forest,0,2020-12-15T00:00:00+00:00,MSFT,1,0.036853182833334275,0.6680471157722996
random_forest,0,2020-12-15T00:00:00+00:00,QQQ,1,0.006666612808651218,0.7033318529917794
random_forest,0,2020-12-15T00:00:00+00:00,SPY,0,-0.0019175886240713202,0.7561474090656075
random_forest,0,2020-12-16T00:00:00+00:00,AAPL,1,0.016738711830313058,0.4285446448009334
random_forest,0,2020-12-16T00:00:00+00:00,MSFT,1,0.0050375434556255705,0.5349277019957166
random_forest,0,2020-12-16T00:00:00+00:00,QQQ,0,-0.007141066062032908,0.7050355076317729
random_forest,0,2020-12-16T00:00:00+00:00,SPY,0,-0.008145182332041645,0.7122059423312326
random_forest,0,2020-12-17T00:00:00+00:00,AAPL,1,0.03692844565354303,0.2371454689101747
random_forest,0,2020-12-17T00:00:00+00:00,MSFT,1,0.02475646551985311,0.646447152375703
random_forest,0,2020-12-17T00:00:00+00:00,QQQ,1,0.0017035853429034908,0.6577335511710514
random_forest,0,2020-12-17T00:00:00+00:00,SPY,1,7.322058576475499e-05,0.6114739965809044
random_forest,0,2020-12-18T00:00:00+00:00,AAPL,1,0.10201699338386394,0.5280600756473919
random_forest,0,2020-12-18T00:00:00+00:00,MSFT,1,0.038188042845044956,0.44300750464812955
random_forest,0,2020-12-18T00:00:00+00:00,QQQ,1,0.022719339747305334,0.5328000670693684
random_forest,0,2020-12-18T00:00:00+00:00,SPY,1,0.022174727604915123,0.5977782634032632
random_forest,0,2020-12-21T00:00:00+00:00,AAPL,1,0.02810648684105388,0.5796565113861456
random_forest,0,2020-12-21T00:00:00+00:00,MSFT,1,0.009385127396006387,0.3223847700502113
random_forest,0,2020-12-21T00:00:00+00:00,QQQ,1,0.011884050549438196,0.5122516841818313
random_forest,0,2020-12-21T00:00:00+00:00,SPY,1,0.009196145499140052,0.6248251722746209
random_forest,0,2020-12-22T00:00:00+00:00,AAPL,1,0.012500798705962879,0.41958994345652617
random_forest,0,2020-12-22T00:00:00+00:00,MSFT,0,-0.008305202125356459,0.43455521296513944
random_forest,0,2020-12-22T00:00:00+00:00,QQQ,1,0.00785941065782092,0.5830446315326828
random_forest,0,2020-12-22T00:00:00+00:00,SPY,1,0.007486569610968052,0.7292639925058171
random_forest,0,2020-12-23T00:00:00+00:00,AAPL,1,0.014721618485159738,0.6263753581998066
random_forest,0,2020-12-23T00:00:00+00:00,MSFT,1,0.0030050834031853935,0.6743511288548054
random_forest,0,2020-12-23T00:00:00+00:00,QQQ,1,0.019484224686888707,0.6621190477210698
random_forest,0,2020-12-23T00:00:00+00:00,SPY,1,0.017605277446214096,0.7308332703480727
random_forest,0,2020-12-24T00:00:00+00:00,AAPL,0,-0.03998440769503475,0.5196322391864668
random_forest,0,2020-12-24T00:00:00+00:00,MSFT,0,-0.03396802094500928,0.7025015150290884
random_forest,0,2020-12-24T00:00:00+00:00,QQQ,0,-0.01465457987295471,0.6959067949003608
random_forest,0,2020-12-24T00:00:00+00:00,SPY,0,-0.01177009520924932,0.726874143013849
random_forest,0,2020-12-28T00:00:00+00:00,AAPL,0,-0.07667625299720793,0.5760529105290135
random_forest,0,2020-12-28T00:00:00+00:00,MSFT,0,-0.0643539505923656,0.4123875169968919
random_forest,0,2020-12-28T00:00:00+00:00,QQQ,0,-0.02440176840625652,0.5774148530563006
random_forest,0,2020-12-28T00:00:00+00:00,SPY,0,-0.012944089080877075,0.5351585159121923
random_forest,0,2020-12-29T00:00:00+00:00,AAPL,0,-0.055144349338584364,0.4912240014242723
random_forest,0,2020-12-29T00:00:00+00:00,MSFT,0,-0.051581213448489094,0.7150952050400577
random_forest,0,2020-12-29T00:00:00+00:00,QQQ,0,-0.014323607216545353,0.537836342417902
random_forest,0,2020-12-29T00:00:00+00:00,SPY,1,0.008080089491399933,0.697189037473964
random_forest,0,2020-12-30T00:00:00+00:00,AAPL,0,-0.014279486782322048,0.6347134703048496
random_forest,0,2020-12-30T00:00:00+00:00,MSFT,0,-0.015592779130810919,0.51891143221566
random_forest,0,2020-12-30T00:00:00+00:00,QQQ,1,0.01226047284449705,0.5261138106174869
random_forest,0,2020-12-30T00:00:00+00:00,SPY,1,0.021651595509006638,0.6210699956701795
random_forest,0,2020-12-31T00:00:00+00:00,AAPL,0,-0.03436301221849003,0.7054226069069818
random_forest,0,2020-12-31T00:00:00+00:00,MSFT,0,-0.020206023687423302,0.5701293780071838
random_forest,0,2020-12-31T00:00:00+00:00,QQQ,1,0.0007575544158193726,0.6106928049483196
random_forest,0,2020-12-31T00:00:00+00:00,SPY,1,0.004756083787602616,0.5229326576201578
random_forest,0,2021-01-04T00:00:00+00:00,AAPL,0,-0.005018050857593659,0.702219532918062
random_forest,0,2021-01-04T00:00:00+00:00,MSFT,0,-0.005489077933967135,0.661210519464196
random_forest,0,2021-01-04T00:00:00+00:00,QQQ,1,0.017975421877998388,0.605379741785992
random_forest,0,2021-01-04T00:00:00+00:00,SPY,1,0.027256147135900965,0.5541608131451883
random_forest,0,2021-01-05T00:00:00+00:00,AAPL,1,0.006128587569834476,0.5632085087094276
random_forest,0,2021-01-05T00:00:00+00:00,MSFT,1,0.006704213889612953,0.5527212916780931
random_forest,0,2021-01-05T00:00:00+00:00,QQQ,1,0.02137502491947041,0.6356237634914106
random_forest,0,2021-01-05T00:00:00+00:00,SPY,1,0.02224247499704246,0.7347282726464711
random_forest,0,2021-01-06T00:00:00+00:00,AAPL,1,0.016973427664985996,0.5831006809775189
random_forest,0,2021-01-06T00:00:00+00:00,MSFT,1,0.0067211926144408185,0.37403023855229767
random_forest,0,2021-01-06T00:00:00+00:00,QQQ,1,0.018008289862877946,0.5805639127008612
random_forest,0,2021-01-06T00:00:00+00:00,SPY,1,0.009916556042044888,0.6149288558663559
random_forest,0,2021-01-07T00:00:00+00:00,AAPL,0,-0.029504894948383487,0.696999250749251
random_forest,0,2021-01-07T00:00:00+00:00,MSFT,0,-0.025546916196818037,0.5796538433992477
random_forest,0,2021-01-07T00:00:00+00:00,QQQ,0,-0.012092987936124455,0.6675925749087513
random_forest,0,2021-01-07T00:00:00+00:00,SPY,0,-0.012146264038520926,0.5448010149572649
random_forest,0,2021-01-08T00:00:00+00:00,AAPL,0,-0.01289018172053169,0.6671194012278572
random_forest,0,2021-01-08T00:00:00+00:00,MSFT,0,-0.023559814888715835,0.650313650165624
random_forest,0,2021-01-08T00:00:00+00:00,QQQ,0,-0.007462288751343804,0.7131716201271642
random_forest,0,2021-01-08T00:00:00+00:00,SPY,0,-0.0007036088223059123,0.7131257197663445
random_forest,0,2021-01-11T00:00:00+00:00,AAPL,0,-0.0007551411033599464,0.6971222354034853
random_forest,0,2021-01-11T00:00:00+00:00,MSFT,1,0.003533712700315439,0.6363904452369528
random_forest,0,2021-01-11T00:00:00+00:00,QQQ,1,0.0160288528691086,0.6562609638115153
random_forest,0,2021-01-11T00:00:00+00:00,SPY,1,0.0038493243223844953,0.6399363862562873
random_forest,0,2021-01-12T00:00:00+00:00,AAPL,1,0.037066589544058726,0.7529068240786991
random_forest,0,2021-01-12T00:00:00+00:00,MSFT,1,0.04780388707149208,0.5410329585651277
random_forest,0,2021-01-12T00:00:00+00:00,QQQ,1,0.03281555279161941,0.711227663053321
random_forest,0,2021-01-12T00:00:00+00:00,SPY,1,0.013287746131267042,0.6645953187893973
random_forest,0,2021-01-13T00:00:00+00:00,AAPL,1,0.03981392819437457,0.5370356457321919
random_forest,0,2021-01-13T00:00:00+00:00,MSFT,1,0.04963329638505032,0.689386410158469
random_forest,0,2021-01-13T00:00:00+00:00,QQQ,1,0.025719068735797546,0.6176520429014138
random_forest,0,2021-01-13T00:00:00+00:00,SPY,1,0.0023547390666720514,0.6843409833952598
random_forest,0,2021-01-14T00:00:00+00:00,AAPL,1,0.10874488817011185,0.7933918374313592
random_forest,0,2021-01-14T00:00:00+00:00,MSFT,1,0.07091718780919498,0.5947300871106018
random_forest,0,2021-01-14T00:00:00+00:00,QQQ,1,0.04495833346968592,0.6293215693297931
random_forest,0,2021-01-14T00:00:00+00:00,SPY,1,0.016414059620424748,0.6073230190969164
random_forest,0,2021-01-15T00:00:00+00:00,AAPL,1,0.12156090097219296,0.6191139808924733
random_forest,0,2021-01-15T00:00:00+00:00,MSFT,1,0.08255765991486386,0.6010561272877447
random_forest,0,2021-01-15T00:00:00+00:00,QQQ,1,0.04436942205345673,0.6791704282237372
random_forest,0,2021-01-15T00:00:00+00:00,SPY,1,0.016651277496815053,0.5362025086841267
random_forest,0,2021-01-19T00:00:00+00:00,AAPL,1,0.11257115398293038,0.6866974105347265
random_forest,0,2021-01-19T00:00:00+00:00,MSFT,1,0.09106345342117939,0.5622169583888336
random_forest,0,2021-01-19T00:00:00+00:00,QQQ,1,0.01708036484627673,0.6758718400676121
random_forest,0,2021-01-19T00:00:00+00:00,SPY,0,-0.004328387851538218,0.621202570273294
random_forest,0,2021-01-20T00:00:00+00:00,AAPL,1,0.04066646928856765,0.6321967780026991
random_forest,0,2021-01-20T00:00:00+00:00,MSFT,1,0.04645911189551266,0.6865118000871677
random_forest,0,2021-01-20T00:00:00+00:00,QQQ,0,-0.01574841363204138,0.6523745188634893
random_forest,0,2021-01-20T00:00:00+00:00,SPY,0,-0.023100705336599137,0.7732189685314682
random_forest,0,2021-01-21T00:00:00+00:00,AAPL,0,-0.005293594877506358,0.5321764650146037
random_forest,0,2021-01-21T00:00:00+00:00,MSFT,1,0.037160723823602027,0.6779547188922186
random_forest,0,2021-01-21T00:00:00+00:00,QQQ,0,-0.01951646712404853,0.5003026905692347
random_forest,0,2021-01-21T00:00:00+00:00,SPY,0,-0.01928182256799993,0.7339301548125077
random_forest,0,2021-01-22T00:00:00+00:00,AAPL,0,-0.06701095545785773,0.6363733340801357
random_forest,0,2021-01-22T00:00:00+00:00,MSFT,1,0.02387549787902188,0.40419522930092777
random_forest,0,2021-01-22T00:00:00+00:00,QQQ,0,-0.034768171835351636,0.4336439030740502
random_forest,0,2021-01-22T00:00:00+00:00,SPY,0,-0.027880212462840448,0.5650111173548674
random_forest,0,2021-01-25T00:00:00+00:00,AAPL,0,-0.056693512484449426,0.5646934351392073
random_forest,0,2021-01-25T00:00:00+00:00,MSFT,1,0.03863487744317062,0.5387506468204997
random_forest,0,2021-01-25T00:00:00+00:00,QQQ,0,-0.01222562967899432,0.26482873131770185
random_forest,0,2021-01-25T00:00:00+00:00,SPY,0,-0.016913215674766335,0.6200373401108694
random_forest,0,2021-01-26T00:00:00+00:00,AAPL,0,-0.05536676999765899,0.5669683395648469
random_forest,0,2021-01-26T00:00:00+00:00,MSFT,1,0.004585295302109271,0.549151045033398
random_forest,0,2021-01-26T00:00:00+00:00,QQQ,1,0.008891850762587916,0.2599858995171495
random_forest,0,2021-01-26T00:00:00+00:00,SPY,1,0.003828978228772373,0.6590407932549476
random_forest,0,2021-01-27T00:00:00+00:00,AAPL,0,-0.025031030136449584,0.48356259753318576
random_forest,0,2021-01-27T00:00:00+00:00,MSFT,1,0.027864481634997773,0.35530650007672054
random_forest,0,2021-01-27T00:00:00+00:00,QQQ,1,0.020254172017364125,0.6237414745181289
random_forest,0,2021-01-27T00:00:00+00:00,SPY,1,0.015503516123829053,0.6476504426301253
random_forest,0,2021-01-28T00:00:00+00:00,AAPL,1,0.010678535650505472,0.5020263514059469
random_forest,0,2021-01-28T00:00:00+00:00,MSFT,1,0.024390921020132073,0.4194002525252524
random_forest,0,2021-01-28T00:00:00+00:00,QQQ,1,0.034351860168528425,0.6747407616892911
random_forest,0,2021-01-28T00:00:00+00:00,SPY,1,0.031398826995938656,0.6284596339762747
random_forest,0,2021-01-29T00:00:00+00:00,AAPL,1,0.01653159993982478,0.5713286764029315
random_forest,0,2021-01-29T00:00:00+00:00,MSFT,1,0.032349789109045846,0.48148347414431986
random_forest,0,2021-01-29T00:00:00+00:00,QQQ,1,0.04503019104221995,0.6523728518213814
random_forest,0,2021-01-29T00:00:00+00:00,SPY,1,0.03952772320476017,0.6816703344975885
random_forest,0,2021-02-01T00:00:00+00:00,AAPL,1,0.006047177445213769,0.6118646753304745
random_forest,0,2021-02-01T00:00:00+00:00,MSFT,1,0.00035963000559369185,0.20542594813274953
random_forest,0,2021-02-01T00:00:00+00:00,QQQ,1,0.01989505763040289,0.698209253981313
random_forest,0,2021-02-01T00:00:00+00:00,SPY,1,0.024184201799100524,0.5689907910394558
random_forest,0,2021-02-02T00:00:00+00:00,AAPL,1,0.004794002431156352,0.7764377595175291
random_forest,0,2021-02-02T00:00:00+00:00,MSFT,1,0.02062231684536009,0.37829561976765935
random_forest,0,2021-02-02T00:00:00+00:00,QQQ,1,0.013645724130042725,0.6931890788842222
random_forest,0,2021-02-02T00:00:00+00:00,SPY,1,0.023262379009315826,0.70106906369774
random_forest,0,2021-02-03T00:00:00+00:00,AAPL,0,-0.0034396776595817524,0.6795245109261652
random_forest,0,2021-02-03T00:00:00+00:00,MSFT,1,0.006720906988851638,0.24317642590789848
random_forest,0,2021-02-03T00:00:00+00:00,QQQ,1,0.01782068111533719,0.612526461997969
random_forest,0,2021-02-03T00:00:00+00:00,SPY,1,0.019579743453598697,0.7739283968095887
random_forest,0,2021-02-04T00:00:00+00:00,AAPL,0,-0.023796581858566812,0.6836051873017333
random_forest,0,2021-02-04T00:00:00+00:00,MSFT,1,0.005006093957358182,0.486556603119103
random_forest,0,2021-02-04T00:00:00+00:00,QQQ,1,0.005504665390366981,0.7338187047837781
random_forest,0,2021-02-04T00:00:00+00:00,SPY,1,0.0022439482490672624,0.7502295707764458
random_forest,0,2021-02-05T00:00:00+00:00,AAPL,0,-0.0059598134191573005,0.6191604980041024
random_forest,0,2021-02-05T00:00:00+00:00,MSFT,1,0.005718429587900253,0.2814983589091078
random_forest,0,2021-02-05T00:00:00+00:00,QQQ,1,0.010495803924625458,0.6582776266829574
random_forest,0,2021-02-05T00:00:00+00:00,SPY,1,0.010025812518059007,0.6001984137186342
random_forest,0,2021-02-08T00:00:00+00:00,AAPL,0,-0.04122526986525399,0.6543113474610183
random_forest,0,2021-02-08T00:00:00+00:00,MSFT,0,-0.001973998950003608,0.4304447167469613
random_forest,0,2021-02-08T00:00:00+00:00,QQQ,0,-0.002448103729822848,0.45220832119269616
random_forest,0,2021-02-08T00:00:00+00:00,SPY,1,7.674508519062151e-05,0.5985777003837666
random_forest,0,2021-02-09T00:00:00+00:00,AAPL,0,-0.05523255817055195,0.7701333466423925
random_forest,0,2021-02-09T00:00:00+00:00,MSFT,0,-0.012764363127443223,0.39000612296737486
random_forest,0,2021-02-09T00:00:00+00:00,QQQ,0,-0.01617904811527504,0.5891171190941409
random_forest,0,2021-02-09T00:00:00+00:00,SPY,0,-0.00843732815901621,0.4546001138846534
random_forest,0,2021-02-10T00:00:00+00:00,AAPL,0,-0.043563022664361184,0.7073154292656518
random_forest,0,2021-02-10T00:00:00+00:00,MSFT,0,-0.003908396614735188,0.6310720061242503
random_forest,0,2021-02-10T00:00:00+00:00,QQQ,0,-0.0034011224089396386,0.521529587650911
random_forest,0,2021-02-10T00:00:00+00:00,SPY,1,0.00011924401295160258,0.3848484675047176
random_forest,0,2021-02-11T00:00:00+00:00,AAPL,0,-0.04909397757485234,0.8129369328588076
random_forest,0,2021-02-11T00:00:00+00:00,MSFT,0,-0.026395508872073425,0.491701916960963
random_forest,0,2021-02-11T00:00:00+00:00,QQQ,0,-0.023560711140734547,0.46639136445662166
random_forest,0,2021-02-11T00:00:00+00:00,SPY,0,-0.009140411449596986,0.453571133727384
random_forest,0,2021-02-12T00:00:00+00:00,AAPL,0,-0.08839970365121741,0.8164274746634943
random_forest,0,2021-02-12T00:00:00+00:00,MSFT,0,-0.05970999859574355,0.5229789120247227
random_forest,0,2021-02-12T00:00:00+00:00,QQQ,0,-0.061978329157001744,0.429269460625159
random_forest,0,2021-02-12T00:00:00+00:00,SPY,0,-0.02555704588648766,0.4367913907987438
random_forest,0,2021-02-16T00:00:00+00:00,AAPL,0,-0.049978289339606685,0.7417020999833499
random_forest,0,2021-02-16T00:00:00+00:00,MSFT,0,-0.04877174673562079,0.7540114695353666
random_forest,0,2021-02-16T00:00:00+00:00,QQQ,0,-0.04321251835240236,0.6540984985194547
random_forest,0,2021-02-16T00:00:00+00:00,SPY,0,-0.012452687282131558,0.6492010420135421
random_forest,0,2021-02-17T00:00:00+00:00,AAPL,0,-0.03691240565038678,0.5568257753276133
random_forest,0,2021-02-17T00:00:00+00:00,MSFT,0,-0.04211637917366573,0.7400866877199597
random_forest,0,2021-02-17T00:00:00+00:00,QQQ,0,-0.0287137905487983,0.5105512415484842
random_forest,0,2021-02-17T00:00:00+00:00,SPY,1,0.00010287784442897241,0.4541203967708419
random_forest,0,2021-02-18T00:00:00+00:00,AAPL,0,-0.06061846967907103,0.6368224636882724
random_forest,0,2021-02-18T00:00:00+00:00,MSFT,0,-0.0520313218602555,0.768239543340646
random_forest,0,2021-02-18T00:00:00+00:00,QQQ,0,-0.05583459854641559,0.5419384011617467
random_forest,0,2021-02-18T00:00:00+00:00,SPY,0,-0.021648999449328743,0.5271905338437365
random_forest,0,2021-02-19T00:00:00+00:00,AAPL,0,-0.03521010956210302,0.8001369382251735
random_forest,0,2021-02-19T00:00:00+00:00,MSFT,0,-0.008387440726427942,0.7201294278638029
random_forest,0,2021-02-19T00:00:00+00:00,QQQ,0,-0.024097503299701284,0.5714887889887891
random_forest,0,2021-02-19T00:00:00+00:00,SPY,0,-0.005788288328183233,0.6060390395960247
random_forest,0,2021-02-22T00:00:00+00:00,AAPL,1,0.03549962945618623,0.7455942219545161
random_forest,0,2021-02-22T00:00:00+00:00,MSFT,1,0.02694591903847754,0.541886415769688
random_forest,0,2021-02-22T00:00:00+00:00,QQQ,1,0.02082693529284607,0.5359463754178827
random_forest,0,2021-02-22T00:00:00+00:00,SPY,1,0.011389658544008308,0.688433886831478
random_forest,0,2021-02-23T00:00:00+00:00,AAPL,0,-0.0030363350227219366,0.6598750541039627
random_forest,0,2021-02-23T00:00:00+00:00,MSFT,1,0.007330793280672765,0.6438767115237702
random_forest,0,2021-02-23T00:00:00+00:00,QQQ,0,-0.006600758075859581,0.5025900753658107
random_forest,0,2021-02-23T00:00:00+00:00,SPY,0,-0.003392909056577076,0.6573194057404583
random_forest,0,2021-02-24T00:00:00+00:00,AAPL,0,-0.025451324397874342,0.6187227122668785
random_forest,0,2021-02-24T00:00:00+00:00,MSFT,0,-0.02496148202106163,0.775510349025974
random_forest,0,2021-02-24T00:00:00+00:00,QQQ,0,-0.04115512134345034,0.5295453550738478
random_forest,0,2021-02-24T00:00:00+00:00,SPY,0,-0.0254902288881943,0.6242585105866353
random_forest,0,2021-02-25T00:00:00+00:00,AAPL,0,-0.015104869553775324,0.642859015473905
random_forest,0,2021-02-25T00:00:00+00:00,MSFT,0,-0.010661962883369402,0.727633267977937
random_forest,0,2021-02-25T00:00:00+00:00,QQQ,0,-0.030593536982013725,0.5620609229843941
random_forest,0,2021-02-25T00:00:00+00:00,SPY,0,-0.012098897770026595,0.7037175911302749
random_forest,0,2021-02-26T00:00:00+00:00,AAPL,0,-0.024740293343178732,0.625555080132286
random_forest,0,2021-02-26T00:00:00+00:00,MSFT,0,-0.02116250535216102,0.6875039043880954
random_forest,0,2021-02-26T00:00:00+00:00,QQQ,0,-0.0368513985140736,0.5915973536697219
random_forest,0,2021-02-26T00:00:00+00:00,SPY,0,-0.004404834032211591,0.7196580257977317
random_forest,0,2021-03-01T00:00:00+00:00,AAPL,0,-0.07489915225102983,0.5785442447666712
random_forest,0,2021-03-01T00:00:00+00:00,MSFT,0,-0.019388595196812575,0.564971735136209
random_forest,0,2021-03-01T00:00:00+00:00,QQQ,0,-0.0536446238301016,0.4281956264517217
random_forest,0,2021-03-01T00:00:00+00:00,SPY,0,-0.012161827043874918,0.6637029963500549
random_forest,0,2021-03-02T00:00:00+00:00,AAPL,0,-0.026946110165194215,0.6089745499705836
random_forest,0,2021-03-02T00:00:00+00:00,MSFT,1,0.018807884245683804,0.6597791412717399
random_forest,0,2021-03-02T00:00:00+00:00,QQQ,0,-0.005489502400987556,0.45971939961805497
random_forest,0,2021-03-02T00:00:00+00:00,SPY,1,0.008090728629599697,0.6780034460723317
random_forest,0,2021-03-03T00:00:00+00:00,AAPL,1,0.004477852891368039,0.8250079230410113
random_forest,0,2021-03-03T00:00:00+00:00,MSFT,1,0.03418254494479522,0.7126453973926397
random_forest,0,2021-03-03T00:00:00+00:00,QQQ,1,0.020594125040839684,0.6952167286564054
random_forest,0,2021-03-03T00:00:00+00:00,SPY,1,0.026825025292553484,0.7223054340471621
random_forest,0,2021-03-04T00:00:00+00:00,AAPL,0,-0.00678254725629146,0.7565732526256425
random_forest,0,2021-03-04T00:00:00+00:00,MSFT,1,0.017525442093043964,0.6044711786804957
random_forest,0,2021-03-04T00:00:00+00:00,QQQ,1,0.02096752143012015,0.5390536605046572
random_forest,0,2021-03-04T00:00:00+00:00,SPY,1,0.02845661228104368,0.5948241440254792
random_forest,0,2021-03-05T00:00:00+00:00,AAPL,1,0.0019633213050798126,0.790625351466344
random_forest,0,2021-03-05T00:00:00+00:00,MSFT,1,0.013487423772223561,0.5076559995355954
random_forest,0,2021-03-05T00:00:00+00:00,QQQ,1,0.02284515657025632,0.505225652454271
random_forest,0,2021-03-05T00:00:00+00:00,SPY,1,0.02309065541203492,0.3939459186056033
random_forest,0,2021-03-08T00:00:00+00:00,AAPL,1,0.05392608445095526,0.7068641081141082
random_forest,0,2021-03-08T00:00:00+00:00,MSFT,1,0.0125724724119185,0.6972834315720828
random_forest,0,2021-03-08T00:00:00+00:00,QQQ,1,0.04221026405425743,0.5989264514080688
random_forest,0,2021-03-08T00:00:00+00:00,SPY,1,0.027022648461703325,0.5425449917729329
random_forest,0,2021-03-09T00:00:00+00:00,AAPL,1,0.017356694115710614,0.730455959481695
random_forest,0,2021-03-09T00:00:00+00:00,MSFT,0,-0.0055770915021310374,0.5110927124346242
random_forest,0,2021-03-09T00:00:00+00:00,QQQ,1,0.0020740841451853953,0.4940733223497348
random_forest,0,2021-03-09T00:00:00+00:00,SPY,1,0.010397315693237097,0.5493717965041496
random_forest,0,2021-03-10T00:00:00+00:00,AAPL,1,0.0007709468881371695,0.7104907163914518
random_forest,0,2021-03-10T00:00:00+00:00,MSFT,0,-0.012191961538949636,0.572574982583206
random_forest,0,2021-03-10T00:00:00+00:00,QQQ,1,0.0014783546336094577,0.5130288027944275
random_forest,0,2021-03-10T00:00:00+00:00,SPY,1,0.0037270400212756627,0.5981104970397249
random_forest,0,2021-03-11T00:00:00+00:00,AAPL,0,-0.006142485470728376,0.7830047663733323
random_forest,0,2021-03-11T00:00:00+00:00,MSFT,0,-0.014749815710583536,0.6730717659640839
random_forest,0,2021-03-11T00:00:00+00:00,QQQ,0,-0.008325701239883299,0.6121185299586035
random_forest,0,2021-03-11T00:00:00+00:00,SPY,0,-0.004322015484278019,0.6382102211513979
random_forest,0,2021-03-12T00:00:00+00:00,AAPL,0,-0.010875752656218873,0.7752559032062707
random_forest,0,2021-03-12T00:00:00+00:00,MSFT,0,-0.02191898108925472,0.6645960571345146
random_forest,0,2021-03-12T00:00:00+00:00,QQQ,0,-0.0025729440861080866,0.5407731157731157
random_forest,0,2021-03-12T00:00:00+00:00,SPY,0,-0.009647689265380621,0.5334376970638581
random_forest,0,2021-03-15T00:00:00+00:00,AAPL,0,-0.020814745640145738,0.8178962198953004
random_forest,0,2021-03-15T00:00:00+00:00,MSFT,1,0.0031127952840328543,0.6574385067600529
random_forest,0,2021-03-15T00:00:00+00:00,QQQ,0,-0.004969802462167716,0.689004010695187
random_forest,0,2021-03-15T00:00:00+00:00,SPY,0,-0.011741141470296035,0.2994534106620504
random_forest,0,2021-03-16T00:00:00+00:00,AAPL,0,-0.011893476558664462,0.7107798074871894
random_forest,0,2021-03-16T00:00:00+00:00,MSFT,1,0.005186381220241509,0.5382412938798387
random_forest,0,2021-03-16T00:00:00+00:00,QQQ,1,0.002976894837589228,0.45209287656680264
random_forest,0,2021-03-16T00:00:00+00:00,SPY,0,-0.0076880759026762835,0.40030707140082156
random_forest,0,2021-03-17T00:00:00+00:00,AAPL,0,-0.029124640964344306,0.6532766850989569
random_forest,0,2021-03-17T00:00:00+00:00,MSFT,1,0.009760500331836619,0.672282040875791
random_forest,0,2021-03-17T00:00:00+00:00,QQQ,0,-0.022496882198670076,0.4598103092566618
random_forest,0,2021-03-17T00:00:00+00:00,SPY,0,-0.020304208771072974,0.34847170190920196
random_forest,0,2021-03-18T00:00:00+00:00,AAPL,1,0.0017475859159694629,0.5567280906389362
random_forest,0,2021-03-18T00:00:00+00:00,MSFT,1,0.00029173367291068786,0.678557802088907
random_forest,0,2021-03-18T00:00:00+00:00,QQQ,0,-0.003172642718100027,0.4930892922437039
random_forest,0,2021-03-18T00:00:00+00:00,SPY,1,0.0006898281048284272,0.3723695687482453
random_forest,0,2021-03-19T00:00:00+00:00,AAPL,1,0.008949802661705863,0.6172136304259463
random_forest,0,2021-03-19T00:00:00+00:00,MSFT,1,0.025393159047580216,0.6769146192859428
random_forest,0,2021-03-19T00:00:00+00:00,QQQ,0,-0.0012382978306579862,0.5689620438793231
random_forest,0,2021-03-19T00:00:00+00:00,SPY,1,0.009183749478091974,0.47840477180091145
random_forest,0,2021-03-22T00:00:00+00:00,AAPL,0,-0.0280545779307092,0.43625485179809864
random_forest,0,2021-03-22T00:00:00+00:00,MSFT,0,-0.0186391344956941,0.5427064341908093
random_forest,0,2021-03-22T00:00:00+00:00,QQQ,0,-0.020227120028143752,0.34301788999399296
random_forest,0,2021-03-22T00:00:00+00:00,SPY,1,0.004393767352237621,0.38603418793216576
random_forest,0,2021-03-23T00:00:00+00:00,AAPL,0,-0.011505159187701897,0.4940267490185253
random_forest,0,2021-03-23T00:00:00+00:00,MSFT,0,-0.02272601739841007,0.33527420955270226
random_forest,0,2021-03-23T00:00:00+00:00,QQQ,0,-0.009734358581505731,0.4623399848721541
random_forest,0,2021-03-23T00:00:00+00:00,SPY,1,0.009079723734982226,0.648054111431869
random_forest,0,2021-03-24T00:00:00+00:00,AAPL,1,0.032398510109026724,0.42227590985403507
random_forest,0,2021-03-24T00:00:00+00:00,MSFT,1,0.011447108929013128,0.4212613627181641
random_forest,0,2021-03-24T00:00:00+00:00,QQQ,1,0.04017963890836951,0.477506430456798
random_forest,0,2021-03-24T00:00:00+00:00,SPY,1,0.03011557929174624,0.6249578633172383
random_forest,0,2021-03-25T00:00:00+00:00,AAPL,1,0.027191568414352885,0.472844056984682
random_forest,0,2021-03-25T00:00:00+00:00,MSFT,1,0.04631816404414191,0.5490594230116288
random_forest,0,2021-03-25T00:00:00+00:00,QQQ,1,0.04939252214941714,0.5639654723340385
random_forest,0,2021-03-25T00:00:00+00:00,SPY,1,0.02998970651070243,0.7219167826658637
random_forest,0,2021-03-26T00:00:00+00:00,AAPL,1,0.03779105159577778,0.506077967171717
random_forest,0,2021-03-26T00:00:00+00:00,MSFT,1,0.04448741479156637,0.5778441804314965
random_forest,0,2021-03-26T00:00:00+00:00,QQQ,1,0.04634420546232776,0.5353896389558155
random_forest,0,2021-03-26T00:00:00+00:00,SPY,1,0.026747748626433143,0.66968903492341
random_forest,0,2021-03-29T00:00:00+00:00,AAPL,1,0.04552992659885091,0.5494871621434122
random_forest,0,2021-03-29T00:00:00+00:00,MSFT,1,0.05902850833156048,0.5080893478457817
random_forest,0,2021-03-29T00:00:00+00:00,QQQ,1,0.05027247111503108,0.5016945457524502
random_forest,0,2021-03-29T00:00:00+00:00,SPY,1,0.02715120341289512,0.3663895800890287
random_forest,0,2021-03-30T00:00:00+00:00,AAPL,1,0.05789043389091675,0.5064798676609339
random_forest,0,2021-03-30T00:00:00+00:00,MSFT,1,0.08310089470055404,0.6546948711011209
random_forest,0,2021-03-30T00:00:00+00:00,QQQ,1,0.05608421667727681,0.5405018852675102
random_forest,0,2021-03-30T00:00:00+00:00,SPY,1,0.02978433877058695,0.4988176269196489
random_forest,0,2021-03-31T00:00:00+00:00,AAPL,1,0.04755516480907129,0.4931750148340222
random_forest,0,2021-03-31T00:00:00+00:00,MSFT,1,0.05826611793820424,0.5036280263853793
random_forest,0,2021-03-31T00:00:00+00:00,QQQ,1,0.030777552219132698,0.3778506205804001
random_forest,0,2021-03-31T00:00:00+00:00,SPY,1,0.023027316970403833,0.7735592012154511
random_forest,0,2021-04-01T00:00:00+00:00,AAPL,1,0.06769373674585077,0.539108741678643
random_forest,0,2021-04-01T00:00:00+00:00,MSFT,1,0.047129141462112,0.5391574754901961
random_forest,0,2021-04-01T00:00:00+00:00,QQQ,1,0.02518405169308413,0.40889861874236866
random_forest,0,2021-04-01T00:00:00+00:00,SPY,1,0.016281774747633593,0.7236874757187255
random_forest,0,2021-04-05T00:00:00+00:00,AAPL,1,0.044864575589055544,0.4781662271551975
random_forest,0,2021-04-05T00:00:00+00:00,MSFT,1,0.036896661463931,0.3741325106674372
random_forest,0,2021-04-05T00:00:00+00:00,QQQ,1,0.020663780357142558,0.3262901273563039
random_forest,0,2021-04-05T00:00:00+00:00,SPY,1,0.012193655076284005,0.5688833475552226
random_forest,0,2021-04-06T00:00:00+00:00,AAPL,1,0.07025681097694458,0.45181431415806417
random_forest,0,2021-04-06T00:00:00+00:00,MSFT,1,0.03694594300019771,0.42467412795537796
random_forest,0,2021-04-06T00:00:00+00:00,QQQ,1,0.029785451611358038,0.3633309138777888
random_forest,0,2021-04-06T00:00:00+00:00,SPY,1,0.01494080853043589,0.6602410436785436
random_forest,0,2021-04-07T00:00:00+00:00,AAPL,1,0.03569310805984993,0.3500262411199912
random_forest,0,2021-04-07T00:00:00+00:00,MSFT,1,0.018374585276501376,0.44123074484747277
random_forest,0,2021-04-07T00:00:00+00:00,QQQ,1,0.012648503977164882,0.34858116097546255
random_forest,0,2021-04-07T00:00:00+00:00,SPY,1,0.012216245504955925,0.6000060269591521
random_forest,0,2021-04-08T00:00:00+00:00,AAPL,1,0.032601425840411036,0.43197854229104227
random_forest,0,2021-04-08T00:00:00+00:00,MSFT,1,0.02405043440424226,0.4378788189955469
random_forest,0,2021-04-08T00:00:00+00:00,QQQ,1,0.02333506425564913,0.3711975549981066
random_forest,0,2021-04-08T00:00:00+00:00,SPY,1,0.019653541014432285,0.5548692453379953
random_forest,0,2021-04-09T00:00:00+00:00,AAPL,1,0.005457572887848761,0.4415638354700852
random_forest,0,2021-04-09T00:00:00+00:00,MSFT,1,0.01947369745033445,0.3225466078039608
random_forest,0,2021-04-09T00:00:00+00:00,QQQ,1,0.010921180593963742,0.3543743062493063
random_forest,0,2021-04-09T00:00:00+00:00,SPY,1,0.011143643329710295,0.49924910159285146
random_forest,0,2021-04-12T00:00:00+00:00,AAPL,1,0.017443524955244705,0.5330891030731395
random_forest,0,2021-04-12T00:00:00+00:00,MSFT,1,0.00017430547195407264,0.29775192842288434
random_forest,0,2021-04-12T00:00:00+00:00,QQQ,0,-0.0021157870814635382,0.5508247741841492
random_forest,0,2021-04-12T00:00:00+00:00,SPY,1,0.0037740031289030807,0.4962848696442448
random_forest,0,2021-04-13T00:00:00+00:00,AAPL,0,-0.021079606785720295,0.4636888448561242
random_forest,0,2021-04-13T00:00:00+00:00,MSFT,1,0.0036608819931820413,0.30772988551481206
random_forest,0,2021-04-13T00:00:00+00:00,QQQ,0,-0.01886313118674443,0.4175536963036963
random_forest,0,2021-04-13T00:00:00+00:00,SPY,0,-0.005188880071468893,0.4415951756576756
random_forest,0,2021-04-14T00:00:00+00:00,AAPL,0,-0.007815169138936096,0.6742391998320307
random_forest,0,2021-04-14T00:00:00+00:00,MSFT,1,0.006824338843966382,0.5239680346206083
random_forest,0,2021-04-14T00:00:00+00:00,QQQ,0,-0.0037030599674189313,0.5430017230522745
random_forest,0,2021-04-14T00:00:00+00:00,SPY,1,0.0031879536483541138,0.5427441976936462
random_forest,0,2021-04-15T00:00:00+00:00,AAPL,0,-0.017900876838994106,0.3640230689449439
random_forest,0,2021-04-15T00:00:00+00:00,MSFT,0,-0.008113759329502201,0.42612839417526904
random_forest,0,2021-04-15T00:00:00+00:00,QQQ,0,-0.020374058565497677,0.49818472326284846
random_forest,0,2021-04-15T00:00:00+00:00,SPY,0,-0.012474173774263186,0.5053236000110999
random_forest,0,2021-04-16T00:00:00+00:00,AAPL,1,0.007869184740183055,0.6621086567639874
random_forest,0,2021-04-16T00:00:00+00:00,MSFT,1,0.003640039100576864,0.3606781846625598
random_forest,0,2021-04-16T00:00:00+00:00,QQQ,0,-0.004108945386569252,0.49268830128205154
random_forest,0,2021-04-16T00:00:00+00:00,SPY,1,0.0008309676212177042,0.49049992542180015
random_forest,0,2021-04-19T00:00:00+00:00,AAPL,0,-0.0020719786203987622,0.5069911945693195
random_forest,0,2021-04-19T00:00:00+00:00,MSFT,1,0.012556929401100314,0.5586445376518907
random_forest,0,2021-04-19T00:00:00+00:00,QQQ,1,0.009008827372030126,0.6998912907966214
random_forest,0,2021-04-19T00:00:00+00:00,SPY,1,0.007694746017083087,0.6084633942446442
random_forest,0,2021-04-20T00:00:00+00:00,AAPL,1,0.012705143948966713,0.6615121525737336
random_forest,0,2021-04-20T00:00:00+00:00,MSFT,0,-0.013021006240073074,0.63639008203806
random_forest,0,2021-04-20T00:00:00+00:00,QQQ,1,0.012059242918401658,0.7058065372127869
random_forest,0,2021-04-20T00:00:00+00:00,SPY,1,0.013280664815387366,0.6237178982169792
random_forest,0,2021-04-21T00:00:00+00:00,AAPL,1,0.02373245369514665,0.7098401858558108
random_forest,0,2021-04-21T00:00:00+00:00,MSFT,0,-0.020216093212586217,0.5020270614801863
random_forest,0,2021-04-21T00:00:00+00:00,QQQ,1,0.008250362887388896,0.667672289414017
random_forest,0,2021-04-21T00:00:00+00:00,SPY,1,0.00863265736308061,0.6409537424381174
random_forest,0,2021-04-22T00:00:00+00:00,AAPL,0,-0.004867344477383462,0.7313865721267035
random_forest,0,2021-04-22T00:00:00+00:00,MSFT,0,-0.03350012274045777,0.6109044473704398
random_forest,0,2021-04-22T00:00:00+00:00,QQQ,1,0.0034993736582678014,0.7395667766669607
random_forest,0,2021-04-22T00:00:00+00:00,SPY,1,0.0095079945687917,0.5898200686160243
random_forest,0,2021-04-23T00:00:00+00:00,AAPL,0,-0.022649464902403382,0.8092455389789943
random_forest,0,2021-04-23T00:00:00+00:00,MSFT,0,-0.033502288462659235,0.6877908605895737
random_forest,0,2021-04-23T00:00:00+00:00,QQQ,0,-0.003290883457933713,0.710582835261144
random_forest,0,2021-04-23T00:00:00+00:00,SPY,1,0.0027596634612871984,0.6630443422998568
random_forest,0,2021-04-26T00:00:00+00:00,AAPL,0,-0.030235539622261,0.7384506220903277
random_forest,0,2021-04-26T00:00:00+00:00,MSFT,0,-0.04247825169740527,0.6993242893748406
random_forest,0,2021-04-26T00:00:00+00:00,QQQ,0,-0.026427544616469234,0.7276921541489553
random_forest,0,2021-04-26T00:00:00+00:00,SPY,0,-0.0064397052823225165,0.6921291938249655
random_forest,0,2021-04-27T00:00:00+00:00,AAPL,0,-0.03996844857108739,0.7899873824092571
random_forest,0,2021-04-27T00:00:00+00:00,MSFT,0,-0.02935644734642817,0.5972623200994911
random_forest,0,2021-04-27T00:00:00+00:00,QQQ,0,-0.024200947527866723,0.7555999555999555
random_forest,0,2021-04-27T00:00:00+00:00,SPY,0,-0.003024877554137717,0.7055729789001848
random_forest,0,2021-04-28T00:00:00+00:00,AAPL,0,-0.06474335709112466,0.6724024608539894
random_forest,0,2021-04-28T00:00:00+00:00,MSFT,0,-0.03719730789405551,0.6558536991044729
random_forest,0,2021-04-28T00:00:00+00:00,QQQ,0,-0.04167089422928072,0.781283291361416
random_forest,0,2021-04-28T00:00:00+00:00,SPY,0,-0.012658997847103337,0.695869805235614
random_forest,0,2021-04-29T00:00:00+00:00,AAPL,0,-0.007357671479795269,0.6526800803363303
random_forest,0,2021-04-29T00:00:00+00:00,MSFT,1,0.007632915889690395,0.6606444250194248
random_forest,0,2021-04-29T00:00:00+00:00,QQQ,0,-0.011839228032246907,0.777782851849947
random_forest,0,2021-04-29T00:00:00+00:00,SPY,1,0.00340253829175996,0.6246297855534988
random_forest,0,2021-04-30T00:00:00+00:00,AAPL,0,-0.02021496733692374,0.6284431760029185
random_forest,0,2021-04-30T00:00:00+00:00,MSFT,0,-0.01196221664103081,0.6374284646113687
random_forest,0,2021-04-30T00:00:00+00:00,QQQ,0,-0.020973717488315113,0.7717771377927625
random_forest,0,2021-04-30T00:00:00+00:00,SPY,1,0.0053069358074804285,0.6853156019838005
random_forest,0,2021-05-03T00:00:00+00:00,AAPL,0,-0.0589024215467745,0.6878773519168739
random_forest,0,2021-05-03T00:00:00+00:00,MSFT,0,-0.027527784825730484,0.7416068781096352
random_forest,0,2021-05-03T00:00:00+00:00,QQQ,0,-0.04346720290407324,0.7460027508235227
random_forest,0,2021-05-03T00:00:00+00:00,SPY,0,-0.009121810728107804,0.6899691219727984
random_forest,0,2021-05-04T00:00:00+00:00,AAPL,0,-0.045180713085080315,0.585597322407984
random_forest,0,2021-05-04T00:00:00+00:00,MSFT,0,-0.02960685471422486,0.5265699863861629
random_forest,0,2021-05-04T00:00:00+00:00,QQQ,0,-0.03810342729181193,0.6887999555269293
random_forest,0,2021-05-04T00:00:00+00:00,SPY,0,-0.016703328015368557,0.6577181457979155
random_forest,0,2021-05-05T00:00:00+00:00,AAPL,0,-0.02617688116288841,0.6059470661079114
random_forest,0,2021-05-05T00:00:00+00:00,MSFT,0,-0.0208283049881548,0.617075642741761
random_forest,0,2021-05-05T00:00:00+00:00,QQQ,0,-0.028833358741421122,0.6737776821830131
random_forest,0,2021-05-05T00:00:00+00:00,SPY,0,-0.02302210568799845,0.7055099796789035
random_forest,0,2021-05-06T00:00:00+00:00,AAPL,0,-0.037082770737483006,0.6852822698135196
random_forest,0,2021-05-06T00:00:00+00:00,MSFT,0,-0.02800187827207201,0.5527568691950467
random_forest,0,2021-05-06T00:00:00+00:00,QQQ,0,-0.037128265413812755,0.7497715121887917
random_forest,0,2021-05-06T00:00:00+00:00,SPY,0,-0.01787505663863198,0.6357780811916841
random_forest,0,2021-05-07T00:00:00+00:00,AAPL,0,-0.021971858615147388,0.7372953756823243
random_forest,0,2021-05-07T00:00:00+00:00,MSFT,0,-0.019183590461867572,0.5126644279621738
random_forest,0,2021-05-07T00:00:00+00:00,QQQ,0,-0.0264397235376862,0.48832419877916183
random_forest,0,2021-05-07T00:00:00+00:00,SPY,0,-0.018792854418912208,0.5762247141027615
random_forest,0,2021-05-10T00:00:00+00:00,AAPL,1,0.022729775394238594,0.7233679321087403
random_forest,0,2021-05-10T00:00:00+00:00,MSFT,1,0.005021216218992874,0.722459864481923
random_forest,0,2021-05-10T00:00:00+00:00,QQQ,1,0.01576449200982566,0.6462863526437443
random_forest,0,2021-05-10T00:00:00+00:00,SPY,1,0.004524838788301899,0.6142716678477611
random_forest,0,2021-05-11T00:00:00+00:00,AAPL,0,-0.003939157817637429,0.5994643372354771
random_forest,0,2021-05-11T00:00:00+00:00,MSFT,0,-0.011507010967440778,0.6547382998945497
random_forest,0,2021-05-11T00:00:00+00:00,QQQ,0,-0.013123795325663101,0.6494660041164975
random_forest,0,2021-05-11T00:00:00+00:00,SPY,0,-0.012457868088091018,0.5208427227012752
random_forest,0,2021-05-12T00:00:00+00:00,AAPL,1,0.0032091377530059084,0.6240857502061065
random_forest,0,2021-05-12T00:00:00+00:00,MSFT,1,0.009242207392551993,0.7184424973944613
random_forest,0,2021-05-12T00:00:00+00:00,QQQ,1,0.01110414242800073,0.5971397871349498
random_forest,0,2021-05-12T00:00:00+00:00,SPY,1,0.009598391901022296,0.5917289278650059
random_forest,0,2021-05-13T00:00:00+00:00,AAPL,1,0.01041285544480286,0.5758965197384317
random_forest,0,2021-05-13T00:00:00+00:00,MSFT,1,0.008412216525571337,0.6056400654514046
random_forest,0,2021-05-13T00:00:00+00:00,QQQ,1,0.022225144567253663,0.5616939543729405
random_forest,0,2021-05-13T00:00:00+00:00,SPY,1,0.006841663143267285,0.42286515323449353
random_forest,0,2021-05-14T00:00:00+00:00,AAPL,0,-0.008372277395800043,0.6153350739334196
random_forest,0,2021-05-14T00:00:00+00:00,MSFT,1,0.005337165336123384,0.5666306446821154
random_forest,0,2021-05-14T00:00:00+00:00,QQQ,1,0.012573959670352908,0.5544724886450408
random_forest,0,2021-05-14T00:00:00+00:00,SPY,1,0.0026870316662559457,0.6555915341806888
random_forest,0,2021-05-17T00:00:00+00:00,AAPL,1,0.00793797905589666,0.6531138391514746
random_forest,0,2021-05-17T00:00:00+00:00,MSFT,1,0.02264667460547609,0.5588361964832552
random_forest,0,2021-05-17T00:00:00+00:00,QQQ,1,0.02462449742411521,0.43402012866626827
random_forest,0,2021-05-17T00:00:00+00:00,SPY,1,0.008874800484710788,0.6910733210825123
random_forest,0,2021-05-18T00:00:00+00:00,AAPL,1,0.028794544163817992,0.7365019075083411
random_forest,0,2021-05-18T00:00:00+00:00,MSFT,1,0.048546329034880875,0.5953338945572402
random_forest,0,2021-05-18T00:00:00+00:00,QQQ,1,0.05158001678668578,0.4288734248798588
random_forest,0,2021-05-18T00:00:00+00:00,SPY,1,0.027310227211960525,0.7757450229509056
random_forest,0,2021-05-19T00:00:00+00:00,AAPL,1,0.007644941484368228,0.5142999882062382
random_forest,0,2021-05-19T00:00:00+00:00,MSFT,1,0.02749709598222827,0.4885699860854661
random_forest,0,2021-05-19T00:00:00+00:00,QQQ,1,0.027407251156825962,0.5070961896559324
random_forest,0,2021-05-19T00:00:00+00:00,SPY,1,0.018286689749865026,0.5230495774328012
random_forest,0,2021-05-20T00:00:00+00:00,AAPL,0,-0.01956571095360271,0.5864950674325675
random_forest,0,2021-05-20T00:00:00+00:00,MSFT,1,0.011828974726300956,0.5967649679450666
random_forest,0,2021-05-20T00:00:00+00:00,QQQ,1,0.00914682905973141,0.4833440955973852
random_forest,0,2021-05-20T00:00:00+00:00,SPY,1,0.00781753564074772,0.748974411005661
random_forest,0,2021-05-21T00:00:00+00:00,AAPL,0,-0.009363672829766134,0.4106110245748404
random_forest,0,2021-05-21T00:00:00+00:00,MSFT,1,0.01185724533355792,0.38196218464842696
random_forest,0,2021-05-21T00:00:00+00:00,QQQ,1,0.01597038195187017,0.47026007999353575
random_forest,0,2021-05-21T00:00:00+00:00,SPY,1,0.010508731352337541,0.6998975432247493
random_forest,0,2021-05-24T00:00:00+00:00,AAPL,0,-0.02963785521030915,0.47403033045278586
random_forest,0,2021-05-24T00:00:00+00:00,MSFT,0,-0.016426750217022223,0.5555240467629206
random_forest,0,2021-05-24T00:00:00+00:00,QQQ,0,-0.004447605469707239,0.5652954176510194
random_forest,0,2021-05-24T00:00:00+00:00,SPY,0,-0.0019028905899197701,0.63012416147986
random_forest,0,2021-05-25T00:00:00+00:00,AAPL,0,-0.019920487824287014,0.4790085663068441
random_forest,0,2021-05-25T00:00:00+00:00,MSFT,0,-0.02664727935839717,0.43164225633435194
random_forest,0,2021-05-25T00:00:00+00:00,QQQ,0,-0.011300471654766553,0.4930777188497778
random_forest,0,2021-05-25T00:00:00+00:00,SPY,0,-0.004428282333897693,0.5106644039923355
random_forest,0,2021-05-26T00:00:00+00:00,AAPL,0,-0.020704453243972853,0.6586944739288491
random_forest,0,2021-05-26T00:00:00+00:00,MSFT,0,-0.01554734405405267,0.5645078491769671
random_forest,0,2021-05-26T00:00:00+00:00,QQQ,0,-0.0074412878013625505,0.39690802865435215
random_forest,0,2021-05-26T00:00:00+00:00,SPY,0,-0.0006201119102973163,0.5981480758824509
random_forest,0,2021-05-27T00:00:00+00:00,AAPL,1,0.0027705859844100456,0.6836978162553821
random_forest,0,2021-05-27T00:00:00+00:00,MSFT,0,-0.006053596614374102,0.5098470366439117
random_forest,0,2021-05-27T00:00:00+00:00,QQQ,1,0.0007799712685090388,0.4109253277359894
random_forest,0,2021-05-27T00:00:00+00:00,SPY,1,0.0018426352230280774,0.5745609338578087
random_forest,0,2021-05-28T00:00:00+00:00,AAPL,1,0.010129897677928712,0.66994794421265
random_forest,0,2021-05-28T00:00:00+00:00,MSFT,1,0.013613790108784052,0.49783647622802035
random_forest,0,2021-05-28T00:00:00+00:00,QQQ,1,0.007228916291867282,0.49052424750494605
random_forest,0,2021-05-28T00:00:00+00:00,SPY,0,-0.0007226140106971757,0.5187214805909174
random_forest,0,2021-06-01T00:00:00+00:00,AAPL,1,0.021530708513174623,0.6649930420886304
random_forest,0,2021-06-01T00:00:00+00:00,MSFT,1,0.020847538901966445,0.4873782125758228
random_forest,0,2021-06-01T00:00:00+00:00,QQQ,1,0.0127360384123274,0.4012436236149471
random_forest,0,2021-06-01T00:00:00+00:00,SPY,1,0.004673171518920105,0.43364082289077455
random_forest,0,2021-06-02T00:00:00+00:00,AAPL,1,0.016732573862219935,0.7595744619963368
random_forest,0,2021-06-02T00:00:00+00:00,MSFT,1,0.03491519095947182,0.6143920616760689
random_forest,0,2021-06-02T00:00:00+00:00,QQQ,1,0.01804982256163634,0.5219143509676598
random_forest,0,2021-06-02T00:00:00+00:00,SPY,1,0.010206777249110344,0.6691204761333436
random_forest,0,2021-06-03T00:00:00+00:00,AAPL,1,0.017789721618469923,0.7624667866855366
random_forest,0,2021-06-03T00:00:00+00:00,MSFT,1,0.03920952861994231,0.6111941127703995
random_forest,0,2021-06-03T00:00:00+00:00,QQQ,1,0.023594880056466927,0.44616711158531003
random_forest,0,2021-06-03T00:00:00+00:00,SPY,1,0.0061851759431514886,0.4045725638740344
random_forest,0,2021-06-04T00:00:00+00:00,AAPL,1,0.011053408328631109,0.5465304890167022
random_forest,0,2021-06-04T00:00:00+00:00,MSFT,1,0.02962108495306781,0.4240231531132267
random_forest,0,2021-06-04T00:00:00+00:00,QQQ,1,0.01775061017860957,0.44725315483128014
random_forest,0,2021-06-04T00:00:00+00:00,SPY,1,0.0023474415509692204,0.5389998270885463
random_forest,0,2021-06-07T00:00:00+00:00,AAPL,1,0.024331710032357234,0.5495447883407442
random_forest,0,2021-06-07T00:00:00+00:00,MSFT,1,0.016032897252910905,0.39699754442861057
random_forest,0,2021-06-07T00:00:00+00:00,QQQ,1,0.01495969897055005,0.457780656843157
random_forest,0,2021-06-07T00:00:00+00:00,SPY,1,0.0034509000208979845,0.5272809334252351
random_forest,0,2021-06-08T00:00:00+00:00,AAPL,1,0.02279317917880852,0.5558483693593989
random_forest,0,2021-06-08T00:00:00+00:00,MSFT,1,0.019982293703611376,0.5028325754107006
random_forest,0,2021-06-08T00:00:00+00:00,QQQ,1,0.01148894182217619,0.507935768275842
random_forest,0,2021-06-08T00:00:00+00:00,SPY,1,0.0014216397157571503,0.5795325344590049
random_forest,0,2021-06-09T00:00:00+00:00,AAPL,1,0.01984459111152792,0.5751367438729572
random_forest,0,2021-06-09T00:00:00+00:00,MSFT,1,0.004988055497790134,0.4926157696470198
random_forest,0,2021-06-09T00:00:00+00:00,QQQ,1,0.006230153601256561,0.4784467396369971
random_forest,0,2021-06-09T00:00:00+00:00,SPY,0,-0.005041609654591439,0.5188967976467977
random_forest,0,2021-06-10T00:00:00+00:00,AAPL,1,0.0309717166962864,0.6225917413876975
random_forest,0,2021-06-10T00:00:00+00:00,MSFT,1,0.004346041662624867,0.3053992188367189
random_forest,0,2021-06-10T00:00:00+00:00,QQQ,1,0.007590184916913989,0.4356655645212631
random_forest,0,2021-06-10T00:00:00+00:00,SPY,0,-0.01551532724457394,0.5486759926144116
random_forest,0,2021-06-11T00:00:00+00:00,AAPL,1,0.017365631790095204,0.5576639735876869
random_forest,0,2021-06-11T00:00:00+00:00,MSFT,1,0.005432163473917617,0.4442903103840602
random_forest,0,2021-06-11T00:00:00+00:00,QQQ,1,0.0013528690104387397,0.538654902083211
random_forest,0,2021-06-11T00:00:00+00:00,SPY,0,-0.016732651295506606,0.4664430376608687
random_forest,0,2021-06-14T00:00:00+00:00,AAPL,1,0.01482251973534221,0.29586189443726213
random_forest,0,2021-06-14T00:00:00+00:00,MSFT,1,0.009335394068560321,0.44173115079365094
random_forest,0,2021-06-14T00:00:00+00:00,QQQ,0,-0.0008402508512012075,0.45435912178099674
random_forest,0,2021-06-14T00:00:00+00:00,SPY,0,-0.009488975132221578,0.4872238612082362
random_forest,0,2021-06-15T00:00:00+00:00,AAPL,1,0.02402945767118192,0.4163960508445804
random_forest,0,2021-06-15T00:00:00+00:00,MSFT,1,0.023356027871081153,0.5579285471472971
random_forest,0,2021-06-15T00:00:00+00:00,QQQ,1,0.013065480566600396,0.5614427759740259
random_forest,0,2021-06-15T00:00:00+00:00,SPY,0,-0.0021281352968506306,0.33214818218954256
random_forest,0,2021-06-16T00:00:00+00:00,AAPL,1,0.03375468690871064,0.37257488528628235
random_forest,0,2021-06-16T00:00:00+00:00,MSFT,1,0.0373266429945569,0.3894034672435408
random_forest,0,2021-06-16T00:00:00+00:00,QQQ,1,0.02784412196569841,0.416716248926727
random_forest,0,2021-06-16T00:00:00+00:00,SPY,1,0.008913020624651269,0.5087360649272898
random_forest,0,2021-06-17T00:00:00+00:00,AAPL,1,0.018998628309764065,0.3571603371903296
random_forest,0,2021-06-17T00:00:00+00:00,MSFT,1,0.023372055821091253,0.4260422513341921
random_forest,0,2021-06-17T00:00:00+00:00,QQQ,1,0.01904816206779647,0.6214665825767798
random_forest,0,2021-06-17T00:00:00+00:00,SPY,1,0.019082419673747797,0.4873622848760718
random_forest,0,2021-06-18T00:00:00+00:00,AAPL,1,0.021822199050828273,0.25811838335275844
random_forest,0,2021-06-18T00:00:00+00:00,MSFT,1,0.022470046296862334,0.3724544083367614
random_forest,0,2021-06-18T00:00:00+00:00,QQQ,1,0.022337705101301175,0.5673783392175418
random_forest,0,2021-06-18T00:00:00+00:00,SPY,1,0.02283220960343102,0.6322503277972028
random_forest,0,2021-06-21T00:00:00+00:00,AAPL,1,0.01816872235473066,0.4922806570257226
random_forest,0,2021-06-21T00:00:00+00:00,MSFT,1,0.021364425826003064,0.42502267340502636
random_forest,0,2021-06-21T00:00:00+00:00,QQQ,1,0.02520313056886403,0.5912080414801486
random_forest,0,2021-06-21T00:00:00+00:00,SPY,1,0.014672825871814954,0.7049954120634268
random_forest,0,2021-06-22T00:00:00+00:00,AAPL,1,0.015907306325289694,0.41452267052692743
random_forest,0,2021-06-22T00:00:00+00:00,MSFT,1,0.01563645454826501,0.4296283245961554
random_forest,0,2021-06-22T00:00:00+00:00,QQQ,1,0.01902373755307618,0.6599478823550029
random_forest,0,2021-06-22T00:00:00+00:00,SPY,1,0.007481990705228148,0.7343023428777105
random_forest,0,2021-06-23T00:00:00+00:00,AAPL,1,0.013961250184328255,0.6405874225802147
random_forest,0,2021-06-23T00:00:00+00:00,MSFT,1,0.010938038462700472,0.552915480148936
random_forest,0,2021-06-23T00:00:00+00:00,QQQ,1,0.010386639329834413,0.7545923434204683
random_forest,0,2021-06-23T00:00:00+00:00,SPY,1,0.007350282507746275,0.7692385254655474
random_forest,0,2021-06-24T00:00:00+00:00,AAPL,1,0.031204360457986358,0.4491694677656365
random_forest,0,2021-06-24T00:00:00+00:00,MSFT,1,0.02270517339358169,0.3971077416252049
random_forest,0,2021-06-24T00:00:00+00:00,QQQ,1,0.015229834835255973,0.40640214537998975
random_forest,0,2021-06-24T00:00:00+00:00,SPY,1,0.011522586049691697,0.5788945296136181
random_forest,0,2021-06-25T00:00:00+00:00,AAPL,1,0.047823497929165404,0.6520230331351656
random_forest,0,2021-06-25T00:00:00+00:00,MSFT,1,0.042392729402247475,0.6137019098140424
random_forest,0,2021-06-25T00:00:00+00:00,QQQ,1,0.02212835414539338,0.6294918276168278
random_forest,0,2021-06-25T00:00:00+00:00,SPY,1,0.013444935238084543,0.7463842009705977
random_forest,0,2021-06-28T00:00:00+00:00,AAPL,1,0.06270906426409595,0.5539412451315022
random_forest,0,2021-06-28T00:00:00+00:00,MSFT,1,0.03708731936649201,0.45703206209640024
random_forest,0,2021-06-28T00:00:00+00:00,QQQ,1,0.02318280421079555,0.43606209915492994
random_forest,0,2021-06-28T00:00:00+00:00,SPY,1,0.011483390084535916,0.6386617364940699
random_forest,0,2021-06-29T00:00:00+00:00,AAPL,1,0.03765228881144678,0.5316595485805042
random_forest,0,2021-06-29T00:00:00+00:00,MSFT,1,0.020897503281377627,0.5564724598318347
random_forest,0,2021-06-29T00:00:00+00:00,QQQ,1,0.0005616512245956162,0.5625206707100089
random_forest,0,2021-06-29T00:00:00+00:00,SPY,1,0.0016696251556651553,0.5473977497659288
random_forest,0,2021-06-30T00:00:00+00:00,AAPL,1,0.04293395956575918,0.4040853606156916
random_forest,0,2021-06-30T00:00:00+00:00,MSFT,1,0.02061933182523945,0.5207034953404438
random_forest,0,2021-06-30T00:00:00+00:00,QQQ,1,0.00955846608244082,0.4588386677016227
random_forest,0,2021-06-30T00:00:00+00:00,SPY,1,0.006518927533379015,0.37828356021128867
random_forest,0,2021-07-01T00:00:00+00:00,AAPL,1,0.0581424011962004,0.45936469678197633
random_forest,0,2021-07-01T00:00:00+00:00,MSFT,1,0.021194637603634048,0.5936580275321085
random_forest,0,2021-07-01T00:00:00+00:00,QQQ,1,0.014602131756128234,0.5889265309853545
random_forest,0,2021-07-01T00:00:00+00:00,SPY,1,0.006694918625083757,0.6177697277191763
random_forest,0,2021-07-02T00:00:00+00:00,AAPL,1,0.026217047646959202,0.3262075598013097
random_forest,0,2021-07-02T00:00:00+00:00,MSFT,0,-0.0038288509387806036,0.3547870358807859
random_forest,0,2021-07-02T00:00:00+00:00,QQQ,1,0.005697157169283207,0.5548803179641992
random_forest,0,2021-07-02T00:00:00+00:00,SPY,1,0.0036616344918962707,0.5510845440303161
random_forest,0,2021-07-06T00:00:00+00:00,AAPL,1,0.029706590502453167,0.38628193854756354
random_forest,0,2021-07-06T00:00:00+00:00,MSFT,1,0.008539374720080373,0.33674759421542516
random_forest,0,2021-07-06T00:00:00+00:00,QQQ,1,0.004555325413804656,0.4355281886210195
random_forest,0,2021-07-06T00:00:00+00:00,SPY,1,0.006609071765918184,0.4210037853282339
random_forest,0,2021-07-07T00:00:00+00:00,AAPL,1,0.05199792703433914,0.49334074688104296
random_forest,0,2021-07-07T00:00:00+00:00,MSFT,1,0.01638352148046418,0.42175749597624607
random_forest,0,2021-07-07T00:00:00+00:00,QQQ,1,0.018313269044367253,0.41787189883237674
random_forest,0,2021-07-07T00:00:00+00:00,SPY,1,0.012037045504749821,0.40069248816951025
random_forest,0,2021-07-08T00:00:00+00:00,AAPL,1,0.03792184775661456,0.48166886065323566
random_forest,0,2021-07-08T00:00:00+00:00,MSFT,1,0.020986390567511837,0.4790916145741512
random_forest,0,2021-07-08T00:00:00+00:00,QQQ,1,0.007001948854387763,0.3861248759410523
random_forest,0,2021-07-08T00:00:00+00:00,SPY,1,0.0060316627518957056,0.42490122112364775
random_forest,0,2021-07-09T00:00:00+00:00,AAPL,0,-0.01878931782390303,0.5183347468503718
random_forest,0,2021-07-09T00:00:00+00:00,MSFT,0,-0.002820264562010455,0.5356422774529394
random_forest,0,2021-07-09T00:00:00+00:00,QQQ,0,-0.025127307910918772,0.4830544129073542
random_forest,0,2021-07-09T00:00:00+00:00,SPY,0,-0.023175974927162613,0.4223166070041072
random_forest,0,2021-07-12T00:00:00+00:00,AAPL,0,-0.005947451135580706,0.49249994796869767
random_forest,0,2021-07-12T00:00:00+00:00,MSFT,0,-0.0001638599976196975,0.5148677104145853
random_forest,0,2021-07-12T00:00:00+00:00,QQQ,0,-0.019641036353391317,0.40716633907350824
random_forest,0,2021-07-12T00:00:00+00:00,SPY,0,-0.026156517729399975,0.4894844683824949
random_forest,0,2021-07-13T00:00:00+00:00,AAPL,0,-0.01931603191568876,0.4444624039155288
random_forest,0,2021-07-13T00:00:00+00:00,MSFT,0,-0.014192456441406764,0.4285438570824602
random_forest,0,2021-07-13T00:00:00+00:00,QQQ,0,-0.019724347448472956,0.559362211173115
random_forest,0,2021-07-13T00:00:00+00:00,SPY,0,-0.013543319919160912,0.4066527013631793
random_forest,0,2021-07-14T00:00:00+00:00,AAPL,0,-0.024066110966628917,0.41833168567543566
random_forest,0,2021-07-14T00:00:00+00:00,MSFT,1,0.004513715143096286,0.4306281825813077
random_forest,0,2021-07-14T00:00:00+00:00,QQQ,0,-0.005325016174120734,0.578022768989052
random_forest,0,2021-07-14T00:00:00+00:00,SPY,0,-0.002158698777790069,0.5689192664973914
random_forest,0,2021-07-15T00:00:00+00:00,AAPL,0,-0.008115272040571053,0.4936859948670609
random_forest,0,2021-07-15T00:00:00+00:00,MSFT,1,0.016753892292127093,0.6556673794955044
random_forest,0,2021-07-15T00:00:00+00:00,QQQ,1,0.008799627879527927,0.6740738448642858
random_forest,0,2021-07-15T00:00:00+00:00,SPY,1,0.001458432191310477,0.6182095202591525
random_forest,0,2021-07-16T00:00:00+00:00,AAPL,1,0.0293822964689594,0.6017141773667507
random_forest,0,2021-07-16T00:00:00+00:00,MSFT,1,0.034032271290178384,0.5771850787993396
random_forest,0,2021-07-16T00:00:00+00:00,QQQ,1,0.0358865357762721,0.7784386088466485
random_forest,0,2021-07-16T00:00:00+00:00,SPY,1,0.028725057764007023,0.6645668139050495
random_forest,0,2021-07-19T00:00:00+00:00,AAPL,1,0.03737637980507791,0.6981801485891557
random_forest,0,2021-07-19T00:00:00+00:00,MSFT,1,0.03892255709928749,0.7479005109473857
random_forest,0,2021-07-19T00:00:00+00:00,QQQ,1,0.0333332111081559,0.6937860923798422
random_forest,0,2021-07-19T00:00:00+00:00,SPY,1,0.03136418735679536,0.705186998459057
random_forest,0,2021-07-20T00:00:00+00:00,AAPL,0,-0.006935780772525879,0.5587000723949251
random_forest,0,2021-07-20T00:00:00+00:00,MSFT,1,0.03410736174943896,0.7533266559829057
random_forest,0,2021-07-20T00:00:00+00:00,QQQ,1,0.018193289310643346,0.6792274999306251
random_forest,0,2021-07-20T00:00:00+00:00,SPY,1,0.014945361857970907,0.6630670348474625
random_forest,0,2021-07-21T00:00:00+00:00,AAPL,0,-0.010546082423606107,0.688235818001443
random_forest,0,2021-07-21T00:00:00+00:00,MSFT,1,0.00644051735609974,0.810567134345917
random_forest,0,2021-07-21T00:00:00+00:00,QQQ,1,0.007602314871447469,0.7326371432897169
random_forest,0,2021-07-21T00:00:00+00:00,SPY,1,0.0096639169536199,0.7486556784718549
random_forest,0,2021-07-22T00:00:00+00:00,AAPL,0,-0.023439111811317526,0.4658576110368391
random_forest,0,2021-07-22T00:00:00+00:00,MSFT,0,-0.009638348890313009,0.6518739767177266
random_forest,0,2021-07-22T00:00:00+00:00,QQQ,0,-0.009838739560299237,0.6546078623066821
random_forest,0,2021-07-22T00:00:00+00:00,SPY,0,-0.001108517131394926,0.7283308322600602
random_forest,0,2021-07-23T00:00:00+00:00,AAPL,0,-0.014853945980991212,0.6034837247107468
random_forest,0,2021-07-23T00:00:00+00:00,MSFT,0,-0.011114892820483835,0.7279759736790987
random_forest,0,2021-07-23T00:00:00+00:00,QQQ,0,-0.005284059618609227,0.6497363368539355
random_forest,0,2021-07-23T00:00:00+00:00,SPY,1,0.000341666058532919,0.7883131661026882
random_forest,0,2021-07-26T00:00:00+00:00,AAPL,0,-0.02415045306068242,0.5912040071211898
random_forest,0,2021-07-26T00:00:00+00:00,MSFT,0,-0.01582515052568212,0.6455919420008525
random_forest,0,2021-07-26T00:00:00+00:00,QQQ,0,-0.009966456458330053,0.55414183130466
random_forest,0,2021-07-26T00:00:00+00:00,SPY,0,-0.005333003408117709,0.676187224234099
random_forest,0,2021-07-27T00:00:00+00:00,AAPL,1,0.014955673016696203,0.41270041678952263
random_forest,0,2021-07-27T00:00:00+00:00,MSFT,0,-0.011563795892786777,0.6301361684679699
random_forest,0,2021-07-27T00:00:00+00:00,QQQ,1,0.0011957948562639764,0.5186245351870352
random_forest,0,2021-07-27T00:00:00+00:00,SPY,0,-0.0017709750305734406,0.7011149527555778
random_forest,0,2021-07-28T00:00:00+00:00,AAPL,1,0.01379757374063506,0.6547810349372847
random_forest,0,2021-07-28T00:00:00+00:00,MSFT,1,0.00023378129785478485,0.5490028501931079
random_forest,0,2021-07-28T00:00:00+00:00,QQQ,1,0.00600766100559702,0.5597456363081362
random_forest,0,2021-07-28T00:00:00+00:00,SPY,0,-0.0010902460822234117,0.5398644411144409
random_forest,0,2021-07-29T00:00:00+00:00,AAPL,1,0.01313502472039274,0.7465387650543899
random_forest,0,2021-07-29T00:00:00+00:00,MSFT,1,0.009691329012577743,0.7792710659438599
random_forest,0,2021-07-29T00:00:00+00:00,QQQ,1,0.014330542674406033,0.7061643966413703
random_forest,0,2021-07-29T00:00:00+00:00,SPY,1,0.007551004119618732,0.7160023214176175
random_forest,0,2021-07-30T00:00:00+00:00,AAPL,0,-0.0015953914123231216,0.6902955602404128
random_forest,0,2021-07-30T00:00:00+00:00,MSFT,1,0.009816630503580281,0.7454053019080592
random_forest,0,2021-07-30T00:00:00+00:00,QQQ,1,0.0041054406183196335,0.6596924189716373
random_forest,0,2021-07-30T00:00:00+00:00,SPY,1,0.0028070369606174594,0.49324177201475006
random_forest,0,2021-08-02T00:00:00+00:00,AAPL,1,0.0038160748811981726,0.7862619293170279
random_forest,0,2021-08-02T00:00:00+00:00,MSFT,1,0.00982076296058465,0.7924543804149071
random_forest,0,2021-08-02T00:00:00+00:00,QQQ,1,0.008876098661559695,0.7060192717552911
random_forest,0,2021-08-02T00:00:00+00:00,SPY,1,0.007494047971143392,0.6448590441421327
random_forest,0,2021-08-03T00:00:00+00:00,AAPL,0,-0.00878256971217295,0.7590859634324223
random_forest,0,2021-08-03T00:00:00+00:00,MSFT,1,0.0014541637135527807,0.807261621784648
random_forest,0,2021-08-03T00:00:00+00:00,QQQ,1,0.0017298573544042295,0.6993666530569103
random_forest,0,2021-08-03T00:00:00+00:00,SPY,1,0.007169974088251152,0.6549536757102544
random_forest,0,2021-08-04T00:00:00+00:00,AAPL,0,-0.005875115889976246,0.6240239794927294
random_forest,0,2021-08-04T00:00:00+00:00,MSFT,0,-0.0028681279542069893,0.7434518259518258
random_forest,0,2021-08-04T00:00:00+00:00,QQQ,0,-0.008747329390919711,0.6759866910050734
random_forest,0,2021-08-04T00:00:00+00:00,SPY,1,0.005709870198176592,0.6058019207100089
random_forest,0,2021-08-05T00:00:00+00:00,AAPL,1,0.01586823398039483,0.7216589313464311
random_forest,0,2021-08-05T00:00:00+00:00,MSFT,1,0.0013570943090313037,0.7930116826703999
random_forest,0,2021-08-05T00:00:00+00:00,QQQ,0,-0.0032984127133364183,0.7828043936144262
random_forest,0,2021-08-05T00:00:00+00:00,SPY,1,0.005880357486929055,0.7463095238095236
random_forest,0,2021-08-06T00:00:00+00:00,AAPL,1,0.013975649322667039,0.6974023719336219
random_forest,0,2021-08-06T00:00:00+00:00,MSFT,1,0.009850814285775389,0.7532554493204163
random_forest,0,2021-08-06T00:00:00+00:00,QQQ,0,-0.004299785716203708,0.6995111873420699
random_forest,0,2021-08-06T00:00:00+00:00,SPY,1,0.0026709370766131446,0.6330992878649128
random_forest,0,2021-08-09T00:00:00+00:00,AAPL,1,0.023831007812371574,0.6963179615523366
random_forest,0,2021-08-09T00:00:00+00:00,MSFT,1,0.010407940723731857,0.7064637580664089
random_forest,0,2021-08-09T00:00:00+00:00,QQQ,0,-0.010403498707286518,0.7019384822693648
random_forest,0,2021-08-09T00:00:00+00:00,SPY,1,0.001677437402793025,0.6405413770257521
random_forest,0,2021-08-10T00:00:00+00:00,AAPL,1,0.023626946242997438,0.740380098353444
random_forest,0,2021-08-10T00:00:00+00:00,MSFT,1,0.0167279688443005,0.7380341186591186
random_forest,0,2021-08-10T00:00:00+00:00,QQQ,0,-0.010022764558147546,0.7744238721858208
random_forest,0,2021-08-10T00:00:00+00:00,SPY,0,-0.003931764018458517,0.5869917694641961
random_forest,0,2021-08-11T00:00:00+00:00,AAPL,0,-0.009916718486016718,0.7951323712031434
random_forest,0,2021-08-11T00:00:00+00:00,MSFT,1,0.0070993604797848775,0.7131427171684523
random_forest,0,2021-08-11T00:00:00+00:00,QQQ,0,-0.01692598796642497,0.7429116022866025
random_forest,0,2021-08-11T00:00:00+00:00,SPY,0,-0.018533189938415573,0.6223692921339496
random_forest,0,2021-08-12T00:00:00+00:00,AAPL,0,-0.012248083649180952,0.6296033312071916
random_forest,0,2021-08-12T00:00:00+00:00,MSFT,1,0.03528333232602732,0.8020182453693966
random_forest,0,2021-08-12T00:00:00+00:00,QQQ,0,-0.009675029593222195,0.8108551155747843
random_forest,0,2021-08-12T00:00:00+00:00,SPY,0,-0.014002901282398561,0.6473464326727194
random_forest,0,2021-08-13T00:00:00+00:00,AAPL,0,-0.003543572633197045,0.6227212029188128
random_forest,0,2021-08-13T00:00:00+00:00,MSFT,1,0.034221578982498446,0.7893458537989789
random_forest,0,2021-08-13T00:00:00+00:00,QQQ,1,0.0010688390092763456,0.8174892295204792
random_forest,0,2021-08-13T00:00:00+00:00,SPY,0,-0.0005836528516640627,0.7695941772688094
random_forest,0,2021-08-16T00:00:00+00:00,AAPL,0,-0.0071795626503166066,0.5430777081374509
random_forest,0,2021-08-16T00:00:00+00:00,MSFT,1,0.04310437487171237,0.7359431013925017
random_forest,0,2021-08-16T00:00:00+00:00,QQQ,1,0.018962358751322128,0.7302713692557442
random_forest,0,2021-08-16T00:00:00+00:00,SPY,1,0.006381620669937638,0.6559020684015845
random_forest,0,2021-08-17T00:00:00+00:00,AAPL,0,-0.0019312906711410616,0.5296251338530749
random_forest,0,2021-08-17T00:00:00+00:00,MSFT,1,0.03989856849597628,0.6596132401901074
random_forest,0,2021-08-17T00:00:00+00:00,QQQ,1,0.023828299712385315,0.7783560669045866
random_forest,0,2021-08-17T00:00:00+00:00,SPY,1,0.009740323224384673,0.4892705150241917
random_forest,0,2021-08-18T00:00:00+00:00,AAPL,1,0.02084778366200557,0.6040558593507025
random_forest,0,2021-08-18T00:00:00+00:00,MSFT,1,0.0405227096910612,0.5636259092913021
random_forest,0,2021-08-18T00:00:00+00:00,QQQ,1,0.03595808126472311,0.716182521522595
random_forest,0,2021-08-18T00:00:00+00:00,SPY,1,0.026230709767284255,0.8388593136846815
random_forest,0,2021-08-19T00:00:00+00:00,AAPL,0,-0.0017272046370475636,0.7317535043592029
random_forest,0,2021-08-19T00:00:00+00:00,MSFT,0,-0.0044285877635161786,0.7034470304001552
random_forest,0,2021-08-19T00:00:00+00:00,QQQ,1,0.019899678922435937,0.750704050340999
random_forest,0,2021-08-19T00:00:00+00:00,SPY,1,0.013621787027016108,0.7873376228174991
random_forest,0,2021-08-20T00:00:00+00:00,AAPL,1,0.002645035057088574,0.6695305562493062
random_forest,0,2021-08-20T00:00:00+00:00,MSFT,0,-0.009007875083710148,0.22587288120376364
random_forest,0,2021-08-20T00:00:00+00:00,QQQ,1,0.019786079158322645,0.7861105204027998
random_forest,0,2021-08-20T00:00:00+00:00,SPY,1,0.011027609207679534,0.7062931972031236
random_forest,0,2021-08-23T00:00:00+00:00,AAPL,1,0.01943789967549625,0.5578498717108913
random_forest,0,2021-08-23T00:00:00+00:00,MSFT,0,-0.0039614460860425416,0.44890956265956267
random_forest,0,2021-08-23T00:00:00+00:00,QQQ,1,0.01580823871396042,0.6865970462339946
random_forest,0,2021-08-23T00:00:00+00:00,SPY,1,0.007269704173054059,0.5348725360627935
random_forest,0,2021-08-24T00:00:00+00:00,AAPL,1,0.01812054752294512,0.7048544409022348
random_forest,0,2021-08-24T00:00:00+00:00,MSFT,0,-0.006688064072696953,0.487371114357134
random_forest,0,2021-08-24T00:00:00+00:00,QQQ,1,0.015078231210368553,0.7747178776085021
random_forest,0,2021-08-24T00:00:00+00:00,SPY,1,0.0077778154572007985,0.7917397298371559
random_forest,0,2021-08-25T00:00:00+00:00,AAPL,1,0.03513698488726269,0.7382156777798224
random_forest,0,2021-08-25T00:00:00+00:00,MSFT,1,0.002014369792764592,0.41686532217782213
random_forest,0,2021-08-25T00:00:00+00:00,QQQ,1,0.019487595017369852,0.7457750409312905
random_forest,0,2021-08-25T00:00:00+00:00,SPY,1,0.008480254774253071,0.6831070058413808
random_forest,0,2021-08-26T00:00:00+00:00,AAPL,1,0.04049919460554219,0.7076078608891108
random_forest,0,2021-08-26T00:00:00+00:00,MSFT,1,0.0046774925410630885,0.6506547272172272
random_forest,0,2021-08-26T00:00:00+00:00,QQQ,1,0.014453851885871671,0.6468773266153781
random_forest,0,2021-08-26T00:00:00+00:00,SPY,1,0.008849726534176483,0.6115756475958685
random_forest,0,2021-08-27T00:00:00+00:00,AAPL,1,0.03798930108915899,0.764251547064047
random_forest,0,2021-08-27T00:00:00+00:00,MSFT,0,-0.0023626365174860275,0.6489008168098245
random_forest,0,2021-08-27T00:00:00+00:00,QQQ,1,0.010793206577945025,0.7653110145573381
random_forest,0,2021-08-27T00:00:00+00:00,SPY,1,0.0018525184977951081,0.4739417006604508
random_forest,0,2021-08-30T00:00:00+00:00,AAPL,1,0.02624349325404629,0.5862640657953155
random_forest,0,2021-08-30T00:00:00+00:00,MSFT,0,-0.017209367074979887,0.6682005805673085
random_forest,0,2021-08-30T00:00:00+00:00,QQQ,1,0.001726381488379003,0.6051582390562654
random_forest,0,2021-08-30T00:00:00+00:00,SPY,0,-0.004734952494402367,0.5662048441324758
random_forest,0,2021-08-31T00:00:00+00:00,AAPL,1,0.015372311887188683,0.5324321134339519
random_forest,0,2021-08-31T00:00:00+00:00,MSFT,0,-0.008752916552805745,0.6009936244311245
random_forest,0,2021-08-31T00:00:00+00:00,QQQ,0,-0.002076682787447215,0.525956702745354
random_forest,0,2021-08-31T00:00:00+00:00,SPY,0,-0.006099815182297741,0.4056076539505816
random_forest,0,2021-09-01T00:00:00+00:00,AAPL,1,0.0053312409441188535,0.5677473190616575
random_forest,0,2021-09-01T00:00:00+00:00,MSFT,0,-0.014481799225358527,0.7622433227408555
random_forest,0,2021-09-01T00:00:00+00:00,QQQ,0,-0.003931203921698545,0.5685092078060829
random_forest,0,2021-09-01T00:00:00+00:00,SPY,0,-0.007017481964426864,0.5651719361757095
random_forest,0,2021-09-02T00:00:00+00:00,AAPL,0,-0.02231384962568972,0.4607477091944002
random_forest,0,2021-09-02T00:00:00+00:00,MSFT,0,-0.013403873545657419,0.742360080982614
random_forest,0,2021-09-02T00:00:00+00:00,QQQ,0,-0.0026032578313638366,0.43699495816683315
random_forest,0,2021-09-02T00:00:00+00:00,SPY,0,-0.00937308971513573,0.4998310456904207
random_forest,0,2021-09-03T00:00:00+00:00,AAPL,0,-0.031750893334632546,0.53938543796782
random_forest,0,2021-09-03T00:00:00+00:00,MSFT,0,-0.00680538993270019,0.7739210962648462
random_forest,0,2021-09-03T00:00:00+00:00,QQQ,0,-0.011986326165389749,0.5264856096023857
random_forest,0,2021-09-03T00:00:00+00:00,SPY,0,-0.012116624699690881,0.455352883190296
random_forest,0,2021-09-07T00:00:00+00:00,AAPL,0,-0.05552809115571,0.35104870262498933
random_forest,0,2021-09-07T00:00:00+00:00,MSFT,1,0.00958752629323012,0.7721969200014382
random_forest,0,2021-09-07T00:00:00+00:00,QQQ,0,-0.018198694683707384,0.5997102376789878
random_forest,0,2021-09-07T00:00:00+00:00,SPY,0,-0.015876185102982943,0.5285671829192049
random_forest,0,2021-09-08T00:00:00+00:00,AAPL,0,-0.04724799635530397,0.6190631417193916
random_forest,0,2021-09-08T00:00:00+00:00,MSFT,1,0.0077559482540936475,0.7500782030469527
random_forest,0,2021-09-08T00:00:00+00:00,QQQ,0,-0.013339767029263871,0.602285474941725
random_forest,0,2021-09-08T00:00:00+00:00,SPY,0,-0.009482261563849792,0.5896379835442335
random_forest,0,2021-09-09T00:00:00+00:00,AAPL,0,-0.041789369742581295,0.6287519945332445
random_forest,0,2021-09-09T00:00:00+00:00,MSFT,1,0.017231734270287458,0.5886842747734293
random_forest,0,2021-09-09T00:00:00+00:00,QQQ,0,-0.01092478596013513,0.44920112808802826
random_forest,0,2021-09-09T00:00:00+00:00,SPY,0,-0.012385707102249177,0.7194224316329095
random_forest,0,2021-09-10T00:00:00+00:00,AAPL,0,-0.047250422758313815,0.6135114048533167
random_forest,0,2021-09-10T00:00:00+00:00,MSFT,0,-0.0060900608538028145,0.5076122776432376
random_forest,0,2021-09-10T00:00:00+00:00,QQQ,0,-0.031287355776493775,0.6330033911146045
random_forest,0,2021-09-10T00:00:00+00:00,SPY,0,-0.02950778737722204,0.7054748968351908
random_forest,0,2021-09-13T00:00:00+00:00,AAPL,0,-0.04461283829781515,0.728410935469759
random_forest,0,2021-09-13T00:00:00+00:00,MSFT,0,-0.014891133779807442,0.5851997420471682
random_forest,0,2021-09-13T00:00:00+00:00,QQQ,0,-0.02807294194356691,0.5745487457803634
random_forest,0,2021-09-13T00:00:00+00:00,SPY,0,-0.024695257645268587,0.6399693701551287
random_forest,0,2021-09-14T00:00:00+00:00,AAPL,0,-0.029608604254956372,0.6526555108494444
random_forest,0,2021-09-14T00:00:00+00:00,MSFT,0,-0.023487825559276865,0.6058007010350762
random_forest,0,2021-09-14T00:00:00+00:00,QQQ,0,-0.02386648549828896,0.6671652089364453
random_forest,0,2021-09-14T00:00:00+00:00,SPY,0,-0.018098745672015637,0.7808092305978336
random_forest,0,2021-09-15T00:00:00+00:00,AAPL,0,-0.014032768259362949,0.5527287387857239
random_forest,0,2021-09-15T00:00:00+00:00,MSFT,0,-0.018130138016045905,0.6388665657152015
random_forest,0,2021-09-15T00:00:00+00:00,QQQ,0,-0.01659392934996773,0.7416066327463386
random_forest,0,2021-09-15T00:00:00+00:00,SPY,0,-0.015520399617342084,0.719787681681064
random_forest,0,2021-09-16T00:00:00+00:00,AAPL,0,-0.023189280980953297,0.5921130881770876
random_forest,0,2021-09-16T00:00:00+00:00,MSFT,0,-0.02148694114226668,0.7410641403498889
random_forest,0,2021-09-16T00:00:00+00:00,QQQ,0,-0.019852110691444325,0.7235419516575188
random_forest,0,2021-09-16T00:00:00+00:00,SPY,0,-0.009804160405645468,0.7613051470588234
random_forest,0,2021-09-17T00:00:00+00:00,AAPL,1,0.00959226397817381,0.47037234977032805
random_forest,0,2021-09-17T00:00:00+00:00,MSFT,0,-0.0026378542623330947,0.567164831696082
random_forest,0,2021-09-17T00:00:00+00:00,QQQ,1,0.005443801764518419,0.6950768086724934
random_forest,0,2021-09-17T00:00:00+00:00,SPY,1,0.016200431675916782,0.6488558525828746
random_forest,0,2021-09-20T00:00:00+00:00,AAPL,0,-0.006713286745455682,0.564162569402991
random_forest,0,2021-09-20T00:00:00+00:00,MSFT,0,-0.021877729405241464,0.6745266844814539
random_forest,0,2021-09-20T00:00:00+00:00,QQQ,0,-0.007183986714809132,0.6761601517677369
random_forest,0,2021-09-20T00:00:00+00:00,SPY,1,0.005226143555905782,0.6351365714555053
random_forest,0,2021-09-21T00:00:00+00:00,AAPL,0,-0.01567738383796602,0.6074809672557832
random_forest,0,2021-09-21T00:00:00+00:00,MSFT,0,-0.04111354068600637,0.7236378500723993
random_forest,0,2021-09-21T00:00:00+00:00,QQQ,0,-0.01809246236555684,0.6913664912927199
random_forest,0,2021-09-21T00:00:00+00:00,SPY,0,-0.003966255671482233,0.551555908697211
random_forest,0,2021-09-22T00:00:00+00:00,AAPL,0,-0.022345980064140236,0.42405934343434326
random_forest,0,2021-09-22T00:00:00+00:00,MSFT,0,-0.04587851508366725,0.6461739835564332
random_forest,0,2021-09-22T00:00:00+00:00,QQQ,0,-0.02835048241707039,0.7021801637206532
random_forest,0,2021-09-22T00:00:00+00:00,SPY,0,-0.010688038750332973,0.656161430991394
random_forest,0,2021-09-23T00:00:00+00:00,AAPL,0,-0.02775984127693143,0.4602061359639243
random_forest,0,2021-09-23T00:00:00+00:00,MSFT,0,-0.05590928673582041,0.7287722561343887
random_forest,0,2021-09-23T00:00:00+00:00,QQQ,0,-0.0344434259494264,0.5022846154050197
random_forest,0,2021-09-23T00:00:00+00:00,SPY,0,-0.025645714981223255,0.5973784268223606
random_forest,0,2021-09-24T00:00:00+00:00,AAPL,0,-0.027450484137995668,0.45296965697700997
random_forest,0,2021-09-24T00:00:00+00:00,MSFT,0,-0.03145244305140893,0.7987044290096726
random_forest,0,2021-09-24T00:00:00+00:00,QQQ,0,-0.033485611492484746,0.5313840456552821
random_forest,0,2021-09-24T00:00:00+00:00,SPY,0,-0.024107826881828,0.5915301895816596
random_forest,0,2021-09-27T00:00:00+00:00,AAPL,0,-0.028193266268857875,0.5367500208125209
random_forest,0,2021-09-27T00:00:00+00:00,MSFT,0,-0.021799520218078627,0.6306063408985237
random_forest,0,2021-09-27T00:00:00+00:00,QQQ,0,-0.034639717933563796,0.5285141975757304
random_forest,0,2021-09-27T00:00:00+00:00,SPY,0,-0.023447370266547418,0.7766068112851201
random_forest,0,2021-09-28T00:00:00+00:00,AAPL,0,-0.02301295771310019,0.5005810218977789
random_forest,0,2021-09-28T00:00:00+00:00,MSFT,1,0.00038234161362327157,0.6213553553590798
random_forest,0,2021-09-28T00:00:00+00:00,QQQ,0,-0.021589630063533538,0.6707218247761009
random_forest,0,2021-09-28T00:00:00+00:00,SPY,0,-0.015574273163830421,0.6437968368437115
random_forest,0,2021-09-29T00:00:00+00:00,AAPL,0,-0.006166421794778443,0.7166399981543655
random_forest,0,2021-09-29T00:00:00+00:00,MSFT,1,0.03108129553636796,0.5457628072928962
random_forest,0,2021-09-29T00:00:00+00:00,QQQ,1,0.0030617732829454347,0.5861585303402734
random_forest,0,2021-09-29T00:00:00+00:00,SPY,1,0.003426648718882319,0.5638459957118043
random_forest,0,2021-09-30T00:00:00+00:00,AAPL,1,0.012982339169417045,0.476058054996474
random_forest,0,2021-09-30T00:00:00+00:00,MSFT,1,0.047881013698199526,0.47951929853342384
random_forest,0,2021-09-30T00:00:00+00:00,QQQ,1,0.013253073038432372,0.44505484236158577
random_forest,0,2021-09-30T00:00:00+00:00,SPY,1,0.017685080955499366,0.7502758352758347
random_forest,0,2021-10-01T00:00:00+00:00,AAPL,1,0.001592457790473567,0.5623141585527905
random_forest,0,2021-10-01T00:00:00+00:00,MSFT,1,0.017170890560459506,0.47416269274241396
random_forest,0,2021-10-01T00:00:00+00:00,QQQ,1,0.0009527907557085324,0.5029192685807911
random_forest,0,2021-10-01T00:00:00+00:00,SPY,1,0.007590176145297667,0.6237065354988145
random_forest,0,2021-10-04T00:00:00+00:00,AAPL,1,0.024760279260241047,0.7135436535482491
random_forest,0,2021-10-04T00:00:00+00:00,MSFT,1,0.03766901989825033,0.4684491062558015
random_forest,0,2021-10-04T00:00:00+00:00,QQQ,1,0.015411067961068392,0.5744799290675356
random_forest,0,2021-10-04T00:00:00+00:00,SPY,1,0.010597835923192411,0.6854089094116664
random_forest,0,2021-10-05T00:00:00+00:00,AAPL,1,0.010667085533155207,0.7609270070207571
random_forest,0,2021-10-05T00:00:00+00:00,MSFT,1,0.02988571374108484,0.3967557284423094
random_forest,0,2021-10-05T00:00:00+00:00,QQQ,1,0.01330698178395262,0.388926794041442
random_forest,0,2021-10-05T00:00:00+00:00,SPY,1,0.010649456865821971,0.5428679133366632
random_forest,0,2021-10-06T00:00:00+00:00,AAPL,0,-0.008625115564146912,0.6820441078529315
random_forest,0,2021-10-06T00:00:00+00:00,MSFT,1,0.011627429952733026,0.4819642667864901
random_forest,0,2021-10-06T00:00:00+00:00,QQQ,1,0.0004502066012390671,0.34359102702852706
random_forest,0,2021-10-06T00:00:00+00:00,SPY,0,-0.0004272231454106601,0.5548903873903872
random_forest,0,2021-10-07T00:00:00+00:00,AAPL,0,-0.003799177582065272,0.6845833590805048
random_forest,0,2021-10-07T00:00:00+00:00,MSFT,1,0.018621128043279533,0.551393294662209
random_forest,0,2021-10-07T00:00:00+00:00,QQQ,1,0.008418291696831393,0.39081535906903564
random_forest,0,2021-10-07T00:00:00+00:00,SPY,1,0.009969508236704838,0.6548052294927297
random_forest,0,2021-10-08T00:00:00+00:00,AAPL,1,0.0062791138744613395,0.7282262351941146
random_forest,0,2021-10-08T00:00:00+00:00,MSFT,1,0.03428702373585413,0.5706107152060614
random_forest,0,2021-10-08T00:00:00+00:00,QQQ,1,0.020288611411283686,0.5582753033698757
random_forest,0,2021-10-08T00:00:00+00:00,SPY,1,0.013548822078283784,0.8407050013217775
random_forest,0,2021-10-11T00:00:00+00:00,AAPL,1,0.02434038908869085,0.652971468890587
random_forest,0,2021-10-11T00:00:00+00:00,MSFT,1,0.041965022767892934,0.5260466208627972
random_forest,0,2021-10-11T00:00:00+00:00,QQQ,1,0.03646542035828082,0.777918103648802
random_forest,0,2021-10-11T00:00:00+00:00,SPY,1,0.028354100784303116,0.8270401464666653
random_forest,0,2021-10-12T00:00:00+00:00,AAPL,1,0.05071449588180621,0.6810844670035847
random_forest,0,2021-10-12T00:00:00+00:00,MSFT,1,0.04639425057060742,0.4987307606609076
random_forest,0,2021-10-12T00:00:00+00:00,QQQ,1,0.04361172269188396,0.6346587759022452
random_forest,0,2021-10-12T00:00:00+00:00,SPY,1,0.035698982589355,0.8460915765521028
random_forest,0,2021-10-13T00:00:00+00:00,AAPL,1,0.045054199304910725,0.711839133089133
random_forest,0,2021-10-13T00:00:00+00:00,MSFT,1,0.024552355710377283,0.46605259783109043
random_forest,0,2021-10-13T00:00:00+00:00,QQQ,1,0.026732632126038824,0.7130223223467709
random_forest,0,2021-10-13T00:00:00+00:00,SPY,1,0.026845590573739253,0.8010982911406188
random_forest,0,2021-10-14T00:00:00+00:00,AAPL,1,0.03909617252101327,0.6287575733466314
random_forest,0,2021-10-14T00:00:00+00:00,MSFT,1,0.024607274092942832,0.2966908388577797
random_forest,0,2021-10-14T00:00:00+00:00,QQQ,1,0.019976228705870236,0.6017600638740344
random_forest,0,2021-10-14T00:00:00+00:00,SPY,1,0.016806286179105845,0.4728350295537795
random_forest,0,2021-10-15T00:00:00+00:00,AAPL,1,0.03438797933330662,0.5393988155431171
random_forest,0,2021-10-15T00:00:00+00:00,MSFT,1,0.017037007166421203,0.4371540959040958
random_forest,0,2021-10-15T00:00:00+00:00,QQQ,1,0.01958506236119839,0.3657653997833952
random_forest,0,2021-10-15T00:00:00+00:00,SPY,1,0.021177885282783304,0.6332408303502055
random_forest,0,2021-10-18T00:00:00+00:00,AAPL,1,0.013751862969860973,0.45769518710670987
random_forest,0,2021-10-18T00:00:00+00:00,MSFT,1,0.006578726607518792,0.3608896138583638
random_forest,0,2021-10-18T00:00:00+00:00,QQQ,1,0.015305167512595919,0.38654194865591923
random_forest,0,2021-10-18T00:00:00+00:00,SPY,1,0.016409303738430525,0.5376476821789323
random_forest,0,2021-10-19T00:00:00+00:00,AAPL,1,0.0024317580421688856,0.27781476591219245
random_forest,0,2021-10-19T00:00:00+00:00,MSFT,1,0.01991733400002338,0.33618372946497943
random_forest,0,2021-10-19T00:00:00+00:00,QQQ,1,0.007664958297284308,0.28801839041269184
random_forest,0,2021-10-19T00:00:00+00:00,SPY,1,0.009771077447000565,0.43919158966033967
random_forest,0,2021-10-20T00:00:00+00:00,AAPL,1,0.004775737265667157,0.4685230838401795
random_forest,0,2021-10-20T00:00:00+00:00,MSFT,1,0.05375503448543606,0.4235219468031969
random_forest,0,2021-10-20T00:00:00+00:00,QQQ,1,0.01878044787219002,0.37162531147365707
random_forest,0,2021-10-20T00:00:00+00:00,SPY,1,0.006153607356772062,0.4340288010600511
random_forest,0,2021-10-21T00:00:00+00:00,AAPL,0,-0.018465846107234896,0.39388072464601104
random_forest,0,2021-10-21T00:00:00+00:00,MSFT,1,0.04214696024204723,0.41498730801362405
random_forest,0,2021-10-21T00:00:00+00:00,QQQ,1,0.011486349507982885,0.4290210473758268
random_forest,0,2021-10-21T00:00:00+00:00,SPY,1,0.004036807593291503,0.5308785485347987
random_forest,0,2021-10-22T00:00:00+00:00,AAPL,1,8.297960012626504e-05,0.3571143328474501
random_forest,0,2021-10-22T00:00:00+00:00,MSFT,1,0.06897452710513652,0.32939504182393126
random_forest,0,2021-10-22T00:00:00+00:00,QQQ,1,0.02723312811504064,0.3990680857133063
random_forest,0,2021-10-22T00:00:00+00:00,SPY,1,0.011227104929855791,0.4788752577079783
random_forest,0,2021-10-25T00:00:00+00:00,AAPL,0,-0.006475852281953021,0.4546953592771607
random_forest,0,2021-10-25T00:00:00+00:00,MSFT,1,0.059968130113358775,0.5230748504967255
random_forest,0,2021-10-25T00:00:00+00:00,QQQ,1,0.015246450582114157,0.4759963050634009
random_forest,0,2021-10-25T00:00:00+00:00,SPY,1,0.004594256435989985,0.4741409632034633
random_forest,0,2021-10-26T00:00:00+00:00,AAPL,1,0.004884208674814872,0.6082000653553963
random_forest,0,2021-10-26T00:00:00+00:00,MSFT,1,0.0545346662218027,0.5366953861197283
random_forest,0,2021-10-26T00:00:00+00:00,QQQ,1,0.024215272021075984,0.5067216800764597
random_forest,0,2021-10-26T00:00:00+00:00,SPY,1,0.008606282885366134,0.5122124836968588
random_forest,0,2021-10-27T00:00:00+00:00,AAPL,1,0.009726158992509282,0.5628255527152584
random_forest,0,2021-10-27T00:00:00+00:00,MSFT,1,0.024342384295413355,0.32478670022787665
random_forest,0,2021-10-27T00:00:00+00:00,QQQ,1,0.030741666750987884,0.45439692252192254
random_forest,0,2021-10-27T00:00:00+00:00,SPY,1,0.019694972386297138,0.6744924642351109
random_forest,0,2021-10-28T00:00:00+00:00,AAPL,1,0.03116298174684773,0.40351842252819436
random_forest,0,2021-10-28T00:00:00+00:00,MSFT,1,0.04227831388614556,0.36356649069884367
random_forest,0,2021-10-28T00:00:00+00:00,QQQ,1,0.04771081949704459,0.42878676878676886
random_forest,0,2021-10-28T00:00:00+00:00,SPY,1,0.02735940013281235,0.4740294861388613
random_forest,0,2021-10-29T00:00:00+00:00,AAPL,1,0.015692559956682395,0.5631688451243887
random_forest,0,2021-10-29T00:00:00+00:00,MSFT,1,0.015892197564858046,0.4656548436298821
random_forest,0,2021-10-29T00:00:00+00:00,QQQ,1,0.029008902948459703,0.39031799797424804
random_forest,0,2021-10-29T00:00:00+00:00,SPY,1,0.018382804870722635,0.4938166434260186
random_forest,0,2021-11-01T00:00:00+00:00,AAPL,1,0.009812070678619778,0.6290141044724541
random_forest,0,2021-11-01T00:00:00+00:00,MSFT,1,0.01854739794407112,0.5592722012894227
random_forest,0,2021-11-01T00:00:00+00:00,QQQ,1,0.029892786036966212,0.47688477321289835
random_forest,0,2021-11-01T00:00:00+00:00,SPY,1,0.01773569985302048,0.5568079056360304
random_forest,0,2021-11-02T00:00:00+00:00,AAPL,0,-0.0030005671640770393,0.6697788942170227
random_forest,0,2021-11-02T00:00:00+00:00,MSFT,1,4.62299033632263e-06,0.4926350957049486
random_forest,0,2021-11-02T00:00:00+00:00,QQQ,1,0.005483004005484071,0.4761297123015874
random_forest,0,2021-11-02T00:00:00+00:00,SPY,1,0.007261424336982181,0.5814381712037962
random_forest,0,2021-11-03T00:00:00+00:00,AAPL,0,-0.017816717604637877,0.637296301533434
random_forest,0,2021-11-03T00:00:00+00:00,MSFT,0,-0.006914931223234055,0.3350638384340978
random_forest,0,2021-11-03T00:00:00+00:00,QQQ,0,-0.00683017451073864,0.41013413669663673
random_forest,0,2021-11-03T00:00:00+00:00,SPY,0,-0.002319946413556706,0.5571739718614718
random_forest,0,2021-11-04T00:00:00+00:00,AAPL,0,-0.024732247504185678,0.5686602231295534
random_forest,0,2021-11-04T00:00:00+00:00,MSFT,0,-0.015530322282305886,0.30694366000141937
random_forest,0,2021-11-04T00:00:00+00:00,QQQ,0,-0.022629665058205073,0.3835288062631813
random_forest,0,2021-11-04T00:00:00+00:00,SPY,0,-0.010844895341727723,0.5340333058485632
random_forest,0,2021-11-05T00:00:00+00:00,AAPL,0,-0.008852917039437802,0.5368302270646022
random_forest,0,2021-11-05T00:00:00+00:00,MSFT,0,-0.0012879282320660268,0.4523285906345117
random_forest,0,2021-11-05T00:00:00+00:00,QQQ,0,-0.008658653626919754,0.4416826418067227
random_forest,0,2021-11-05T00:00:00+00:00,SPY,0,-0.004250167335333899,0.49407856822185386
random_forest,0,2021-11-08T00:00:00+00:00,AAPL,0,-0.0037255344225787246,0.6391119460604753
random_forest,0,2021-11-08T00:00:00+00:00,MSFT,0,-0.006231443723386243,0.3985230558914769
random_forest,0,2021-11-08T00:00:00+00:00,QQQ,0,-0.015249428904428819,0.5439554455960706
random_forest,0,2021-11-08T00:00:00+00:00,SPY,0,-0.006612612372105087,0.4054210719835722
random_forest,0,2021-11-09T00:00:00+00:00,AAPL,1,0.004521679032261305,0.6979691208505546
random_forest,0,2021-11-09T00:00:00+00:00,MSFT,1,0.012887158283141575,0.47195440588822934
random_forest,0,2021-11-09T00:00:00+00:00,QQQ,1,0.011428598293536929,0.44686929134998987
random_forest,0,2021-11-09T00:00:00+00:00,SPY,1,0.005333059044465793,0.4902464668007431
random_forest,0,2021-11-10T00:00:00+00:00,AAPL,1,0.02982581922333294,0.7202459693084692
random_forest,0,2021-11-10T00:00:00+00:00,MSFT,1,0.020745156115823615,0.5632926790325686
random_forest,0,2021-11-10T00:00:00+00:00,QQQ,1,0.01620437769050964,0.5397842925048807
random_forest,0,2021-11-10T00:00:00+00:00,SPY,1,0.006647634833206739,0.6220551789219548
random_forest,0,2021-11-11T00:00:00+00:00,AAPL,1,0.05999455718163471,0.722166253885004
random_forest,0,2021-11-11T00:00:00+00:00,MSFT,1,0.02593728118190164,0.6158387685639526
random_forest,0,2021-11-11T00:00:00+00:00,QQQ,1,0.027704979238960314,0.6794591040087363
random_forest,0,2021-11-11T00:00:00+00:00,SPY,1,0.0076361931060004995,0.6786232231820466
random_forest,0,2021-11-12T00:00:00+00:00,AAPL,1,0.07306586593400177,0.653736685463659
random_forest,0,2021-11-12T00:00:00+00:00,MSFT,1,0.020799849868780917,0.5828684907820936
random_forest,0,2021-11-12T00:00:00+00:00,QQQ,1,0.022353056197494725,0.5627436957177671
random_forest,0,2021-11-12T00:00:00+00:00,SPY,1,0.0027934760022492178,0.5508586032023526
random_forest,0,2021-11-15T00:00:00+00:00,AAPL,1,0.07241617421535751,0.7703806186664638
random_forest,0,2021-11-15T00:00:00+00:00,MSFT,1,0.003908456806925864,0.642588688884645
random_forest,0,2021-11-15T00:00:00+00:00,QQQ,1,0.008770986716400753,0.698008110632917
random_forest,0,2021-11-15T00:00:00+00:00,SPY,0,-0.0018484971010396256,0.5269162388877461
random_forest,0,2021-11-16T00:00:00+00:00,AAPL,1,0.06244289253746671,0.815633660661234
random_forest,0,2021-11-16T00:00:00+00:00,MSFT,0,-0.00983025054359532,0.6057037804923835
random_forest,0,2021-11-16T00:00:00+00:00,QQQ,0,-0.00907358758600696,0.5659271906606465
random_forest,0,2021-11-16T00:00:00+00:00,SPY,0,-0.008254133926436924,0.5065499283192298
random_forest,0,2021-11-17T00:00:00+00:00,AAPL,1,0.03604955985352065,0.7325805699610846
random_forest,0,2021-11-17T00:00:00+00:00,MSFT,0,-0.013301039801877801,0.5719125058968813
random_forest,0,2021-11-17T00:00:00+00:00,QQQ,0,-0.011036000790489942,0.6572499571882794
random_forest,0,2021-11-17T00:00:00+00:00,SPY,0,-0.016673267374123557,0.5149248254808917
random_forest,0,2021-11-18T00:00:00+00:00,AAPL,1,0.008890414438001537,0.7345024431837514
random_forest,0,2021-11-18T00:00:00+00:00,MSFT,0,-0.024425386289530837,0.6164763943164677
random_forest,0,2021-11-18T00:00:00+00:00,QQQ,0,-0.02065014881809657,0.6203241723554223
random_forest,0,2021-11-18T00:00:00+00:00,SPY,0,-0.013771430960713316,0.5306122232546868
random_forest,0,2021-11-19T00:00:00+00:00,AAPL,0,-0.0124296103210213,0.5627427397969679
random_forest,0,2021-11-19T00:00:00+00:00,MSFT,0,-0.028930567105686866,0.6277392424772941
random_forest,0,2021-11-19T00:00:00+00:00,QQQ,0,-0.01870659183848411,0.6146887053918305
random_forest,0,2021-11-19T00:00:00+00:00,SPY,0,-0.020839337029095684,0.581765039494819
random_forest,0,2021-11-22T00:00:00+00:00,AAPL,1,0.03739701047719457,0.5872263031086563
random_forest,0,2021-11-22T00:00:00+00:00,MSFT,0,-0.007682973240325297,0.41001929392094844
random_forest,0,2021-11-22T00:00:00+00:00,QQQ,0,-0.0015717979225874368,0.5852028506624096
random_forest,0,2021-11-22T00:00:00+00:00,SPY,0,-0.013917001895414227,0.6504756765529792
random_forest,0,2021-11-23T00:00:00+00:00,AAPL,0,-0.014477375523372915,0.5654361661622691
random_forest,0,2021-11-23T00:00:00+00:00,MSFT,0,-0.019745402102171683,0.6943757614611911
random_forest,0,2021-11-23T00:00:00+00:00,QQQ,0,-0.0250703095941055,0.6508792929475498
random_forest,0,2021-11-23T00:00:00+00:00,SPY,0,-0.03482512547725369,0.6265011363818929
random_forest,0,2021-11-24T00:00:00+00:00,AAPL,1,0.02583386674722976,0.3586437010701717
random_forest,0,2021-11-24T00:00:00+00:00,MSFT,0,-0.009042066142474714,0.7610976610195361
random_forest,0,2021-11-24T00:00:00+00:00,QQQ,0,-0.014091702494614,0.6751203269769446
random_forest,0,2021-11-24T00:00:00+00:00,SPY,0,-0.008840806596175699,0.5846706219638207
random_forest,0,2021-11-26T00:00:00+00:00,AAPL,1,0.028812020371697944,0.5278845460095458
random_forest,0,2021-11-26T00:00:00+00:00,MSFT,0,-0.03474458834141614,0.6274878246753246
random_forest,0,2021-11-26T00:00:00+00:00,QQQ,0,-0.03290452266898203,0.7438806557005087
random_forest,0,2021-11-26T00:00:00+00:00,SPY,0,-0.01907317545886056,0.605362701024466
random_forest,0,2021-11-29T00:00:00+00:00,AAPL,1,0.05470423764312282,0.5671682137307135
random_forest,0,2021-11-29T00:00:00+00:00,MSFT,0,-0.01295064074822505,0.7381984335109336
random_forest,0,2021-11-29T00:00:00+00:00,QQQ,0,-0.01638830297509819,0.6499069986117683
random_forest,0,2021-11-29T00:00:00+00:00,SPY,1,0.003207853115410275,0.7361010983877664
random_forest,0,2021-11-30T00:00:00+00:00,AAPL,1,0.025711108011869044,0.3597036123598625
random_forest,0,2021-11-30T00:00:00+00:00,MSFT,0,-0.0014620087057153341,0.5841605717016901
random_forest,0,2021-11-30T00:00:00+00:00,QQQ,0,-0.002273402439149419,0.482690960355434
random_forest,0,2021-11-30T00:00:00+00:00,SPY,1,0.013264880621924657,0.5595827001515854
random_forest,0,2021-12-01T00:00:00+00:00,AAPL,1,0.09966320588972244,0.3987012859485287
random_forest,0,2021-12-01T00:00:00+00:00,MSFT,1,0.010420351167805153,0.5388982778272638
random_forest,0,2021-12-01T00:00:00+00:00,QQQ,1,0.03046705001376715,0.5056891309960678
random_forest,0,2021-12-01T00:00:00+00:00,SPY,1,0.03657337271564409,0.6022995711826011
random_forest,0,2021-12-02T00:00:00+00:00,AAPL,1,0.06608900243019078,0.41508742380985036
random_forest,0,2021-12-02T00:00:00+00:00,MSFT,1,0.006990473513925011,0.5120992001688112
random_forest,0,2021-12-02T00:00:00+00:00,QQQ,1,0.011544878619961452,0.5129407186058695
random_forest,0,2021-12-02T00:00:00+00:00,SPY,1,0.01986727377746611,0.5436131789392238
random_forest,0,2021-12-03T00:00:00+00:00,AAPL,1,0.10023810136744671,0.5958768141580641
random_forest,0,2021-12-03T00:00:00+00:00,MSFT,1,0.04954268921757499,0.502290478457516
random_forest,0,2021-12-03T00:00:00+00:00,QQQ,1,0.035384894278698065,0.6100139706193789
random_forest,0,2021-12-03T00:00:00+00:00,SPY,1,0.028764917950548252,0.586381064138175
random_forest,0,2021-12-06T00:00:00+00:00,AAPL,1,0.03442082096973542,0.49295492089609744
random_forest,0,2021-12-06T00:00:00+00:00,MSFT,1,0.00275665990307683,0.5159704963562841
random_forest,0,2021-12-06T00:00:00+00:00,QQQ,0,-0.01654776136157654,0.5536453949870651
random_forest,0,2021-12-06T00:00:00+00:00,SPY,0,-0.004834587246260402,0.5453833231128606
random_forest,0,2021-12-07T00:00:00+00:00,AAPL,1,0.01527985280051225,0.41739531863153195
random_forest,0,2021-12-07T00:00:00+00:00,MSFT,0,-0.02193980220150371,0.47798566052218333
random_forest,0,2021-12-07T00:00:00+00:00,QQQ,0,-0.027639258988828797,0.36197962753835455
random_forest,0,2021-12-07T00:00:00+00:00,SPY,0,-0.01324086738941932,0.5542315622114382
random_forest,0,2021-12-08T00:00:00+00:00,AAPL,1,0.022936343553801475,0.5720086597430346
random_forest,0,2021-12-08T00:00:00+00:00,MSFT,1,0.001881593764596845,0.5681268578235492
random_forest,0,2021-12-08T00:00:00+00:00,QQQ,0,-0.0027747922808464276,0.5156557591713842
random_forest,0,2021-12-08T00:00:00+00:00,SPY,1,0.007424608042662539,0.687720987652054
random_forest,0,2021-12-09T00:00:00+00:00,AAPL,0,-0.032073026595472065,0.6311293924621127
random_forest,0,2021-12-09T00:00:00+00:00,MSFT,0,-0.044006176129193664,0.5647646678978917
random_forest,0,2021-12-09T00:00:00+00:00,QQQ,0,-0.03543936514678947,0.5166562398675888
random_forest,0,2021-12-09T00:00:00+00:00,SPY,0,-0.014883696790385592,0.6107659874847374
random_forest,0,2021-12-10T00:00:00+00:00,AAPL,0,-0.07274852667774068,0.6518277688406363
random_forest,0,2021-12-10T00:00:00+00:00,MSFT,0,-0.06243227107992355,0.6286707234651314
random_forest,0,2021-12-10T00:00:00+00:00,QQQ,0,-0.04699611417377225,0.6195283622627374
random_forest,0,2021-12-10T00:00:00+00:00,SPY,0,-0.031954239253791594,0.486587587249352
random_forest,0,2021-12-13T00:00:00+00:00,AAPL,0,-0.023011475287155858,0.695329931506402
random_forest,0,2021-12-13T00:00:00+00:00,MSFT,0,-0.03173831135263627,0.5543841967876897
random_forest,0,2021-12-13T00:00:00+00:00,QQQ,0,-0.009108689631295186,0.5360251717237013
random_forest,0,2021-12-13T00:00:00+00:00,SPY,0,-0.008180566980239723,0.46246793137418135
random_forest,0,2021-12-14T00:00:00+00:00,AAPL,0,-0.013795657900070868,0.6458038672928377
random_forest,0,2021-12-14T00:00:00+00:00,MSFT,0,-0.0029393850617878137,0.5614757042439416
random_forest,0,2021-12-14T00:00:00+00:00,QQQ,1,0.0017750010186008414,0.603655430558004
random_forest,0,2021-12-14T00:00:00+00:00,SPY,1,0.0001467203765113112,0.5502922858391609
random_forest,0,2021-12-15T00:00:00+00:00,AAPL,0,-0.02109176502327814,0.6148062650176618
random_forest,0,2021-12-15T00:00:00+00:00,MSFT,0,-0.010797472666383534,0.6153901307026308
random_forest,0,2021-12-15T00:00:00+00:00,QQQ,0,-0.010087296760428854,0.6026239421322143
random_forest,0,2021-12-15T00:00:00+00:00,SPY,0,-0.0065877154136519955,0.47337007814489435
random_forest,0,2021-12-16T00:00:00+00:00,AAPL,1,0.040052828772278115,0.5719939658670791
random_forest,0,2021-12-16T00:00:00+00:00,MSFT,1,0.043348678894632675,0.7192732716629772
random_forest,0,2021-12-16T00:00:00+00:00,QQQ,1,0.03817073787476888,0.5875816978160726
random_forest,0,2021-12-16T00:00:00+00:00,SPY,1,0.020727652329919577,0.5366635539705393
random_forest,0,2021-12-17T00:00:00+00:00,AAPL,1,0.06845753110736008,0.5827968603786132
random_forest,0,2021-12-17T00:00:00+00:00,MSFT,1,0.07003389627345036,0.663004154374607
random_forest,0,2021-12-17T00:00:00+00:00,QQQ,1,0.06328743020583838,0.6625950225546295
random_forest,0,2021-12-17T00:00:00+00:00,SPY,1,0.049035040052365586,0.5467113207462472
random_forest,0,2021-12-20T00:00:00+00:00,AAPL,1,0.04320196901642115,0.5775300332837097
random_forest,0,2021-12-20T00:00:00+00:00,MSFT,1,0.053598893973071604,0.5989643320753034
random_forest,0,2021-12-20T00:00:00+00:00,QQQ,1,0.043997778618473316,0.6438159962296474
random_forest,0,2021-12-20T00:00:00+00:00,SPY,1,0.03797774945290988,0.6070838699698992
random_forest,0,2021-12-21T00:00:00+00:00,AAPL,1,0.0350867674603188,0.6698403868394677
random_forest,0,2021-12-21T00:00:00+00:00,MSFT,1,0.03937532213186401,0.5879548923298922
random_forest,0,2021-12-21T00:00:00+00:00,QQQ,1,0.029873715144932422,0.661340427208026
random_forest,0,2021-12-21T00:00:00+00:00,SPY,1,0.030651264488180674,0.54861304494117
random_forest,0,2021-12-22T00:00:00+00:00,AAPL,1,0.010714602538386853,0.6135710810517316
random_forest,0,2021-12-22T00:00:00+00:00,MSFT,1,0.015277951546687873,0.5400473892937129
random_forest,0,2021-12-22T00:00:00+00:00,QQQ,1,0.011542805292243496,0.6785290016356191
random_forest,0,2021-12-22T00:00:00+00:00,SPY,1,0.012671454585807096,0.6045909360247596
random_forest,0,2021-12-23T00:00:00+00:00,AAPL,1,0.002172337132253288,0.6151064733608755
random_forest,0,2021-12-23T00:00:00+00:00,MSFT,0,-0.002325246377998913,0.5855950290572004
random_forest,0,2021-12-23T00:00:00+00:00,QQQ,1,6.82200940871347e-06,0.6100010717427997
random_forest,0,2021-12-23T00:00:00+00:00,SPY,1,0.0069658852567069385,0.3534357824569222
random_forest,0,2021-12-27T00:00:00+00:00,AAPL,1,0.011684780867620592,0.6729980324006057
random_forest,0,2021-12-27T00:00:00+00:00,MSFT,0,-0.026195570478590557,0.5632439042779118
random_forest,0,2021-12-27T00:00:00+00:00,QQQ,0,-0.0073285993458229726,0.37183269243011896
random_forest,0,2021-12-27T00:00:00+00:00,SPY,1,0.0011357368053830363,0.40921036173793546
random_forest,0,2021-12-28T00:00:00+00:00,AAPL,0,-0.00044008148548158044,0.5898353266476813
random_forest,0,2021-12-28T00:00:00+00:00,MSFT,0,-0.04714627475414179,0.4552544682645784
random_forest,0,2021-12-28T00:00:00+00:00,QQQ,0,-0.019411834975973874,0.4620140087649278
random_forest,0,2021-12-28T00:00:00+00:00,SPY,0,-0.0016212788251864785,0.3783863185425687
random_forest,0,2021-12-29T00:00:00+00:00,AAPL,0,-0.03964482860169005,0.531684115221509
random_forest,0,2021-12-29T00:00:00+00:00,MSFT,0,-0.08594570444086536,0.40600486727324975
random_forest,0,2021-12-29T00:00:00+00:00,QQQ,0,-0.04902231743528451,0.5381931436618936
random_forest,0,2021-12-29T00:00:00+00:00,SPY,0,-0.02296328386938551,0.48643510135697643
random_forest,0,2021-12-30T00:00:00+00:00,AAPL,0,-0.031138476180451735,0.4976652529455838
random_forest,0,2021-12-30T00:00:00+00:00,MSFT,0,-0.07381696761988754,0.49583599560162056
random_forest,0,2021-12-30T00:00:00+00:00,QQQ,0,-0.04102817378023493,0.5785694779077134
random_forest,0,2021-12-30T00:00:00+00:00,SPY,0,-0.01813346192898424,0.6067523969086469
random_forest,0,2021-12-31T00:00:00+00:00,AAPL,0,-0.051103988237409026,0.49569192001346607
random_forest,0,2021-12-31T00:00:00+00:00,MSFT,0,-0.07895746567559159,0.5699907282260226
random_forest,0,2021-12-31T00:00:00+00:00,QQQ,0,-0.06259605190307238,0.5531980244020687
random_forest,0,2021-12-31T00:00:00+00:00,SPY,0,-0.03049431878202047,0.6534879494484271
random_forest,0,2022-01-03T00:00:00+00:00,AAPL,0,-0.05833813432167667,0.5876102002572592
random_forest,0,2022-01-03T00:00:00+00:00,MSFT,0,-0.06593227498712861,0.5754126320660766
random_forest,0,2022-01-03T00:00:00+00:00,QQQ,0,-0.058765985223512285,0.6505836437867686
random_forest,0,2022-01-03T00:00:00+00:00,SPY,0,-0.031132890346348807,0.6071633416624225
random_forest,0,2022-01-04T00:00:00+00:00,AAPL,0,-0.021390141894533032,0.5650170245453718
random_forest,0,2022-01-04T00:00:00+00:00,MSFT,0,-0.02095600697048461,0.47818982845177693
random_forest,0,2022-01-04T00:00:00+00:00,QQQ,0,-0.017875440192736458,0.5398933756194785
random_forest,0,2022-01-04T00:00:00+00:00,SPY,0,-0.013648138446529012,0.640863831542769
random_forest,0,2022-01-05T00:00:00+00:00,AAPL,1,0.015800863181615554,0.7149061875624374
random_forest,0,2022-01-05T00:00:00+00:00,MSFT,1,0.021331005594573016,0.6105314380268423
random_forest,0,2022-01-05T00:00:00+00:00,QQQ,1,0.014573596526416432,0.5208884212193038
random_forest,0,2022-01-05T00:00:00+00:00,SPY,1,0.007173825424982683,0.6223259165262841
random_forest,0,2022-01-06T00:00:00+00:00,AAPL,0,-0.010945097850228236,0.7208179667554664
random_forest,0,2022-01-06T00:00:00+00:00,MSFT,0,-0.033448284283888574,0.5651448447815516
random_forest,0,2022-01-06T00:00:00+00:00,QQQ,0,-0.025282659326470114,0.5879857887210826
random_forest,0,2022-01-06T00:00:00+00:00,SPY,0,-0.016415096851818745,0.672849817665994
random_forest,0,2022-01-07T00:00:00+00:00,AAPL,1,0.012345162957784206,0.7772900883838382
random_forest,0,2022-01-07T00:00:00+00:00,MSFT,0,-0.01947573103777589,0.48342682942165316
random_forest,0,2022-01-07T00:00:00+00:00,QQQ,0,-0.004074904944798341,0.5484154397481602
random_forest,0,2022-01-07T00:00:00+00:00,SPY,0,-0.00838239087631909,0.5844145958208455
random_forest,0,2022-01-10T00:00:00+00:00,AAPL,0,-0.015434366301584568,0.6885905847624595
random_forest,0,2022-01-10T00:00:00+00:00,MSFT,0,-0.024577254558191486,0.5967428176183982
random_forest,0,2022-01-10T00:00:00+00:00,QQQ,0,-0.020965670220634114,0.4984516982630372
random_forest,0,2022-01-10T00:00:00+00:00,SPY,0,-0.017228740926267028,0.5597085333987907
random_forest,0,2022-01-11T00:00:00+00:00,AAPL,0,-0.05379075703345171,0.709164151820402
random_forest,0,2022-01-11T00:00:00+00:00,MSFT,0,-0.0350910217064323,0.5678629280237738
random_forest,0,2022-01-11T00:00:00+00:00,QQQ,0,-0.04996338568028447,0.4615361435949671
random_forest,0,2022-01-11T00:00:00+00:00,SPY,0,-0.039751736907374435,0.6439514631610221
random_forest,0,2022-01-12T00:00:00+00:00,AAPL,0,-0.0664949694439596,0.6208146760038209
random_forest,0,2022-01-12T00:00:00+00:00,MSFT,0,-0.057368435570502974,0.6372762975382462
random_forest,0,2022-01-12T00:00:00+00:00,QQQ,0,-0.07721317256214799,0.534189376047929
random_forest,0,2022-01-12T00:00:00+00:00,SPY,0,-0.05828217414010872,0.6828346785975461
random_forest,0,2022-01-13T00:00:00+00:00,AAPL,0,-0.06793350482982807,0.7453380008149744
random_forest,0,2022-01-13T00:00:00+00:00,MSFT,0,-0.041524731790032576,0.7210158183319951
random_forest,0,2022-01-13T00:00:00+00:00,QQQ,0,-0.0795882332253166,0.658259646807441
random_forest,0,2022-01-13T00:00:00+00:00,SPY,0,-0.0650993310002006,0.6820388965609555
random_forest,0,2022-01-14T00:00:00+00:00,AAPL,0,-0.07490910898316816,0.7030206500693147
random_forest,0,2022-01-14T00:00:00+00:00,MSFT,0,-0.04318864172109338,0.5849288642429123
random_forest,0,2022-01-14T00:00:00+00:00,QQQ,0,-0.07502572537039853,0.5559823754676696
random_forest,0,2022-01-14T00:00:00+00:00,SPY,0,-0.05991489609410827,0.561426939073998
random_forest,0,2022-01-18T00:00:00+00:00,AAPL,0,-0.04015707092078746,0.815909569903136
random_forest,0,2022-01-18T00:00:00+00:00,MSFT,1,0.0035414385240621904,0.6285232807429499
random_forest,0,2022-01-18T00:00:00+00:00,QQQ,0,-0.053594241698520784,0.612652546300234
random_forest,0,2022-01-18T00:00:00+00:00,SPY,0,-0.03992450851819651,0.7115748895712131
random_forest,0,2022-01-19T00:00:00+00:00,AAPL,0,-0.02907268656596751,0.6853910346189759
random_forest,0,2022-01-19T00:00:00+00:00,MSFT,0,-0.022695934264821638,0.6237385058074881
random_forest,0,2022-01-19T00:00:00+00:00,QQQ,0,-0.05702745712641921,0.5863809606662259
random_forest,0,2022-01-19T00:00:00+00:00,SPY,0,-0.0360674276228089,0.5139560759319368
random_forest,0,2022-01-20T00:00:00+00:00,AAPL,1,0.005831998956186135,0.6810238699209288
random_forest,0,2022-01-20T00:00:00+00:00,MSFT,0,-0.010108679368979412,0.7607250752021457
random_forest,0,2022-01-20T00:00:00+00:00,QQQ,0,-0.04764063056633383,0.5781942857999844
random_forest,0,2022-01-20T00:00:00+00:00,SPY,0,-0.030847571033902788,0.4207347047785803
random_forest,0,2022-01-21T00:00:00+00:00,AAPL,1,0.06124241857220292,0.5881644254438373
random_forest,0,2022-01-21T00:00:00+00:00,MSFT,1,0.05521160926201807,0.6769100170662672
random_forest,0,2022-01-21T00:00:00+00:00,QQQ,1,0.01903503309235699,0.5816646708447213
random_forest,0,2022-01-21T00:00:00+00:00,SPY,1,0.019277356835153414,0.46382565047933666
random_forest,0,2022-01-24T00:00:00+00:00,AAPL,1,0.09235342889545906,0.6366984751359751
random_forest,0,2022-01-24T00:00:00+00:00,MSFT,1,0.06267078745697052,0.6257313758223202
random_forest,0,2022-01-24T00:00:00+00:00,QQQ,1,0.049130139658985605,0.5193348489101199
random_forest,0,2022-01-24T00:00:00+00:00,SPY,1,0.0386079428492796,0.4115668155642517
random_forest,0,2022-01-25T00:00:00+00:00,AAPL,1,0.06667182861094068,0.5713254402868376
random_forest,0,2022-01-25T00:00:00+00:00,MSFT,1,0.003316103619972921,0.6222110379085997
random_forest,0,2022-01-25T00:00:00+00:00,QQQ,1,0.0456524851168012,0.5318633440755152
random_forest,0,2022-01-25T00:00:00+00:00,SPY,1,0.03147102751253028,0.5729701162378215
random_forest,0,2022-01-26T00:00:00+00:00,AAPL,1,0.07190771236724824,0.5567783666496902
random_forest,0,2022-01-26T00:00:00+00:00,MSFT,1,0.02052317874135068,0.6227575093572578
random_forest,0,2022-01-26T00:00:00+00:00,QQQ,1,0.024080223904476394,0.49346859646201746
random_forest,0,2022-01-26T00:00:00+00:00,SPY,1,0.026899370646293663,0.5524877762953422
random_forest,0,2022-01-27T00:00:00+00:00,AAPL,1,0.03527422201862174,0.5349465959897944
random_forest,0,2022-01-27T00:00:00+00:00,MSFT,0,-0.0020648732159956884,0.7917737106804443
random_forest,0,2022-01-27T00:00:00+00:00,QQQ,1,0.030150498609143872,0.5410411573076046
random_forest,0,2022-01-27T00:00:00+00:00,SPY,1,0.02953282303432947,0.5863267785491085
random_forest,0,2022-01-28T00:00:00+00:00,AAPL,1,0.015129358506183133,0.6111326087107336
random_forest,0,2022-01-28T00:00:00+00:00,MSFT,0,-0.01097865574308965,0.8396121637757668
random_forest,0,2022-01-28T00:00:00+00:00,QQQ,1,0.01331631745131645,0.5252855338783164
random_forest,0,2022-01-28T00:00:00+00:00,SPY,1,0.01670698954622174,0.43118687531830907
random_forest,1,2022-01-31T00:00:00+00:00,AAPL,0,-0.013819432377187635,0.5732029525825482
random_forest,1,2022-01-31T00:00:00+00:00,MSFT,0,-0.03144860842721653,0.6759878698711419
random_forest,1,2022-01-31T00:00:00+00:00,QQQ,0,-0.03067039461145238,0.7445195837659073
random_forest,1,2022-01-31T00:00:00+00:00,SPY,0,-0.01074500512860932,0.5734805559024309
random_forest,1,2022-02-01T00:00:00+00:00,AAPL,1,0.0067073118961440414,0.5813927989955952
random_forest,1,2022-02-01T00:00:00+00:00,MSFT,0,-0.0012243405357298398,0.6882771568709067
random_forest,1,2022-02-01T00:00:00+00:00,QQQ,0,-0.018192180216276332,0.735183046120546
random_forest,1,2022-02-01T00:00:00+00:00,SPY,0,-0.0026114928499554324,0.6181470816764937
random_forest,1,2022-02-02T00:00:00+00:00,AAPL,0,-0.002673894408190436,0.43251913884726384
random_forest,1,2022-02-02T00:00:00+00:00,MSFT,0,-0.01957214534643037,0.7068388821146173
random_forest,1,2022-02-02T00:00:00+00:00,QQQ,1,0.0007577761418737783,0.6676379268199123
random_forest,1,2022-02-02T00:00:00+00:00,SPY,0,-0.001134719708284937,0.5272951614357865
random_forest,1,2022-02-03T00:00:00+00:00,AAPL,1,0.001780317888413041,0.5012585030101476
random_forest,1,2022-02-03T00:00:00+00:00,MSFT,1,0.007908457515936718,0.5679693223443223
random_forest,1,2022-02-03T00:00:00+00:00,QQQ,1,0.010262791322429798,0.5813109179423519
random_forest,1,2022-02-03T00:00:00+00:00,SPY,1,0.004843805067578311,0.4909696864614145
random_forest,1,2022-02-04T00:00:00+00:00,AAPL,0,-0.03369421136208961,0.6463448795893648
random_forest,1,2022-02-04T00:00:00+00:00,MSFT,0,-0.04241729369391234,0.5243751739477844
random_forest,1,2022-02-04T00:00:00+00:00,QQQ,0,-0.03575427350663363,0.6240021855187299
random_forest,1,2022-02-04T00:00:00+00:00,SPY,0,-0.023289596881871044,0.5892366043882585
random_forest,1,2022-02-07T00:00:00+00:00,AAPL,0,-0.006414857305123367,0.6387128193658766
random_forest,1,2022-02-07T00:00:00+00:00,MSFT,0,-0.006105722114231327,0.48842694631757144
random_forest,1,2022-02-07T00:00:00+00:00,QQQ,0,-0.0049585917218777364,0.5684329799081638
random_forest,1,2022-02-07T00:00:00+00:00,SPY,0,-0.008700052552046755,0.5057335138309403
random_forest,1,2022-02-08T00:00:00+00:00,AAPL,0,-0.025807026541468492,0.5725764849937646
random_forest,1,2022-02-08T00:00:00+00:00,MSFT,0,-0.037049331305041844,0.5187603108696857
random_forest,1,2022-02-08T00:00:00+00:00,QQQ,0,-0.029269266521674275,0.5889254929098676
random_forest,1,2022-02-08T00:00:00+00:00,SPY,0,-0.02674976215105307,0.586116911581066
random_forest,1,2022-02-09T00:00:00+00:00,AAPL,0,-0.01982134079953146,0.4963308556231352
random_forest,1,2022-02-09T00:00:00+00:00,MSFT,0,-0.025196128101055426,0.66005354020979
random_forest,1,2022-02-09T00:00:00+00:00,QQQ,0,-0.020818559079874066,0.7079527677183928
random_forest,1,2022-02-09T00:00:00+00:00,SPY,0,-0.01995291076381467,0.6051850845233198
random_forest,1,2022-02-10T00:00:00+00:00,AAPL,0,-0.016534001382867647,0.5578994948066637
random_forest,1,2022-02-10T00:00:00+00:00,MSFT,0,-0.033380925243537196,0.540123340201465
random_forest,1,2022-02-10T00:00:00+00:00,QQQ,0,-0.035466332722270844,0.6906720572115791
random_forest,1,2022-02-10T00:00:00+00:00,SPY,0,-0.028824165748926323,0.5891697110079462
random_forest,1,2022-02-11T00:00:00+00:00,AAPL,0,-0.01624927674268284,0.5656089723185314
random_forest,1,2022-02-11T00:00:00+00:00,MSFT,0,-0.02978960392193053,0.4039678724053727
random_forest,1,2022-02-11T00:00:00+00:00,QQQ,0,-0.025040748315109163,0.5218883246043171
random_forest,1,2022-02-11T00:00:00+00:00,SPY,0,-0.02021475736592604,0.549227585119129
random_forest,1,2022-02-14T00:00:00+00:00,AAPL,0,-0.03369453504510456,0.5682150218041764
random_forest,1,2022-02-14T00:00:00+00:00,MSFT,0,-0.03270220581700012,0.4435333635662583
random_forest,1,2022-02-14T00:00:00+00:00,QQQ,0,-0.03477378103457951,0.5019763483044734
random_forest,1,2022-02-14T00:00:00+00:00,SPY,0,-0.026895887851087985,0.6947281389974405
random_forest,1,2022-02-15T00:00:00+00:00,AAPL,0,-0.11390662893099934,0.73242833874824
random_forest,1,2022-02-15T00:00:00+00:00,MSFT,0,-0.08849571197606887,0.6170029321920767
random_forest,1,2022-02-15T00:00:00+00:00,QQQ,0,-0.10066436459093064,0.5426463232437497
random_forest,1,2022-02-15T00:00:00+00:00,SPY,0,-0.0759832207035287,0.7025293721801078
random_forest,1,2022-02-16T00:00:00+00:00,AAPL,0,-0.043953525503256596,0.6754220897888663
random_forest,1,2022-02-16T00:00:00+00:00,MSFT,0,-0.006106282970707921,0.4523772061272064
random_forest,1,2022-02-16T00:00:00+00:00,QQQ,0,-0.0343366951208518,0.49089138649340863
random_forest,1,2022-02-16T00:00:00+00:00,SPY,0,-0.03264386748431136,0.5487749734946428
random_forest,1,2022-02-17T00:00:00+00:00,AAPL,0,-0.04172551598975316,0.6357883731872703
random_forest,1,2022-02-17T00:00:00+00:00,MSFT,1,0.0022932879099606396,0.4327708402708404
random_forest,1,2022-02-17T00:00:00+00:00,QQQ,0,-0.01323374625965068,0.5004252431596183
random_forest,1,2022-02-17T00:00:00+00:00,SPY,0,-0.014092659669297292,0.699731483793984
random_forest,1,2022-02-18T00:00:00+00:00,AAPL,0,-0.0036920626832882553,0.5601884395220792
random_forest,1,2022-02-18T00:00:00+00:00,MSFT,1,0.03792207190531216,0.6733985316154432
random_forest,1,2022-02-18T00:00:00+00:00,QQQ,1,0.019407334959735456,0.6238491369741369
random_forest,1,2022-02-18T00:00:00+00:00,SPY,1,0.005280839782726865,0.6841660647359178
random_forest,1,2022-02-22T00:00:00+00:00,AAPL,0,-0.008931192480045036,0.6578943161617791
random_forest,1,2022-02-22T00:00:00+00:00,MSFT,1,0.015817376209065648,0.6610499651492298
random_forest,1,2022-02-22T00:00:00+00:00,QQQ,1,0.003148395895365752,0.705495809337721
random_forest,1,2022-02-22T00:00:00+00:00,SPY,0,-0.0026668600231027906,0.6263630405542174
random_forest,1,2022-02-23T00:00:00+00:00,AAPL,1,0.10193598777587987,0.5923919422081185
random_forest,1,2022-02-23T00:00:00+00:00,MSFT,1,0.10926141887514063,0.730505333106436
random_forest,1,2022-02-23T00:00:00+00:00,QQQ,1,0.09531671325313318,0.7667700788794538
random_forest,1,2022-02-23T00:00:00+00:00,SPY,1,0.06951000724648848,0.6172406438536956
random_forest,1,2022-02-24T00:00:00+00:00,AAPL,1,0.001961422420694081,0.44268197233730333
random_forest,1,2022-02-24T00:00:00+00:00,MSFT,0,-0.004872196620030578,0.5793470938783439
random_forest,1,2022-02-24T00:00:00+00:00,QQQ,0,-0.006296567449806445,0.5344456411643914
random_forest,1,2022-02-24T00:00:00+00:00,SPY,1,0.002973143871557893,0.5349822404923509
random_forest,1,2022-02-25T00:00:00+00:00,AAPL,0,-0.00016168876870259474,0.48443379639151696
random_forest,1,2022-02-25T00:00:00+00:00,MSFT,0,-0.0215979004707324,0.45769682574370096
random_forest,1,2022-02-25T00:00:00+00:00,QQQ,0,-0.017207848869237097,0.5856846452158954
random_forest,1,2022-02-25T00:00:00+00:00,SPY,0,-0.0031070394947889657,0.5917347088165102
random_forest,1,2022-02-28T00:00:00+00:00,AAPL,0,-0.03762769539094457,0.553414763341234
random_forest,1,2022-02-28T00:00:00+00:00,MSFT,0,-0.06462559178664096,0.4140875183843936
random_forest,1,2022-02-28T00:00:00+00:00,QQQ,0,-0.06463450652140723,0.4868855883699636
random_forest,1,2022-02-28T00:00:00+00:00,SPY,0,-0.03737206567260731,0.6222714315912846
random_forest,1,2022-03-01T00:00:00+00:00,AAPL,0,-0.019664328230670547,0.630006694184084
random_forest,1,2022-03-01T00:00:00+00:00,MSFT,0,-0.0422750115661511,0.4814102773247996
random_forest,1,2022-03-01T00:00:00+00:00,QQQ,0,-0.03495670291940001,0.618751474220224
random_forest,1,2022-03-01T00:00:00+00:00,SPY,0,-0.018686253127450536,0.6488019676724204
random_forest,1,2022-03-02T00:00:00+00:00,AAPL,0,-0.05098892543317746,0.6263484575065458
random_forest,1,2022-03-02T00:00:00+00:00,MSFT,0,-0.0674682640620411,0.5134624301352242
random_forest,1,2022-03-02T00:00:00+00:00,QQQ,0,-0.05649951778427653,0.5219401508418055
random_forest,1,2022-03-02T00:00:00+00:00,SPY,0,-0.04266859450599203,0.5907347171823272
random_forest,1,2022-03-03T00:00:00+00:00,AAPL,0,-0.0357320941775896,0.7629645961677213
random_forest,1,2022-03-03T00:00:00+00:00,MSFT,0,-0.02346452052378334,0.5472373893467642
random_forest,1,2022-03-03T00:00:00+00:00,QQQ,0,-0.018208169252316386,0.5920544335158306
random_forest,1,2022-03-03T00:00:00+00:00,SPY,0,-0.010388799545812621,0.665015047248503
random_forest,1,2022-03-04T00:00:00+00:00,AAPL,0,-0.0747587748939249,0.6557997845002005
random_forest,1,2022-03-04T00:00:00+00:00,MSFT,0,-0.03032672916430368,0.339640773340222
random_forest,1,2022-03-04T00:00:00+00:00,QQQ,0,-0.04389565327760814,0.4752722629698735
random_forest,1,2022-03-04T00:00:00+00:00,SPY,0,-0.026650119921861837,0.5389724450386215
random_forest,1,2022-03-07T00:00:00+00:00,AAPL,0,-0.05176604597072476,0.5925885399322901
random_forest,1,2022-03-07T00:00:00+00:00,MSFT,1,0.007162737123797669,0.5960818608474859
random_forest,1,2022-03-07T00:00:00+00:00,QQQ,0,-0.011760925359995511,0.6042186372655124
random_forest,1,2022-03-07T00:00:00+00:00,SPY,0,-0.0016414326042925032,0.4242842951574569
random_forest,1,2022-03-08T00:00:00+00:00,AAPL,0,-0.029376860563984697,0.7345737769175267
random_forest,1,2022-03-08T00:00:00+00:00,MSFT,1,0.017966334676834617,0.7579960557212393
random_forest,1,2022-03-08T00:00:00+00:00,QQQ,0,-0.0007344289486813649,0.7613988942022029
random_forest,1,2022-03-08T00:00:00+00:00,SPY,1,0.009152408676705637,0.7438469169719168
random_forest,1,2022-03-09T00:00:00+00:00,AAPL,0,-0.011903211445075668,0.6138952601728335
random_forest,1,2022-03-09T00:00:00+00:00,MSFT,1,0.03421652125053898,0.46556962135087143
random_forest,1,2022-03-09T00:00:00+00:00,QQQ,1,0.02077831521786644,0.5494297920217037
random_forest,1,2022-03-09T00:00:00+00:00,SPY,1,0.02414974130149261,0.5649550276112776
random_forest,1,2022-03-10T00:00:00+00:00,AAPL,1,0.007923911023834274,0.5707969297859007
random_forest,1,2022-03-10T00:00:00+00:00,MSFT,1,0.023683165901253744,0.4445374417249418
random_forest,1,2022-03-10T00:00:00+00:00,QQQ,1,0.023136834476046753,0.43177629457960337
random_forest,1,2022-03-10T00:00:00+00:00,SPY,1,0.02420563591355651,0.49071523962148983
random_forest,1,2022-03-11T00:00:00+00:00,AAPL,1,0.07747312943684892,0.7678980828199579
random_forest,1,2022-03-11T00:00:00+00:00,MSFT,1,0.06403955174495568,0.5925450790018807
random_forest,1,2022-03-11T00:00:00+00:00,QQQ,1,0.08294606151454786,0.729581020490947
random_forest,1,2022-03-11T00:00:00+00:00,SPY,1,0.056879123409013355,0.646926146769897
random_forest,1,2022-03-14T00:00:00+00:00,AAPL,1,0.09462748725191394,0.7071666874791874
random_forest,1,2022-03-14T00:00:00+00:00,MSFT,1,0.06724097835892917,0.6015310123903874
random_forest,1,2022-03-14T00:00:00+00:00,QQQ,1,0.09175403615640998,0.7341534854034854
random_forest,1,2022-03-14T00:00:00+00:00,SPY,1,0.06332400344911981,0.6108472950660453
random_forest,1,2022-03-15T00:00:00+00:00,AAPL,1,0.06752202925441075,0.7286794169882401
random_forest,1,2022-03-15T00:00:00+00:00,MSFT,1,0.0373546130739264,0.4527460958159488
random_forest,1,2022-03-15T00:00:00+00:00,QQQ,1,0.06493503740092632,0.6058551548533165
random_forest,1,2022-03-15T00:00:00+00:00,SPY,1,0.040737512310540014,0.5267607164399928
random_forest,1,2022-03-16T00:00:00+00:00,AAPL,1,0.0763396247050907,0.6676255408194745
random_forest,1,2022-03-16T00:00:00+00:00,MSFT,1,0.0179084214726537,0.4691481175074924
random_forest,1,2022-03-16T00:00:00+00:00,QQQ,1,0.044801826751881935,0.5276277455183704
random_forest,1,2022-03-16T00:00:00+00:00,SPY,1,0.02961690046634957,0.4072551151871006
random_forest,1,2022-03-17T00:00:00+00:00,AAPL,1,0.08113235669927499,0.6785092078060827
random_forest,1,2022-03-17T00:00:00+00:00,MSFT,1,0.03131702274790449,0.4993306086274837
random_forest,1,2022-03-17T00:00:00+00:00,QQQ,1,0.04836083291800719,0.6369997537185036
random_forest,1,2022-03-17T00:00:00+00:00,SPY,1,0.027987660974414075,0.5027689707147428
random_forest,1,2022-03-18T00:00:00+00:00,AAPL,1,0.050859317232693435,0.649687049062049
random_forest,1,2022-03-18T00:00:00+00:00,MSFT,1,0.016166335572959545,0.4480152226245976
random_forest,1,2022-03-18T00:00:00+00:00,QQQ,1,0.024049386587810417,0.6069837591942372
random_forest,1,2022-03-18T00:00:00+00:00,SPY,1,0.015341288074407489,0.6093939220501722
random_forest,1,2022-03-21T00:00:00+00:00,AAPL,1,0.06541584348372353,0.517403030996781
random_forest,1,2022-03-21T00:00:00+00:00,MSFT,1,0.04497269239340973,0.47570922133422144
random_forest,1,2022-03-21T00:00:00+00:00,QQQ,1,0.05012401551333889,0.5664614898989898
random_forest,1,2022-03-21T00:00:00+00:00,SPY,1,0.029697368471454988,0.6796958163364413
random_forest,1,2022-03-22T00:00:00+00:00,AAPL,1,0.06073760973026143,0.31056369845432347
random_forest,1,2022-03-22T00:00:00+00:00,MSFT,1,0.042005458434394516,0.40297235903394
random_forest,1,2022-03-22T00:00:00+00:00,QQQ,1,0.041050309002669705,0.4836554208658986
random_forest,1,2022-03-22T00:00:00+00:00,SPY,1,0.027992787325065382,0.6953009403790652
random_forest,1,2022-03-23T00:00:00+00:00,AAPL,1,0.037557930822496255,0.3294359490591109
random_forest,1,2022-03-23T00:00:00+00:00,MSFT,1,0.04724481622430621,0.5230547817174654
random_forest,1,2022-03-23T00:00:00+00:00,QQQ,1,0.03591396993646834,0.573527495788525
random_forest,1,2022-03-23T00:00:00+00:00,SPY,1,0.024745904577750277,0.6244680579836832
random_forest,1,2022-03-24T00:00:00+00:00,AAPL,0,-0.0011370196479973949,0.2739749629455512
random_forest,1,2022-03-24T00:00:00+00:00,MSFT,1,0.011538673032782665,0.496251474220224
random_forest,1,2022-03-24T00:00:00+00:00,QQQ,1,0.006938772633984458,0.5333348152052192
random_forest,1,2022-03-24T00:00:00+00:00,SPY,1,0.0027578326042563273,0.6716130310661559
random_forest,1,2022-03-25T00:00:00+00:00,AAPL,1,0.01191385743060458,0.3367459776742866
random_forest,1,2022-03-25T00:00:00+00:00,MSFT,1,0.0168910439500789,0.5726274199871337
random_forest,1,2022-03-25T00:00:00+00:00,QQQ,1,0.007361365851389801,0.4800307928386972
random_forest,1,2022-03-25T00:00:00+00:00,SPY,1,0.0003643493155949251,0.648331043956044
random_forest,1,2022-03-28T00:00:00+00:00,AAPL,1,0.0025772184448731306,0.3379020249562529
random_forest,1,2022-03-28T00:00:00+00:00,MSFT,0,-0.004032804446556959,0.4099459828366078
random_forest,1,2022-03-28T00:00:00+00:00,QQQ,0,-0.004946937567294252,0.41495900698566146
random_forest,1,2022-03-28T00:00:00+00:00,SPY,0,-0.0124113651888349,0.6139433309745808
random_forest,1,2022-03-29T00:00:00+00:00,AAPL,0,-0.0365971621131852,0.42010758338883336
random_forest,1,2022-03-29T00:00:00+00:00,MSFT,0,-0.029257285330284044,0.3820500072843823
random_forest,1,2022-03-29T00:00:00+00:00,QQQ,0,-0.03883407593376986,0.4498964985178221
random_forest,1,2022-03-29T00:00:00+00:00,SPY,0,-0.031157080253381264,0.5455080178195987
random_forest,1,2022-03-30T00:00:00+00:00,AAPL,0,-0.039485009113961134,0.4383345149915875
random_forest,1,2022-03-30T00:00:00+00:00,MSFT,0,-0.056810287851191354,0.40870246301578544
random_forest,1,2022-03-30T00:00:00+00:00,QQQ,0,-0.04276179645813161,0.45919253489566003
random_forest,1,2022-03-30T00:00:00+00:00,SPY,0,-0.028806952373563677,0.528012519547446
random_forest,1,2022-03-31T00:00:00+00:00,AAPL,0,-0.014901198094875223,0.5261165397102896
random_forest,1,2022-03-31T00:00:00+00:00,MSFT,0,-0.030805256859817387,0.5798100597319347
random_forest,1,2022-03-31T00:00:00+00:00,QQQ,0,-0.03085344271578072,0.6108695557914309
random_forest,1,2022-03-31T00:00:00+00:00,SPY,0,-0.013754404989540392,0.6605627445471196
random_forest,1,2022-04-01T00:00:00+00:00,AAPL,0,-0.03549903052412173,0.5393639605041501
random_forest,1,2022-04-01T00:00:00+00:00,MSFT,0,-0.060895394792383484,0.49131646386701544
random_forest,1,2022-04-01T00:00:00+00:00,QQQ,0,-0.05124993673918932,0.6049526168276167
random_forest,1,2022-04-01T00:00:00+00:00,SPY,0,-0.021864341758403016,0.6053031267139721
random_forest,1,2022-04-04T00:00:00+00:00,AAPL,0,-0.05529991860354344,0.460955182346678
random_forest,1,2022-04-04T00:00:00+00:00,MSFT,0,-0.07855182507945069,0.41821880191317123
random_forest,1,2022-04-04T00:00:00+00:00,QQQ,0,-0.061827607390884776,0.3833218342813449
random_forest,1,2022-04-04T00:00:00+00:00,SPY,0,-0.028613233614669165,0.47833375162419267
random_forest,1,2022-04-05T00:00:00+00:00,AAPL,0,-0.03077540961957781,0.447078701903102
random_forest,1,2022-04-05T00:00:00+00:00,MSFT,0,-0.07544434156489488,0.4242332024593055
random_forest,1,2022-04-05T00:00:00+00:00,QQQ,0,-0.04647484341521091,0.5394682727403316
random_forest,1,2022-04-05T00:00:00+00:00,SPY,0,-0.021784472358293727,0.5708244012931513
random_forest,1,2022-04-06T00:00:00+00:00,AAPL,0,-0.005146394710173086,0.40593338085525604
random_forest,1,2022-04-06T00:00:00+00:00,MSFT,0,-0.03082848653633785,0.4347159697940951
random_forest,1,2022-04-06T00:00:00+00:00,QQQ,0,-0.01843110199884712,0.47635984675047194
random_forest,1,2022-04-06T00:00:00+00:00,SPY,0,-0.006566941446242036,0.45570638339988195
random_forest,1,2022-04-07T00:00:00+00:00,AAPL,0,-0.04766269270108847,0.4041770029076531
random_forest,1,2022-04-07T00:00:00+00:00,MSFT,0,-0.0735165033683467,0.5390424312207399
random_forest,1,2022-04-07T00:00:00+00:00,QQQ,0,-0.04440285260378851,0.532253785140298
random_forest,1,2022-04-07T00:00:00+00:00,SPY,0,-0.026860669747043597,0.5560659969115853
random_forest,1,2022-04-08T00:00:00+00:00,AAPL,0,-0.02382619144493059,0.43244171452472535
random_forest,1,2022-04-08T00:00:00+00:00,MSFT,0,-0.044443321086639176,0.3967388254107004
random_forest,1,2022-04-08T00:00:00+00:00,QQQ,0,-0.021622114747915755,0.42567123848373845
random_forest,1,2022-04-08T00:00:00+00:00,SPY,0,-0.01604299524389119,0.4496698805043426
random_forest,1,2022-04-11T00:00:00+00:00,AAPL,1,0.0023975826854389926,0.5069960533747299
random_forest,1,2022-04-11T00:00:00+00:00,MSFT,0,-0.0014459160124359327,0.5661425665837427
random_forest,1,2022-04-11T00:00:00+00:00,QQQ,1,0.0018408678356585106,0.508113125640699
random_forest,1,2022-04-11T00:00:00+00:00,SPY,1,0.006651416316107994,0.39670473623598623
random_forest,1,2022-04-12T00:00:00+00:00,AAPL,1,0.007064561850459006,0.5225372136033901
random_forest,1,2022-04-12T00:00:00+00:00,MSFT,1,0.01865141629016054,0.38941940871628383
random_forest,1,2022-04-12T00:00:00+00:00,QQQ,1,0.013832300286872767,0.4079848883755134
random_forest,1,2022-04-12T00:00:00+00:00,SPY,1,0.021947951320502312,0.6188894699050952
random_forest,1,2022-04-13T00:00:00+00:00,AAPL,0,-0.026330815036826993,0.5694273493426938
random_forest,1,2022-04-13T00:00:00+00:00,MSFT,0,-0.02420348442104514,0.45648734945609953
random_forest,1,2022-04-13T00:00:00+00:00,QQQ,0,-0.036941368794228824,0.49040253149628166
random_forest,1,2022-04-13T00:00:00+00:00,SPY,0,-0.016937967978899793,0.5786041822760575
random_forest,1,2022-04-14T00:00:00+00:00,AAPL,0,-0.019045298721008685,0.5791222778447042
random_forest,1,2022-04-14T00:00:00+00:00,MSFT,0,-0.022107548850511582,0.4711304927711179
random_forest,1,2022-04-14T00:00:00+00:00,QQQ,0,-0.0422908038271439,0.4231835265429016
random_forest,1,2022-04-14T00:00:00+00:00,SPY,0,-0.032019603741282876,0.5313807281362429
random_forest,1,2022-04-18T00:00:00+00:00,AAPL,0,-0.018750314063394002,0.6348352714483229
random_forest,1,2022-04-18T00:00:00+00:00,MSFT,0,-0.008713794518571127,0.5276798375235876
random_forest,1,2022-04-18T00:00:00+00:00,QQQ,0,-0.03317503119663068,0.5694748654123656
random_forest,1,2022-04-18T00:00:00+00:00,SPY,0,-0.029417699599005753,0.550095468767344
random_forest,1,2022-04-19T00:00:00+00:00,AAPL,0,-0.07798954567168259,0.5034483214906009
random_forest,1,2022-04-19T00:00:00+00:00,MSFT,0,-0.02717200115887397,0.5462767701048952
random_forest,1,2022-04-19T00:00:00+00:00,QQQ,0,-0.08782689773797236,0.4763359123515375
random_forest,1,2022-04-19T00:00:00+00:00,SPY,0,-0.06827556887075403,0.43648192952880444
random_forest,1,2022-04-20T00:00:00+00:00,AAPL,0,-0.0590738883898978,0.5886355056299907
random_forest,1,2022-04-20T00:00:00+00:00,MSFT,0,-0.01372150513545356,0.5778174950049952
random_forest,1,2022-04-20T00:00:00+00:00,QQQ,0,-0.06947794550372588,0.6842727268646386
random_forest,1,2022-04-20T00:00:00+00:00,SPY,0,-0.06040433922566135,0.5499762150635314
random_forest,1,2022-04-21T00:00:00+00:00,AAPL,0,-0.029697162688184675,0.6831161776336409
random_forest,1,2022-04-21T00:00:00+00:00,MSFT,1,0.022555132181702353,0.6812662919188655
random_forest,1,2022-04-21T00:00:00+00:00,QQQ,0,-0.0336714567195211,0.6963138337357088
random_forest,1,2022-04-21T00:00:00+00:00,SPY,0,-0.03242394023483475,0.5824071241258739
random_forest,1,2022-04-22T00:00:00+00:00,AAPL,0,-0.029314240508054756,0.6889260014903397
random_forest,1,2022-04-22T00:00:00+00:00,MSFT,1,0.014142987699760745,0.505577746905872
random_forest,1,2022-04-22T00:00:00+00:00,QQQ,0,-0.03560079527274518,0.5273010476043568
random_forest,1,2022-04-22T00:00:00+00:00,SPY,0,-0.0293230925139224,0.7784600638654432
random_forest,1,2022-04-25T00:00:00+00:00,AAPL,0,-0.027217469613983525,0.7651848968025439
random_forest,1,2022-04-25T00:00:00+00:00,MSFT,1,0.021234728910008105,0.5918126838439338
random_forest,1,2022-04-25T00:00:00+00:00,QQQ,0,-0.029335305340898676,0.5236926907157172
random_forest,1,2022-04-25T00:00:00+00:00,SPY,0,-0.02735636388125884,0.7153593108280609
random_forest,1,2022-04-26T00:00:00+00:00,AAPL,1,0.022070316641871424,0.6750246966118675
random_forest,1,2022-04-26T00:00:00+00:00,MSFT,0,-0.0002646931995929913,0.4297764128232881
random_forest,1,2022-04-26T00:00:00+00:00,QQQ,1,0.0045139702195073905,0.4042723428854428
random_forest,1,2022-04-26T00:00:00+00:00,SPY,0,-0.0023805833880824467,0.4498523035379655
random_forest,1,2022-04-27T00:00:00+00:00,AAPL,1,0.026829785957230845,0.6037375462622173
random_forest,1,2022-04-27T00:00:00+00:00,MSFT,0,-0.0007730492992112925,0.5400340076643769
random_forest,1,2022-04-27T00:00:00+00:00,QQQ,1,0.008296800791913528,0.30482474633209916
random_forest,1,2022-04-27T00:00:00+00:00,SPY,1,0.0033430660590090255,0.42143808754562456
random_forest,1,2022-04-28T00:00:00+00:00,AAPL,0,-0.03653588800350227,0.6419110056610056
random_forest,1,2022-04-28T00:00:00+00:00,MSFT,0,-0.04971776328652289,0.6115990780053279
random_forest,1,2022-04-28T00:00:00+00:00,QQQ,0,-0.0413074004155215,0.3577923291985794
random_forest,1,2022-04-28T00:00:00+00:00,SPY,0,-0.031425314989040776,0.5541655974744212
random_forest,1,2022-04-29T00:00:00+00:00,AAPL,0,-0.011884253698069003,0.6967641897576108
random_forest,1,2022-04-29T00:00:00+00:00,MSFT,0,-0.02948993013893697,0.524484374361019
random_forest,1,2022-04-29T00:00:00+00:00,QQQ,0,-0.03182647228361046,0.3342209577595608
random_forest,1,2022-04-29T00:00:00+00:00,SPY,0,-0.018878678621463973,0.4102614884094665
random_forest,1,2022-05-02T00:00:00+00:00,AAPL,0,-0.01715216373969841,0.7136072347791099
random_forest,1,2022-05-02T00:00:00+00:00,MSFT,0,-0.04512203161173356,0.6072132090744222
random_forest,1,2022-05-02T00:00:00+00:00,QQQ,0,-0.04583468642903488,0.30205107392607405
random_forest,1,2022-05-02T00:00:00+00:00,SPY,0,-0.027296089603359053,0.4418493251030017
random_forest,1,2022-05-03T00:00:00+00:00,AAPL,0,-0.03915334514702096,0.5525199515611667
random_forest,1,2022-05-03T00:00:00+00:00,MSFT,0,-0.061717757384386784,0.5663331337779868
random_forest,1,2022-05-03T00:00:00+00:00,QQQ,0,-0.06722681612814119,0.46233327436452454
random_forest,1,2022-05-03T00:00:00+00:00,SPY,0,-0.04748574223090629,0.4550432221985532
random_forest,1,2022-05-04T00:00:00+00:00,AAPL,0,-0.12911770864983674,0.5102075268481521
random_forest,1,2022-05-04T00:00:00+00:00,MSFT,0,-0.09933763774148552,0.567348163988789
random_forest,1,2022-05-04T00:00:00+00:00,QQQ,0,-0.11776692146546353,0.6073558921674728
random_forest,1,2022-05-04T00:00:00+00:00,SPY,0,-0.08469653253340093,0.4986883775946274
random_forest,1,2022-05-05T00:00:00+00:00,AAPL,0,-0.07505210725049072,0.42195155334861223
random_forest,1,2022-05-05T00:00:00+00:00,MSFT,0,-0.06540593392388583,0.4751909609997845
random_forest,1,2022-05-05T00:00:00+00:00,QQQ,0,-0.05087927666304515,0.5911510951262791
random_forest,1,2022-05-05T00:00:00+00:00,SPY,0,-0.03693179035756522,0.587557537948163
random_forest,1,2022-05-06T00:00:00+00:00,AAPL,0,-0.062420418574476,0.5166294479353207
random_forest,1,2022-05-06T00:00:00+00:00,MSFT,0,-0.03932242291777943,0.5902435467654119
random_forest,1,2022-05-06T00:00:00+00:00,QQQ,0,-0.01294888220503232,0.6656428900960152
random_forest,1,2022-05-06T00:00:00+00:00,SPY,0,-0.014611661559343125,0.6750696989897357
random_forest,1,2022-05-09T00:00:00+00:00,AAPL,0,-0.04473666235938201,0.5768226432472755
random_forest,1,2022-05-09T00:00:00+00:00,MSFT,0,-0.022495244350192456,0.6486471841067429
random_forest,1,2022-05-09T00:00:00+00:00,QQQ,0,-0.0021946850515299765,0.4084697818521347
random_forest,1,2022-05-09T00:00:00+00:00,SPY,1,0.0030353194315972942,0.5218141646955987
random_forest,1,2022-05-10T00:00:00+00:00,AAPL,0,-0.04523397191390188,0.6684137640341683
random_forest,1,2022-05-10T00:00:00+00:00,MSFT,0,-0.00976413684799704,0.579101480117105
random_forest,1,2022-05-10T00:00:00+00:00,QQQ,1,0.008368380354894178,0.4098641406591774
random_forest,1,2022-05-10T00:00:00+00:00,SPY,1,0.01161572834602187,0.3425349803382893
random_forest,1,2022-05-11T00:00:00+00:00,AAPL,0,-0.02219964196833657,0.449163940124418
random_forest,1,2022-05-11T00:00:00+00:00,MSFT,0,-0.014386071377328502,0.6586960379285747
random_forest,1,2022-05-11T00:00:00+00:00,QQQ,1,0.004390076190434744,0.2693361030309559
random_forest,1,2022-05-11T00:00:00+00:00,SPY,0,-0.003920399919785877,0.4079796796340916
random_forest,1,2022-05-12T00:00:00+00:00,AAPL,0,-0.039960583995261256,0.516344884180362
random_forest,1,2022-05-12T00:00:00+00:00,MSFT,0,-0.00010111629856113247,0.5725642030559309
random_forest,1,2022-05-12T00:00:00+00:00,QQQ,0,-0.010738801793990116,0.3613090953164483
random_forest,1,2022-05-12T00:00:00+00:00,SPY,0,-0.010702191983894771,0.36911146451587645
random_forest,1,2022-05-13T00:00:00+00:00,AAPL,0,-0.0552066104861626,0.5458845265233132
random_forest,1,2022-05-13T00:00:00+00:00,MSFT,0,-0.01687389522496463,0.6043363718593496
random_forest,1,2022-05-13T00:00:00+00:00,QQQ,0,-0.036578330582756835,0.4916603535353533
random_forest,1,2022-05-13T00:00:00+00:00,SPY,0,-0.01983842563353977,0.618754648129648
random_forest,1,2022-05-16T00:00:00+00:00,AAPL,0,-0.05596743432410234,0.48703523549571337
random_forest,1,2022-05-16T00:00:00+00:00,MSFT,0,-0.030572793612960725,0.6485252732357509
random_forest,1,2022-05-16T00:00:00+00:00,QQQ,0,-0.05549590477322519,0.5224987685925183
random_forest,1,2022-05-16T00:00:00+00:00,SPY,0,-0.03629341398760566,0.7090457000107733
random_forest,1,2022-05-17T00:00:00+00:00,AAPL,0,-0.05922100275175368,0.5731912843080121
random_forest,1,2022-05-17T00:00:00+00:00,MSFT,0,-0.020440186014678674,0.6413514436951935
random_forest,1,2022-05-17T00:00:00+00:00,QQQ,0,-0.05439033186319686,0.5929601959519236
random_forest,1,2022-05-17T00:00:00+00:00,SPY,0,-0.02967506744903181,0.6994825920607168
random_forest,1,2022-05-18T00:00:00+00:00,AAPL,0,-0.019763600959673444,0.5119501592157842
random_forest,1,2022-05-18T00:00:00+00:00,MSFT,1,0.030901986355648114,0.6086427461427462
random_forest,1,2022-05-18T00:00:00+00:00,QQQ,1,0.001969586812708979,0.5016803386564415
random_forest,1,2022-05-18T00:00:00+00:00,SPY,1,0.02381117875219907,0.7002033643439892
random_forest,1,2022-05-19T00:00:00+00:00,AAPL,1,0.04320592979554139,0.4637606490731492
random_forest,1,2022-05-19T00:00:00+00:00,MSFT,1,0.04160960598500307,0.6466614288489287
random_forest,1,2022-05-19T00:00:00+00:00,QQQ,1,0.030039593921387553,0.5075703279563575
random_forest,1,2022-05-19T00:00:00+00:00,SPY,1,0.03520659359700207,0.6953032384282384
random_forest,1,2022-05-20T00:00:00+00:00,AAPL,1,0.07970238682755015,0.4924749867167148
random_forest,1,2022-05-20T00:00:00+00:00,MSFT,1,0.06456421491539799,0.6811742250804746
random_forest,1,2022-05-20T00:00:00+00:00,QQQ,1,0.0645470608242884,0.5206604669839962
random_forest,1,2022-05-20T00:00:00+00:00,SPY,1,0.05064235243799353,0.7426799007773272
random_forest,1,2022-05-23T00:00:00+00:00,AAPL,1,0.06242785294486164,0.4681312054979334
random_forest,1,2022-05-23T00:00:00+00:00,MSFT,1,0.06498921692252835,0.7406089197771182
random_forest,1,2022-05-23T00:00:00+00:00,QQQ,1,0.07538167890741798,0.6209569209116905
random_forest,1,2022-05-23T00:00:00+00:00,SPY,1,0.05548340216211822,0.7007554684898429
random_forest,1,2022-05-24T00:00:00+00:00,AAPL,1,0.06577082647217036,0.4318158368388147
random_forest,1,2022-05-24T00:00:00+00:00,MSFT,1,0.022397396188982732,0.7444786682615627
random_forest,1,2022-05-24T00:00:00+00:00,QQQ,1,0.06485896792220602,0.6225587520118767
random_forest,1,2022-05-24T00:00:00+00:00,SPY,1,0.04152831990040773,0.5461472845985713
random_forest,1,2022-05-25T00:00:00+00:00,AAPL,1,0.06708245003129099,0.42383459932632717
random_forest,1,2022-05-25T00:00:00+00:00,MSFT,1,0.028596167796206995,0.6068836285242534
random_forest,1,2022-05-25T00:00:00+00:00,QQQ,1,0.06188011642007596,0.538816819414246
random_forest,1,2022-05-25T00:00:00+00:00,SPY,1,0.03237250067434161,0.6316297402556592
random_forest,1,2022-05-26T00:00:00+00:00,AAPL,1,0.009259285656332494,0.4911751698056846
random_forest,1,2022-05-26T00:00:00+00:00,MSFT,1,0.011309609075967009,0.6122759098540347
random_forest,1,2022-05-26T00:00:00+00:00,QQQ,1,0.02508495209495476,0.6191750661511689
random_forest,1,2022-05-26T00:00:00+00:00,SPY,1,0.0148102504962766,0.6293128970702498
random_forest,1,2022-05-27T00:00:00+00:00,AAPL,0,-0.033597813175228364,0.7772687728937726
random_forest,1,2022-05-27T00:00:00+00:00,MSFT,0,-0.023567085116446007,0.7568558438089685
random_forest,1,2022-05-27T00:00:00+00:00,QQQ,0,-0.018982708624073474,0.7846262157980908
random_forest,1,2022-05-27T00:00:00+00:00,SPY,0,-0.015150210277143583,0.6686390172327673
random_forest,1,2022-05-31T00:00:00+00:00,AAPL,0,-0.010786306412852942,0.8023780993312244
random_forest,1,2022-05-31T00:00:00+00:00,MSFT,0,-0.01465433093886459,0.7414875489094238
random_forest,1,2022-05-31T00:00:00+00:00,QQQ,0,-0.006562743011293115,0.7511308569902319
random_forest,1,2022-05-31T00:00:00+00:00,SPY,0,-0.0049787708555655286,0.6625890082140083
random_forest,1,2022-06-01T00:00:00+00:00,AAPL,0,-0.007061276007214956,0.8002624285436785
random_forest,1,2022-06-01T00:00:00+00:00,MSFT,1,0.010568720723650449,0.7315118388555887
random_forest,1,2022-06-01T00:00:00+00:00,QQQ,1,0.001472353838785967,0.7276797585638047
random_forest,1,2022-06-01T00:00:00+00:00,SPY,0,-0.00219312073236555,0.6362325404375039
random_forest,1,2022-06-02T00:00:00+00:00,AAPL,0,-0.0469726722557694,0.8065378718503716
random_forest,1,2022-06-02T00:00:00+00:00,MSFT,0,-0.037921917197912824,0.6920443098568098
random_forest,1,2022-06-02T00:00:00+00:00,QQQ,0,-0.05166712929636608,0.7481359352453103
random_forest,1,2022-06-02T00:00:00+00:00,SPY,0,-0.0443959945119371,0.7245909717325156
random_forest,1,2022-06-03T00:00:00+00:00,AAPL,0,-0.09811255576652178,0.7372371031746032
random_forest,1,2022-06-03T00:00:00+00:00,MSFT,0,-0.10085920789971159,0.6713737289058977
random_forest,1,2022-06-03T00:00:00+00:00,QQQ,0,-0.10155770181692392,0.6868969832251081
random_forest,1,2022-06-03T00:00:00+00:00,SPY,0,-0.08604298533141863,0.6614625455867229
random_forest,1,2022-06-06T00:00:00+00:00,AAPL,0,-0.07957019823921585,0.70902237519425
random_forest,1,2022-06-06T00:00:00+00:00,MSFT,0,-0.0872610245551283,0.6397566062409812
random_forest,1,2022-06-06T00:00:00+00:00,QQQ,0,-0.08789972793444811,0.6842538277694526
random_forest,1,2022-06-06T00:00:00+00:00,SPY,0,-0.07841939481665672,0.6810795367826616
random_forest,1,2022-06-07T00:00:00+00:00,AAPL,0,-0.09798300642534341,0.8452888431013432
random_forest,1,2022-06-07T00:00:00+00:00,MSFT,0,-0.08794705694420535,0.6946683438089687
random_forest,1,2022-06-07T00:00:00+00:00,QQQ,0,-0.0976806878943336,0.7169691159534908
random_forest,1,2022-06-07T00:00:00+00:00,SPY,0,-0.09016988300358686,0.7278014953796206
random_forest,1,2022-06-08T00:00:00+00:00,AAPL,0,-0.10377931732011914,0.8284884126290375
random_forest,1,2022-06-08T00:00:00+00:00,MSFT,0,-0.08324532433085874,0.7029084543928292
random_forest,1,2022-06-08T00:00:00+00:00,QQQ,0,-0.10091405831489397,0.6923659217244744
random_forest,1,2022-06-08T00:00:00+00:00,SPY,0,-0.09666837685587981,0.6419231751328307
random_forest,1,2022-06-09T00:00:00+00:00,AAPL,0,-0.07463542004195256,0.5500389316565787
random_forest,1,2022-06-09T00:00:00+00:00,MSFT,0,-0.06281727168482432,0.520865540709291
random_forest,1,2022-06-09T00:00:00+00:00,QQQ,0,-0.07496620357948625,0.5581444423631925
random_forest,1,2022-06-09T00:00:00+00:00,SPY,0,-0.07223600788455864,0.47456470612720636
random_forest,1,2022-06-10T00:00:00+00:00,AAPL,1,0.002133460234954754,0.6331123477217229
random_forest,1,2022-06-10T00:00:00+00:00,MSFT,1,0.018970922829615322,0.4624559412197281
random_forest,1,2022-06-10T00:00:00+00:00,QQQ,0,-0.003653991484862562,0.44288667929292946
random_forest,1,2022-06-10T00:00:00+00:00,SPY,0,-0.018691029145739058,0.36987543706293724
random_forest,1,2022-06-13T00:00:00+00:00,AAPL,1,0.010445861031834536,0.4404044357399135
random_forest,1,2022-06-13T00:00:00+00:00,MSFT,1,0.030864996763561692,0.7396274523066798
random_forest,1,2022-06-13T00:00:00+00:00,QQQ,1,0.003017487050960277,0.6050769247092773
random_forest,1,2022-06-13T00:00:00+00:00,SPY,0,-0.01425690740433061,0.7598634938386774
random_forest,1,2022-06-14T00:00:00+00:00,AAPL,1,0.01680463275864108,0.5545677489381531
random_forest,1,2022-06-14T00:00:00+00:00,MSFT,1,0.02718113491158114,0.6055743959879989
random_forest,1,2022-06-14T00:00:00+00:00,QQQ,1,0.013482842733229639,0.5667392936924185
random_forest,1,2022-06-14T00:00:00+00:00,SPY,1,0.00040071983668332756,0.43899612540237554
random_forest,1,2022-06-15T00:00:00+00:00,AAPL,1,0.057090008733056585,0.6158969467011746
random_forest,1,2022-06-15T00:00:00+00:00,MSFT,1,0.06222805851102042,0.5859730894105895
random_forest,1,2022-06-15T00:00:00+00:00,QQQ,1,0.044004019471307165,0.6419109776049112
random_forest,1,2022-06-15T00:00:00+00:00,SPY,1,0.03177293898376976,0.4084574606357695
random_forest,1,2022-06-16T00:00:00+00:00,AAPL,1,0.09490946906493947,0.6415397240627017
random_forest,1,2022-06-16T00:00:00+00:00,MSFT,1,0.09388700851720966,0.5979114115051615
random_forest,1,2022-06-16T00:00:00+00:00,QQQ,1,0.08742939894829704,0.5253720498251747
random_forest,1,2022-06-16T00:00:00+00:00,SPY,1,0.06773725470874581,0.4937920550650331
random_forest,1,2022-06-17T00:00:00+00:00,AAPL,1,0.06315391161053885,0.5980294062555089
random_forest,1,2022-06-17T00:00:00+00:00,MSFT,1,0.052715347322960904,0.5870574044011543
random_forest,1,2022-06-17T00:00:00+00:00,QQQ,1,0.04902096300130876,0.4714307480713731
random_forest,1,2022-06-17T00:00:00+00:00,SPY,1,0.04721926056929737,0.431009637829491
random_forest,1,2022-06-21T00:00:00+00:00,AAPL,1,0.017771199124110293,0.6176269910644911
random_forest,1,2022-06-21T00:00:00+00:00,MSFT,1,0.02058571903539308,0.4548857270180801
random_forest,1,2022-06-21T00:00:00+00:00,QQQ,1,0.015488157989670182,0.5483918685481186
random_forest,1,2022-06-21T00:00:00+00:00,SPY,1,0.02657255968228256,0.3858195623820625
random_forest,1,2022-06-22T00:00:00+00:00,AAPL,1,0.0011381644586341277,0.523594062187812
random_forest,1,2022-06-22T00:00:00+00:00,MSFT,1,0.00378137433902781,0.49332798788221605
random_forest,1,2022-06-22T00:00:00+00:00,QQQ,0,-0.010666617313286553,0.5824761870074369
random_forest,1,2022-06-22T00:00:00+00:00,SPY,0,-0.0030580773735237043,0.5289245650183153
random_forest,1,2022-06-23T00:00:00+00:00,AAPL,0,-0.029534128762920497,0.5135265429015431
random_forest,1,2022-06-23T00:00:00+00:00,MSFT,0,-0.0226583690844554,0.5628950951009775
random_forest,1,2022-06-23T00:00:00+00:00,QQQ,0,-0.03248532922733771,0.5896426367749898
random_forest,1,2022-06-23T00:00:00+00:00,SPY,0,-0.014662737420380934,0.5943805387831126
random_forest,1,2022-06-24T00:00:00+00:00,AAPL,0,-0.03647687705454994,0.6357968201120776
random_forest,1,2022-06-24T00:00:00+00:00,MSFT,0,-0.046835766504737975,0.5678323239260739
random_forest,1,2022-06-24T00:00:00+00:00,QQQ,0,-0.06164271345365102,0.57060723998224
random_forest,1,2022-06-24T00:00:00+00:00,SPY,0,-0.04071349511384703,0.6869732524420024
random_forest,1,2022-06-27T00:00:00+00:00,AAPL,0,-0.0074745380388654414,0.7283338102869352
random_forest,1,2022-06-27T00:00:00+00:00,MSFT,0,-0.0028675626713253743,0.6003275446979492
random_forest,1,2022-06-27T00:00:00+00:00,QQQ,0,-0.021242501388051838,0.6104744821151071
random_forest,1,2022-06-27T00:00:00+00:00,SPY,0,-0.022764723701125478,0.43882779903919633
random_forest,1,2022-06-28T00:00:00+00:00,AAPL,1,0.04032912943144651,0.6668714047390518
random_forest,1,2022-06-28T00:00:00+00:00,MSFT,1,0.027176131835678907,0.6051747537593127
random_forest,1,2022-06-28T00:00:00+00:00,QQQ,1,0.019941272982429314,0.5652321203102455
random_forest,1,2022-06-28T00:00:00+00:00,SPY,1,0.008185205856952038,0.5922607636440358
random_forest,1,2022-06-29T00:00:00+00:00,AAPL,1,0.056246120739780636,0.7144168800970271
random_forest,1,2022-06-29T00:00:00+00:00,MSFT,1,0.028052969825762775,0.6455449722867004
random_forest,1,2022-06-29T00:00:00+00:00,QQQ,1,0.0382774196301654,0.5304670676545677
random_forest,1,2022-06-29T00:00:00+00:00,SPY,1,0.027260088604637023,0.5252558572962986
random_forest,1,2022-06-30T00:00:00+00:00,AAPL,1,0.06864857333378493,0.5384486311278591
random_forest,1,2022-06-30T00:00:00+00:00,MSFT,1,0.03404655680041446,0.5052056302561818
random_forest,1,2022-06-30T00:00:00+00:00,QQQ,1,0.04783970461188547,0.4919966803009082
random_forest,1,2022-06-30T00:00:00+00:00,SPY,1,0.022623406964719317,0.560419359541602
random_forest,1,2022-07-01T00:00:00+00:00,AAPL,1,0.05588112187551242,0.591646730838391
random_forest,1,2022-07-01T00:00:00+00:00,MSFT,1,0.035871448399572126,0.5831123364992848
random_forest,1,2022-07-01T00:00:00+00:00,QQQ,1,0.041069576556809206,0.4517363488227458
random_forest,1,2022-07-01T00:00:00+00:00,SPY,1,0.018632204950108422,0.4934400964639936
random_forest,1,2022-07-05T00:00:00+00:00,AAPL,1,0.009581087022692891,0.7060839160839162
random_forest,1,2022-07-05T00:00:00+00:00,MSFT,0,-0.053307512703339444,0.6026146326100371
random_forest,1,2022-07-05T00:00:00+00:00,QQQ,0,-0.02544153175871433,0.5138836077117327
random_forest,1,2022-07-05T00:00:00+00:00,SPY,0,-0.02030697211127641,0.4843683292810132
random_forest,1,2022-07-06T00:00:00+00:00,AAPL,1,0.003504505225514487,0.6590030629093129
random_forest,1,2022-07-06T00:00:00+00:00,MSFT,0,-0.05676919602564012,0.648385217213342
random_forest,1,2022-07-06T00:00:00+00:00,QQQ,0,-0.02487821673827506,0.6212519200570672
random_forest,1,2022-07-06T00:00:00+00:00,SPY,0,-0.03182493374929074,0.573935235006007
random_forest,1,2022-07-07T00:00:00+00:00,AAPL,1,0.029056367099439706,0.6476546110139858
random_forest,1,2022-07-07T00:00:00+00:00,MSFT,0,-0.03618337843343922,0.5665726547757798
random_forest,1,2022-07-07T00:00:00+00:00,QQQ,0,-0.010027515456325742,0.6672340506715508
random_forest,1,2022-07-07T00:00:00+00:00,SPY,0,-0.014161720347269813,0.6159238856527461
random_forest,1,2022-07-08T00:00:00+00:00,AAPL,1,0.03273732487939185,0.573077686712797
random_forest,1,2022-07-08T00:00:00+00:00,MSFT,0,-0.024163404749400264,0.4623979406010655
random_forest,1,2022-07-08T00:00:00+00:00,QQQ,1,0.00427181684419442,0.6484807380119879
random_forest,1,2022-07-08T00:00:00+00:00,SPY,1,0.004545847054097107,0.5976898504885639
random_forest,1,2022-07-11T00:00:00+00:00,AAPL,1,0.012791353619791446,0.6362146238157266
random_forest,1,2022-07-11T00:00:00+00:00,MSFT,0,-0.0331531567647293,0.5859122796117282
random_forest,1,2022-07-11T00:00:00+00:00,QQQ,1,0.007592842490318441,0.5963064937513466
random_forest,1,2022-07-11T00:00:00+00:00,SPY,1,0.004323081085930491,0.553995410737139
random_forest,1,2022-07-12T00:00:00+00:00,AAPL,1,0.05474534627794014,0.5069089494043537
random_forest,1,2022-07-12T00:00:00+00:00,MSFT,1,0.03673478600788771,0.31424380970336874
random_forest,1,2022-07-12T00:00:00+00:00,QQQ,1,0.0624844471894217,0.4767332024593056
random_forest,1,2022-07-12T00:00:00+00:00,SPY,1,0.044217106628930525,0.47844720893893716
random_forest,1,2022-07-13T00:00:00+00:00,AAPL,1,0.07017830923240886,0.6308782623626373
random_forest,1,2022-07-13T00:00:00+00:00,MSFT,1,0.03472468704176235,0.3995337357699491
random_forest,1,2022-07-13T00:00:00+00:00,QQQ,1,0.07033358290275427,0.4766686979278892
random_forest,1,2022-07-13T00:00:00+00:00,SPY,1,0.052895895341568355,0.45698400710808806
random_forest,1,2022-07-14T00:00:00+00:00,AAPL,1,0.03538237015609802,0.522199165213871
random_forest,1,2022-07-14T00:00:00+00:00,MSFT,1,0.03515589671132768,0.42872510302197836
random_forest,1,2022-07-14T00:00:00+00:00,QQQ,1,0.05552675967057952,0.4294934497691852
random_forest,1,2022-07-14T00:00:00+00:00,SPY,1,0.04070848907913116,0.354142905195295
random_forest,1,2022-07-15T00:00:00+00:00,AAPL,1,0.019651456200824757,0.4565913666603005
random_forest,1,2022-07-15T00:00:00+00:00,MSFT,1,0.002804930227213065,0.4826070804195807
random_forest,1,2022-07-15T00:00:00+00:00,QQQ,1,0.022721720630554554,0.6062188660045665
random_forest,1,2022-07-15T00:00:00+00:00,SPY,1,0.016940300029933963,0.5116392503587746
random_forest,1,2022-07-18T00:00:00+00:00,AAPL,1,0.027283440158436756,0.6868926595259316
random_forest,1,2022-07-18T00:00:00+00:00,MSFT,1,0.00683624745592204,0.45391160055222574
random_forest,1,2022-07-18T00:00:00+00:00,QQQ,1,0.01645645713033783,0.5619115240409747
random_forest,1,2022-07-18T00:00:00+00:00,SPY,1,0.018061574418700932,0.555419961982462
random_forest,1,2022-07-19T00:00:00+00:00,AAPL,1,0.00764393565993049,0.4604179133774721
random_forest,1,2022-07-19T00:00:00+00:00,MSFT,1,0.002840572576392475,0.6290930423742924
random_forest,1,2022-07-19T00:00:00+00:00,QQQ,0,-0.0009625154144937698,0.6276193016542282
random_forest,1,2022-07-19T00:00:00+00:00,SPY,1,0.0028080123628846376,0.5514944629512646
random_forest,1,2022-07-20T00:00:00+00:00,AAPL,1,0.01402158870755743,0.5931411546990593
random_forest,1,2022-07-20T00:00:00+00:00,MSFT,1,0.036263867648432146,0.5345672490295655
random_forest,1,2022-07-20T00:00:00+00:00,QQQ,1,0.008162706520737029,0.6249009002639518
random_forest,1,2022-07-20T00:00:00+00:00,SPY,1,0.017574083059263,0.5821947685688494
random_forest,1,2022-07-21T00:00:00+00:00,AAPL,1,0.035573652389598864,0.6065568755182726
random_forest,1,2022-07-21T00:00:00+00:00,MSFT,1,0.04488475755103405,0.47213217848328143
random_forest,1,2022-07-21T00:00:00+00:00,QQQ,1,0.014155797602986242,0.6857197796076473
random_forest,1,2022-07-21T00:00:00+00:00,SPY,1,0.01966710538632732,0.7441686127393846
random_forest,1,2022-07-22T00:00:00+00:00,AAPL,1,0.04336294891700665,0.6065317960548227
random_forest,1,2022-07-22T00:00:00+00:00,MSFT,1,0.06231760661052177,0.5301397122077272
random_forest,1,2022-07-22T00:00:00+00:00,QQQ,1,0.03643244441132332,0.5637736579188783
random_forest,1,2022-07-22T00:00:00+00:00,SPY,1,0.03179417589455835,0.7265923486235987
random_forest,1,2022-07-25T00:00:00+00:00,AAPL,1,0.049390154178769574,0.4643648272361025
random_forest,1,2022-07-25T00:00:00+00:00,MSFT,1,0.05998824768893618,0.5690317453927655
random_forest,1,2022-07-25T00:00:00+00:00,QQQ,1,0.0461085803514909,0.6027691665972916
random_forest,1,2022-07-25T00:00:00+00:00,SPY,1,0.036721949643835794,0.7550930692061208
random_forest,1,2022-07-26T00:00:00+00:00,AAPL,1,0.052029605279872104,0.6268447152316639
random_forest,1,2022-07-26T00:00:00+00:00,MSFT,1,0.057615681196826696,0.5842333361083359
random_forest,1,2022-07-26T00:00:00+00:00,QQQ,1,0.05477034909542544,0.5110567470723721
random_forest,1,2022-07-26T00:00:00+00:00,SPY,1,0.03834119155384341,0.6975916378352041
random_forest,1,2022-07-27T00:00:00+00:00,AAPL,1,0.05541053723786171,0.6193021423236208
random_forest,1,2022-07-27T00:00:00+00:00,MSFT,1,0.04258366344089426,0.4376383440905499
random_forest,1,2022-07-27T00:00:00+00:00,QQQ,1,0.051321758802959305,0.6148449630434925
random_forest,1,2022-07-27T00:00:00+00:00,SPY,1,0.02899328429019432,0.6875004590997238
random_forest,1,2022-07-28T00:00:00+00:00,AAPL,1,0.01159887864076481,0.4110195839699518
random_forest,1,2022-07-28T00:00:00+00:00,MSFT,1,0.0032125007484118395,0.4564526314221554
random_forest,1,2022-07-28T00:00:00+00:00,QQQ,1,0.02300099819717971,0.5633323391273759
random_forest,1,2022-07-28T00:00:00+00:00,SPY,1,0.0030949624868354952,0.7020473123690035
random_forest,1,2022-07-29T00:00:00+00:00,AAPL,1,0.032657854841822154,0.45933295615740477
random_forest,1,2022-07-29T00:00:00+00:00,MSFT,1,0.020381738816834805,0.46054935526612184
random_forest,1,2022-07-29T00:00:00+00:00,QQQ,1,0.02676620929728868,0.5378469133367063
random_forest,1,2022-07-29T00:00:00+00:00,SPY,1,0.012881072101002644,0.6594913634159958
random_forest,1,2022-08-01T00:00:00+00:00,AAPL,1,0.0238580099681438,0.48267426072379604
random_forest,1,2022-08-01T00:00:00+00:00,MSFT,1,0.01116425515831776,0.49131526698598105
random_forest,1,2022-08-01T00:00:00+00:00,QQQ,1,0.016659382957802782,0.6580408623239506
random_forest,1,2022-08-01T00:00:00+00:00,SPY,1,0.005564008750697846,0.5609359102262547
random_forest,1,2022-08-02T00:00:00+00:00,AAPL,1,0.0418887773941341,0.4790712307880458
random_forest,1,2022-08-02T00:00:00+00:00,MSFT,1,0.039147023533668834,0.5181653343002027
random_forest,1,2022-08-02T00:00:00+00:00,QQQ,1,0.024969235311937732,0.7234791441573558
random_forest,1,2022-08-02T00:00:00+00:00,SPY,1,0.018628647743786253,0.483387432114454
random_forest,1,2022-08-03T00:00:00+00:00,AAPL,1,0.023769436079404738,0.42422051702382585
random_forest,1,2022-08-03T00:00:00+00:00,MSFT,1,0.030053103337993603,0.4010747551113747
random_forest,1,2022-08-03T00:00:00+00:00,QQQ,1,0.01450300340504973,0.6236205308172219
random_forest,1,2022-08-03T00:00:00+00:00,SPY,1,0.01876326566687192,0.5085608749963917
random_forest,1,2022-08-04T00:00:00+00:00,AAPL,1,0.03842097204799444,0.42022965494472847
random_forest,1,2022-08-04T00:00:00+00:00,MSFT,1,0.03135829080793506,0.42105164800477296
random_forest,1,2022-08-04T00:00:00+00:00,QQQ,1,0.0198575358487032,0.6160927615395011
random_forest,1,2022-08-04T00:00:00+00:00,SPY,1,0.02813756256035549,0.4164436319399556
random_forest,1,2022-08-05T00:00:00+00:00,AAPL,1,0.028895117848106278,0.3836362580434271
random_forest,1,2022-08-05T00:00:00+00:00,MSFT,1,0.02242070769568416,0.47375093809376906
random_forest,1,2022-08-05T00:00:00+00:00,QQQ,1,0.0188162463574979,0.580987942441116
random_forest,1,2022-08-05T00:00:00+00:00,SPY,1,0.020882305242397203,0.48709736291078204
random_forest,1,2022-08-08T00:00:00+00:00,AAPL,1,0.05130330116854753,0.5447733169608168
random_forest,1,2022-08-08T00:00:00+00:00,MSFT,1,0.04207748697419267,0.567301970904912
random_forest,1,2022-08-08T00:00:00+00:00,QQQ,1,0.03961003539889951,0.5351282205657693
random_forest,1,2022-08-08T00:00:00+00:00,SPY,1,0.035552445908098695,0.603155446983572
random_forest,1,2022-08-09T00:00:00+00:00,AAPL,1,0.028296829875177565,0.5468732396076144
random_forest,1,2022-08-09T00:00:00+00:00,MSFT,1,0.0055691164325084586,0.5325382475979903
random_forest,1,2022-08-09T00:00:00+00:00,QQQ,1,0.011776410347319466,0.6010304712648461
random_forest,1,2022-08-09T00:00:00+00:00,SPY,1,0.014993392791175397,0.6527983184095318
random_forest,1,2022-08-10T00:00:00+00:00,AAPL,1,0.019657003658081873,0.37206644488015433
random_forest,1,2022-08-10T00:00:00+00:00,MSFT,0,-0.002149192809196232,0.5740904642742877
random_forest,1,2022-08-10T00:00:00+00:00,QQQ,0,-0.0016029349412713945,0.48727494630842144
random_forest,1,2022-08-10T00:00:00+00:00,SPY,1,0.007132782040151886,0.5558223006568597
random_forest,1,2022-08-11T00:00:00+00:00,AAPL,1,0.016866516194749215,0.4058404673671701
random_forest,1,2022-08-11T00:00:00+00:00,MSFT,1,0.0015764473749102503,0.6060134197909932
random_forest,1,2022-08-11T00:00:00+00:00,QQQ,0,-0.002028549634892185,0.574370943088774
random_forest,1,2022-08-11T00:00:00+00:00,SPY,1,0.004978190738892163,0.5003993516534636
random_forest,1,2022-08-12T00:00:00+00:00,AAPL,0,-0.012646018331449072,0.409152749313595
random_forest,1,2022-08-12T00:00:00+00:00,MSFT,0,-0.03053637040186019,0.4855297873619757
random_forest,1,2022-08-12T00:00:00+00:00,QQQ,0,-0.035080894827890785,0.37582880526766005
random_forest,1,2022-08-12T00:00:00+00:00,SPY,0,-0.020136309092532167,0.4783396007426095
random_forest,1,2022-08-15T00:00:00+00:00,AAPL,0,-0.034921833555985216,0.32417490903704144
random_forest,1,2022-08-15T00:00:00+00:00,MSFT,0,-0.053141320961759386,0.527288142955471
random_forest,1,2022-08-15T00:00:00+00:00,QQQ,0,-0.05591637716837272,0.442672723008201
random_forest,1,2022-08-15T00:00:00+00:00,SPY,0,-0.03660018323233638,0.5504498167273906
random_forest,1,2022-08-16T00:00:00+00:00,AAPL,0,-0.03347972921438913,0.40099361014802193
random_forest,1,2022-08-16T00:00:00+00:00,MSFT,0,-0.051357166925198205,0.4192668311113553
random_forest,1,2022-08-16T00:00:00+00:00,QQQ,0,-0.04888514109427067,0.42017260925349165
random_forest,1,2022-08-16T00:00:00+00:00,SPY,0,-0.034334324740198596,0.5375384261367718
random_forest,1,2022-08-17T00:00:00+00:00,AAPL,0,-0.03054519846484205,0.4788931955127775
random_forest,1,2022-08-17T00:00:00+00:00,MSFT,0,-0.046225414241521046,0.4570349848970687
random_forest,1,2022-08-17T00:00:00+00:00,QQQ,0,-0.03727623575114447,0.5848049020015927
random_forest,1,2022-08-17T00:00:00+00:00,SPY,0,-0.029165577881671623,0.5565043636918636
random_forest,1,2022-08-18T00:00:00+00:00,AAPL,0,-0.01618650739468086,0.4387236484544439
random_forest,1,2022-08-18T00:00:00+00:00,MSFT,0,-0.035920926788003404,0.4840483830593638
random_forest,1,2022-08-18T00:00:00+00:00,QQQ,0,-0.02002020810709726,0.6023006813447991
random_forest,1,2022-08-18T00:00:00+00:00,SPY,0,-0.015125330086827593,0.6082766018703519
random_forest,1,2022-08-19T00:00:00+00:00,AAPL,0,-0.05222465432736423,0.7261389539790275
random_forest,1,2022-08-19T00:00:00+00:00,MSFT,0,-0.059419686460794874,0.7362375890041329
random_forest,1,2022-08-19T00:00:00+00:00,QQQ,0,-0.04549029765426482,0.624439307118535
random_forest,1,2022-08-19T00:00:00+00:00,SPY,0,-0.03753408632674926,0.5816576984086177
random_forest,1,2022-08-22T00:00:00+00:00,AAPL,0,-0.03156540803007668,0.6175511892164852
random_forest,1,2022-08-22T00:00:00+00:00,MSFT,0,-0.03726938695908699,0.5031073006854258
random_forest,1,2022-08-22T00:00:00+00:00,QQQ,0,-0.027478551651067495,0.45744503709117684
random_forest,1,2022-08-22T00:00:00+00:00,SPY,0,-0.023872401610715355,0.46600797282782597
random_forest,1,2022-08-23T00:00:00+00:00,AAPL,0,-0.04381012694374298,0.6838869634246469
random_forest,1,2022-08-23T00:00:00+00:00,MSFT,0,-0.03830748838521658,0.5602930994658936
random_forest,1,2022-08-23T00:00:00+00:00,QQQ,0,-0.03261171599721413,0.4820683800794575
random_forest,1,2022-08-23T00:00:00+00:00,SPY,0,-0.031494281153138126,0.48907669689379263
random_forest,1,2022-08-24T00:00:00+00:00,AAPL,0,-0.07378219908933714,0.5717581932977154
random_forest,1,2022-08-24T00:00:00+00:00,MSFT,0,-0.06842848832577486,0.3915743415511218
random_forest,1,2022-08-24T00:00:00+00:00,QQQ,0,-0.06534377008295544,0.3698248126465039
random_forest,1,2022-08-24T00:00:00+00:00,SPY,0,-0.055714835840432464,0.48175146592958135
random_forest,1,2022-08-25T00:00:00+00:00,AAPL,0,-0.06530579826345762,0.5968239486208236
random_forest,1,2022-08-25T00:00:00+00:00,MSFT,0,-0.06414976521710058,0.3773874093635124
random_forest,1,2022-08-25T00:00:00+00:00,QQQ,0,-0.05789941820204336,0.5101015543892384
random_forest,1,2022-08-25T00:00:00+00:00,SPY,0,-0.047473253183787256,0.5713866601879374
random_forest,1,2022-08-26T00:00:00+00:00,AAPL,0,-0.030980996700804342,0.551325490277696
random_forest,1,2022-08-26T00:00:00+00:00,MSFT,0,-0.03822407472794087,0.47870635951058765
random_forest,1,2022-08-26T00:00:00+00:00,QQQ,0,-0.031352914320100234,0.435119625574589
random_forest,1,2022-08-26T00:00:00+00:00,SPY,0,-0.024503860241909425,0.41278352009510116
random_forest,1,2022-08-29T00:00:00+00:00,AAPL,0,-0.04699525831696849,0.6039286035655522
random_forest,1,2022-08-29T00:00:00+00:00,MSFT,0,-0.046795558522012115,0.47468862377410187
random_forest,1,2022-08-29T00:00:00+00:00,QQQ,0,-0.0429485688883785,0.47152282817264446
random_forest,1,2022-08-29T00:00:00+00:00,SPY,0,-0.03516178692176619,0.4467783176790533
random_forest,1,2022-08-30T00:00:00+00:00,AAPL,0,-0.03729632322659138,0.45675474288138773
random_forest,1,2022-08-30T00:00:00+00:00,MSFT,0,-0.03163055364104772,0.42657262518935324
random_forest,1,2022-08-30T00:00:00+00:00,QQQ,0,-0.025438441569312853,0.4767915642364172
random_forest,1,2022-08-30T00:00:00+00:00,SPY,0,-0.013327152002801212,0.5186554953420764
random_forest,1,2022-08-31T00:00:00+00:00,AAPL,0,-0.009452514786656874,0.5547377141262592
random_forest,1,2022-08-31T00:00:00+00:00,MSFT,1,0.004286395059353909,0.5348560778478058
random_forest,1,2022-08-31T00:00:00+00:00,QQQ,1,0.018552575977234254,0.46286407679330493
random_forest,1,2022-08-31T00:00:00+00:00,SPY,1,0.023022551508916633,0.5507273032318987
random_forest,1,2022-09-01T00:00:00+00:00,AAPL,0,-0.0029976100649178328,0.5379451663962114
random_forest,1,2022-09-01T00:00:00+00:00,MSFT,1,0.013561167689913,0.5291044683461965
random_forest,1,2022-09-01T00:00:00+00:00,QQQ,1,0.018335850492265937,0.484936344803073
random_forest,1,2022-09-01T00:00:00+00:00,SPY,1,0.019194730743207655,0.5489753645369941
random_forest,1,2022-09-02T00:00:00+00:00,AAPL,1,0.01987933942439324,0.5802117092466359
random_forest,1,2022-09-02T00:00:00+00:00,MSFT,1,0.008285620463865495,0.5531072884427666
random_forest,1,2022-09-02T00:00:00+00:00,QQQ,1,0.01872752002784228,0.532091221176699
random_forest,1,2022-09-02T00:00:00+00:00,SPY,1,0.020087937303120418,0.5977748162086882
random_forest,1,2022-09-06T00:00:00+00:00,AAPL,0,-0.0021915132479179977,0.5749702605401136
random_forest,1,2022-09-06T00:00:00+00:00,MSFT,0,-0.006582376635486331,0.5320451250138754
random_forest,1,2022-09-06T00:00:00+00:00,QQQ,1,0.0025240521336196142,0.589895214058817
random_forest,1,2022-09-06T00:00:00+00:00,SPY,1,0.008329000832117295,0.5964843142968143
random_forest,1,2022-09-07T00:00:00+00:00,AAPL,0,-0.001933580085476061,0.6120537188505939
random_forest,1,2022-09-07T00:00:00+00:00,MSFT,0,-0.031995287565565245,0.47235151133588654
random_forest,1,2022-09-07T00:00:00+00:00,QQQ,0,-0.011344586242936439,0.4939853809385061
random_forest,1,2022-09-07T00:00:00+00:00,SPY,0,-0.008131653375850423,0.4796466921558834
random_forest,1,2022-09-08T00:00:00+00:00,AAPL,0,-0.029343773005970686,0.5457132971195471
random_forest,1,2022-09-08T00:00:00+00:00,MSFT,0,-0.06421513533107259,0.4773362054612054
random_forest,1,2022-09-08T00:00:00+00:00,QQQ,0,-0.05179425934141635,0.43146639257392944
random_forest,1,2022-09-08T00:00:00+00:00,SPY,0,-0.04417901843618233,0.5300090478353348
random_forest,1,2022-09-09T00:00:00+00:00,AAPL,0,-0.06628455092780372,0.5459203612971993
random_forest,1,2022-09-09T00:00:00+00:00,MSFT,0,-0.08952669481122333,0.48373972534818127
random_forest,1,2022-09-09T00:00:00+00:00,QQQ,0,-0.07279914561815704,0.6005623282967033
random_forest,1,2022-09-09T00:00:00+00:00,SPY,0,-0.06291064239966904,0.5744297991632549
random_forest,1,2022-09-12T00:00:00+00:00,AAPL,0,-0.04256728638006768,0.4436906008991438
random_forest,1,2022-09-12T00:00:00+00:00,MSFT,0,-0.06665755844765997,0.5306519710885519
random_forest,1,2022-09-12T00:00:00+00:00,QQQ,0,-0.044297567776726,0.6512746238002624
random_forest,1,2022-09-12T00:00:00+00:00,SPY,0,-0.03972030817893868,0.6017095858594017
random_forest,1,2022-09-13T00:00:00+00:00,AAPL,1,0.014443259422475263,0.5308282420247881
random_forest,1,2022-09-13T00:00:00+00:00,MSFT,0,-0.03844925652750364,0.5440487245651238
random_forest,1,2022-09-13T00:00:00+00:00,QQQ,0,-0.018106892023561527,0.3755800491433232
random_forest,1,2022-09-13T00:00:00+00:00,SPY,0,-0.019136062394727316,0.535814343438424
random_forest,1,2022-09-14T00:00:00+00:00,AAPL,0,-0.016646833271520167,0.5035220979033865
random_forest,1,2022-09-14T00:00:00+00:00,MSFT,0,-0.04954662859954695,0.5835714103148312
random_forest,1,2022-09-14T00:00:00+00:00,QQQ,0,-0.04124046419237393,0.5169874309718059
random_forest,1,2022-09-14T00:00:00+00:00,SPY,0,-0.03966989126844911,0.6388181986196206
random_forest,1,2022-09-15T00:00:00+00:00,AAPL,0,-0.0021302605453478174,0.3693821187036648
random_forest,1,2022-09-15T00:00:00+00:00,MSFT,0,-0.021283176530969672,0.6100257121350875
random_forest,1,2022-09-15T00:00:00+00:00,QQQ,0,-0.035544197652973786,0.4765453078429567
random_forest,1,2022-09-15T00:00:00+00:00,SPY,0,-0.03722707885860277,0.6334516326198311
random_forest,1,2022-09-16T00:00:00+00:00,AAPL,1,0.0003417464975474793,0.44661983401123306
random_forest,1,2022-09-16T00:00:00+00:00,MSFT,0,-0.024306531559825317,0.7175959543928295
random_forest,1,2022-09-16T00:00:00+00:00,QQQ,0,-0.040613483061839206,0.5594093697356565
random_forest,1,2022-09-16T00:00:00+00:00,SPY,0,-0.043379063796111894,0.5327267601733061
random_forest,1,2022-09-19T00:00:00+00:00,AAPL,0,-0.006291941665942602,0.3957481485071947
random_forest,1,2022-09-19T00:00:00+00:00,MSFT,0,-0.010614649423695943,0.648347719988345
random_forest,1,2022-09-19T00:00:00+00:00,QQQ,0,-0.03894416901109532,0.5901164511550542
random_forest,1,2022-09-19T00:00:00+00:00,SPY,0,-0.04616243560276789,0.5213449918137413
random_forest,1,2022-09-20T00:00:00+00:00,AAPL,0,-0.0635249119612562,0.5838110760767011
random_forest,1,2022-09-20T00:00:00+00:00,MSFT,0,-0.032476943660768476,0.5760678210678212
random_forest,1,2022-09-20T00:00:00+00:00,QQQ,0,-0.05414000495218352,0.6190005307192806
random_forest,1,2022-09-20T00:00:00+00:00,SPY,0,-0.05816463004219996,0.5884513229825726
random_forest,1,2022-09-21T00:00:00+00:00,AAPL,0,-0.043128350014452255,0.5159538597367544
random_forest,1,2022-09-21T00:00:00+00:00,MSFT,1,0.0022815285246688966,0.5845285010128763
random_forest,1,2022-09-21T00:00:00+00:00,QQQ,0,-0.023727870921727456,0.682992138070263
random_forest,1,2022-09-21T00:00:00+00:00,SPY,0,-0.027890065877366865,0.7025433680902429
random_forest,1,2022-09-22T00:00:00+00:00,AAPL,0,-0.06741387424079293,0.5113830516641082
random_forest,1,2022-09-22T00:00:00+00:00,MSFT,0,-0.007205778201610391,0.6392663586413588
random_forest,1,2022-09-22T00:00:00+00:00,QQQ,0,-0.025442304598264243,0.5743071511821514
random_forest,1,2022-09-22T00:00:00+00:00,SPY,0,-0.025643398905858983,0.5662595737595738
random_forest,1,2022-09-23T00:00:00+00:00,AAPL,0,-0.07835186070657973,0.5474277275012568
random_forest,1,2022-09-23T00:00:00+00:00,MSFT,0,-0.008902652947352596,0.7560590537934289
random_forest,1,2022-09-23T00:00:00+00:00,QQQ,0,-0.023625106016233133,0.6329070475072316
random_forest,1,2022-09-23T00:00:00+00:00,SPY,0,-0.016515473452096252,0.5352919052965006
random_forest,1,2022-09-26T00:00:00+00:00,AAPL,0,-0.052374955515759325,0.6134652933871683
random_forest,1,2022-09-26T00:00:00+00:00,MSFT,1,0.01925292942705359,0.6718512043512043
random_forest,1,2022-09-26T00:00:00+00:00,QQQ,1,0.002240916446998309,0.5202896842740595
random_forest,1,2022-09-26T00:00:00+00:00,SPY,1,0.009879880146228093,0.41920390016437803
random_forest,1,2022-09-27T00:00:00+00:00,AAPL,0,-0.026130210524197617,0.5627568969021175
random_forest,1,2022-09-27T00:00:00+00:00,MSFT,1,0.03668963081541654,0.7392839329787857
random_forest,1,2022-09-27T00:00:00+00:00,QQQ,1,0.011892348946226594,0.6604757895290982
random_forest,1,2022-09-27T00:00:00+00:00,SPY,1,0.02267939079529535,0.4041989551502419
random_forest,1,2022-09-28T00:00:00+00:00,AAPL,0,-0.003979370818602446,0.5610716178225365
random_forest,1,2022-09-28T00:00:00+00:00,MSFT,1,0.035767955430656695,0.7577101743232257
random_forest,1,2022-09-28T00:00:00+00:00,QQQ,1,0.016452752725422126,0.7290829544230276
random_forest,1,2022-09-28T00:00:00+00:00,SPY,1,0.021972089434042275,0.5465881167443668
random_forest,1,2022-09-29T00:00:00+00:00,AAPL,1,0.006902787011787037,0.7046863583720198
random_forest,1,2022-09-29T00:00:00+00:00,MSFT,1,0.00893307962956591,0.740983006984845
random_forest,1,2022-09-29T00:00:00+00:00,QQQ,1,0.012694338269531258,0.7512534947691195
random_forest,1,2022-09-29T00:00:00+00:00,SPY,1,0.01777984959469281,0.6053399031524032
random_forest,1,2022-09-30T00:00:00+00:00,AAPL,1,0.013959980322979515,0.6356108908452659
random_forest,1,2022-09-30T00:00:00+00:00,MSFT,0,-0.012003120718484195,0.6120390077651107
random_forest,1,2022-09-30T00:00:00+00:00,QQQ,0,-0.0011450962026332556,0.7080640973609723
random_forest,1,2022-09-30T00:00:00+00:00,SPY,1,0.005962191099347258,0.6025387163898196
random_forest,1,2022-10-03T00:00:00+00:00,AAPL,0,-0.03729934726182038,0.6218974025361892
random_forest,1,2022-10-03T00:00:00+00:00,MSFT,0,-0.07313556038310676,0.7211493133092397
random_forest,1,2022-10-03T00:00:00+00:00,QQQ,0,-0.05311626430871841,0.6500777755740988
random_forest,1,2022-10-03T00:00:00+00:00,SPY,0,-0.03994574226116343,0.6689879355734132
random_forest,1,2022-10-04T00:00:00+00:00,AAPL,0,-0.03621823613859021,0.636549466158841
random_forest,1,2022-10-04T00:00:00+00:00,MSFT,0,-0.08553323825249892,0.6219479652292151
random_forest,1,2022-10-04T00:00:00+00:00,QQQ,0,-0.05536250210042182,0.7315962831082315
random_forest,1,2022-10-04T00:00:00+00:00,SPY,0,-0.0426781989285111,0.7141822724865002
random_forest,1,2022-10-05T00:00:00+00:00,AAPL,0,-0.07605558489348441,0.651292041292041
random_forest,1,2022-10-05T00:00:00+00:00,MSFT,0,-0.11502940978264509,0.7433836649461648
random_forest,1,2022-10-05T00:00:00+00:00,QQQ,0,-0.09364234363488455,0.6426517518429283
random_forest,1,2022-10-05T00:00:00+00:00,SPY,0,-0.07216795804059284,0.6143793583867116
random_forest,1,2022-10-06T00:00:00+00:00,AAPL,1,0.010394723422571639,0.6576142433954932
random_forest,1,2022-10-06T00:00:00+00:00,MSFT,0,-0.024203539144730835,0.6437348415473416
random_forest,1,2022-10-06T00:00:00+00:00,QQQ,0,-0.015860085199926877,0.6675762707472265
random_forest,1,2022-10-06T00:00:00+00:00,SPY,0,-0.0031338494061645683,0.6304184826611299
random_forest,1,2022-10-07T00:00:00+00:00,AAPL,1,0.002621699286096346,0.5008961248858209
random_forest,1,2022-10-07T00:00:00+00:00,MSFT,1,0.009864189911270804,0.5119138587107337
random_forest,1,2022-10-07T00:00:00+00:00,QQQ,0,-0.011114557149770055,0.5412923101204352
random_forest,1,2022-10-07T00:00:00+00:00,SPY,0,-0.0018610107441080492,0.6459520784566739
random_forest,1,2022-10-10T00:00:00+00:00,AAPL,1,0.0378794228241468,0.566962267715944
random_forest,1,2022-10-10T00:00:00+00:00,MSFT,1,0.06648809946760137,0.4236737098685629
random_forest,1,2022-10-10T00:00:00+00:00,QQQ,1,0.04260486969430177,0.5226020731719261
random_forest,1,2022-10-10T00:00:00+00:00,SPY,1,0.04505496946377163,0.5262551715033333
random_forest,1,2022-10-11T00:00:00+00:00,AAPL,1,0.016365212544935837,0.7197441039352805
random_forest,1,2022-10-11T00:00:00+00:00,MSFT,1,0.04954031810495363,0.6031315646159395
random_forest,1,2022-10-11T00:00:00+00:00,QQQ,1,0.02274381088993671,0.6666501293845044
random_forest,1,2022-10-11T00:00:00+00:00,SPY,1,0.028150792460513774,0.6688451045482298
random_forest,1,2022-10-12T00:00:00+00:00,AAPL,1,0.05736883739728804,0.658205113411915
random_forest,1,2022-10-12T00:00:00+00:00,MSFT,1,0.070270382652454,0.6433129733881962
random_forest,1,2022-10-12T00:00:00+00:00,QQQ,1,0.05440227385439744,0.6853129249223001
random_forest,1,2022-10-12T00:00:00+00:00,SPY,1,0.05178739469990212,0.5792809391384761
random_forest,1,2022-10-13T00:00:00+00:00,AAPL,0,-0.01195651349074034,0.6030168406692203
random_forest,1,2022-10-13T00:00:00+00:00,MSFT,0,-0.005387528920695717,0.4507464753437569
random_forest,1,2022-10-13T00:00:00+00:00,QQQ,0,-0.01384734091020845,0.4774511395467277
random_forest,1,2022-10-13T00:00:00+00:00,SPY,0,-0.01128631196457297,0.5478263550927058
random_forest,1,2022-10-14T00:00:00+00:00,AAPL,1,0.04129815956032723,0.5921175786019537
random_forest,1,2022-10-14T00:00:00+00:00,MSFT,1,0.03160442177038325,0.5292809590327974
random_forest,1,2022-10-14T00:00:00+00:00,QQQ,1,0.031101822339563157,0.6092876731112028
random_forest,1,2022-10-14T00:00:00+00:00,SPY,1,0.03057333548599539,0.5334273222692343
random_forest,1,2022-10-17T00:00:00+00:00,AAPL,1,0.029556168569582875,0.6043719847350362
random_forest,1,2022-10-17T00:00:00+00:00,MSFT,1,0.014495731576114945,0.45730464847652363
random_forest,1,2022-10-17T00:00:00+00:00,QQQ,1,0.008396474003670606,0.5931938323114794
random_forest,1,2022-10-17T00:00:00+00:00,SPY,1,0.007739154106014556,0.5317720428060502
random_forest,1,2022-10-18T00:00:00+00:00,AAPL,1,0.06329571206082885,0.6064403049972901
random_forest,1,2022-10-18T00:00:00+00:00,MSFT,0,-0.026712234715892902,0.5122834283771786
random_forest,1,2022-10-18T00:00:00+00:00,QQQ,1,0.029539692909508197,0.5745840653423375
random_forest,1,2022-10-18T00:00:00+00:00,SPY,1,0.03216200355520504,0.5689181916939268
random_forest,1,2022-10-19T00:00:00+00:00,AAPL,1,0.03324141684052928,0.5186015251088781
random_forest,1,2022-10-19T00:00:00+00:00,MSFT,0,-0.02202008913368425,0.5540481964930495
random_forest,1,2022-10-19T00:00:00+00:00,QQQ,1,0.024693899700065414,0.5943652650454122
random_forest,1,2022-10-19T00:00:00+00:00,SPY,1,0.03878658917184308,0.5548987210705961
random_forest,1,2022-10-20T00:00:00+00:00,AAPL,1,0.03523415721193346,0.5580830653211167
random_forest,1,2022-10-20T00:00:00+00:00,MSFT,0,-0.03813589243151261,0.5667545041763793
random_forest,1,2022-10-20T00:00:00+00:00,QQQ,1,0.01382931432242751,0.5388611740587842
random_forest,1,2022-10-20T00:00:00+00:00,SPY,1,0.03831917675172192,0.5072226731601731
random_forest,1,2022-10-21T00:00:00+00:00,AAPL,1,0.0384808430240704,0.5457210150960152
random_forest,1,2022-10-21T00:00:00+00:00,MSFT,0,-0.0429401067929539,0.627151244894811
random_forest,1,2022-10-21T00:00:00+00:00,QQQ,1,0.0096947522218096,0.582538269022644
random_forest,1,2022-10-21T00:00:00+00:00,SPY,1,0.026012417051453518,0.5973166733185117
random_forest,1,2022-10-24T00:00:00+00:00,AAPL,1,0.031182283982317927,0.6579941065878565
random_forest,1,2022-10-24T00:00:00+00:00,MSFT,0,-0.05309678018761055,0.5848921998140746
random_forest,1,2022-10-24T00:00:00+00:00,QQQ,1,0.005466751353653709,0.5827222170190919
random_forest,1,2022-10-24T00:00:00+00:00,SPY,1,0.027906009256781106,0.6237938695291636
random_forest,1,2022-10-25T00:00:00+00:00,AAPL,0,-0.015285984010192766,0.6161122904872902
random_forest,1,2022-10-25T00:00:00+00:00,MSFT,0,-0.009380253684273088,0.6112776622886915
random_forest,1,2022-10-25T00:00:00+00:00,QQQ,0,-0.014112011890032528,0.6629210719835718
random_forest,1,2022-10-25T00:00:00+00:00,SPY,1,0.003964611020934372,0.6844556995292288
random_forest,1,2022-10-26T00:00:00+00:00,AAPL,0,-0.04250607450202404,0.7288295645326895
random_forest,1,2022-10-26T00:00:00+00:00,MSFT,0,-0.04929754831514632,0.6305004039057348
random_forest,1,2022-10-26T00:00:00+00:00,QQQ,0,-0.051683316581029426,0.6883574064824064
random_forest,1,2022-10-26T00:00:00+00:00,SPY,0,-0.03221922885000883,0.6049295761428115
random_forest,1,2022-10-27T00:00:00+00:00,AAPL,0,-0.04155639858441307,0.5820276488862015
random_forest,1,2022-10-27T00:00:00+00:00,MSFT,0,-0.040331851267243146,0.5433241237928738
random_forest,1,2022-10-27T00:00:00+00:00,QQQ,0,-0.026560257720489422,0.5873963434441376
random_forest,1,2022-10-27T00:00:00+00:00,SPY,0,-0.009538336598924446,0.5501815545565547
random_forest,1,2022-10-28T00:00:00+00:00,AAPL,0,-0.1050989766941931,0.6498193610923388
random_forest,1,2022-10-28T00:00:00+00:00,MSFT,0,-0.0522479170875535,0.5453591381689776
random_forest,1,2022-10-28T00:00:00+00:00,QQQ,0,-0.04912148073759215,0.663420510759665
random_forest,1,2022-10-28T00:00:00+00:00,SPY,0,-0.024543348628011885,0.6084992897217163
random_forest,1,2022-10-31T00:00:00+00:00,AAPL,0,-0.09490640174409593,0.6832055357836606
random_forest,1,2022-10-31T00:00:00+00:00,MSFT,0,-0.027096926692427248,0.5176017349684628
random_forest,1,2022-10-31T00:00:00+00:00,QQQ,0,-0.04581775366984686,0.6364975093329871
random_forest,1,2022-10-31T00:00:00+00:00,SPY,0,-0.025097453533789116,0.6958624953477894
random_forest,1,2022-11-01T00:00:00+00:00,AAPL,0,-0.07047599337487354,0.6568197117210275
random_forest,1,2022-11-01T00:00:00+00:00,MSFT,0,-0.011088249052332966,0.5281992389758934
random_forest,1,2022-11-01T00:00:00+00:00,QQQ,0,-0.028555249909598124,0.5104951211982465
random_forest,1,2022-11-01T00:00:00+00:00,SPY,0,-0.012318529455172755,0.7040951052623846
random_forest,1,2022-11-02T00:00:00+00:00,AAPL,0,-0.006112362646040315,0.5217131199070537
random_forest,1,2022-11-02T00:00:00+00:00,MSFT,1,0.06756145809631864,0.47356056933262797
random_forest,1,2022-11-02T00:00:00+00:00,QQQ,1,0.04733094912973157,0.3695268166270005
random_forest,1,2022-11-02T00:00:00+00:00,SPY,1,0.04254647561767366,0.5165248767776343
random_forest,1,2022-11-03T00:00:00+00:00,AAPL,1,0.024200434228363044,0.4869724337141615
random_forest,1,2022-11-03T00:00:00+00:00,MSFT,1,0.11470684383168028,0.4905156475468977
random_forest,1,2022-11-03T00:00:00+00:00,QQQ,1,0.06200996621570454,0.4121234923165071
random_forest,1,2022-11-03T00:00:00+00:00,SPY,1,0.047213929827367274,0.41398193054902627
random_forest,1,2022-11-04T00:00:00+00:00,AAPL,1,0.08432917859370259,0.4423627898857677
random_forest,1,2022-11-04T00:00:00+00:00,MSFT,1,0.08791589377271714,0.6098344675136953
random_forest,1,2022-11-04T00:00:00+00:00,QQQ,1,0.07352307773652988,0.3313264666297756
random_forest,1,2022-11-04T00:00:00+00:00,SPY,1,0.048072480713371224,0.3895553598770511
random_forest,1,2022-11-07T00:00:00+00:00,AAPL,1,0.08194475131905188,0.6107793906461185
random_forest,1,2022-11-07T00:00:00+00:00,MSFT,1,0.07201196366752027,0.6273387029637026
random_forest,1,2022-11-07T00:00:00+00:00,QQQ,1,0.08354778684597197,0.3805978916916418
random_forest,1,2022-11-07T00:00:00+00:00,SPY,1,0.05048016147780898,0.5125657377914055
random_forest,1,2022-11-08T00:00:00+00:00,AAPL,1,0.0745994141762043,0.5967900752229798
random_forest,1,2022-11-08T00:00:00+00:00,MSFT,1,0.06868858868603733,0.6778347867410367
random_forest,1,2022-11-08T00:00:00+00:00,QQQ,1,0.07116732724410002,0.47491391928504945
random_forest,1,2022-11-08T00:00:00+00:00,SPY,1,0.042263762507651625,0.6273897429325063
random_forest,1,2022-11-09T00:00:00+00:00,AAPL,1,0.034674312877229774,0.6602614190343967
random_forest,1,2022-11-09T00:00:00+00:00,MSFT,1,0.010804314180879127,0.6031090427138224
random_forest,1,2022-11-09T00:00:00+00:00,QQQ,1,0.015611087839673798,0.46489756771006785
random_forest,1,2022-11-09T00:00:00+00:00,SPY,1,0.004200007609775014,0.5334614940818986
random_forest,1,2022-11-10T00:00:00+00:00,AAPL,1,0.0424199687246658,0.618529294439221
random_forest,1,2022-11-10T00:00:00+00:00,MSFT,1,0.002956431990639219,0.6068618166963756
random_forest,1,2022-11-10T00:00:00+00:00,QQQ,1,0.016827380451920337,0.3839709881621648
random_forest,1,2022-11-10T00:00:00+00:00,SPY,1,0.0034262150199753094,0.36675668745062134
random_forest,1,2022-11-11T00:00:00+00:00,AAPL,1,0.0059742034730903,0.6637481748235425
random_forest,1,2022-11-11T00:00:00+00:00,MSFT,0,-0.0015016897732004209,0.588087379328188
random_forest,1,2022-11-11T00:00:00+00:00,QQQ,0,-0.010586245457332,0.4374827317290554
random_forest,1,2022-11-11T00:00:00+00:00,SPY,0,-0.007080471871953153,0.5437182198284173
random_forest,1,2022-11-14T00:00:00+00:00,AAPL,0,-0.028813618335745583,0.583706467143967
random_forest,1,2022-11-14T00:00:00+00:00,MSFT,0,-0.007618431212693455,0.670314956693633
random_forest,1,2022-11-14T00:00:00+00:00,QQQ,0,-0.0346828030070474,0.4495784510628263
random_forest,1,2022-11-14T00:00:00+00:00,SPY,0,-0.013243036865774438,0.5597738951579896
random_forest,1,2022-11-15T00:00:00+00:00,AAPL,1,0.00014346827290800945,0.5388794105200355
random_forest,1,2022-11-15T00:00:00+00:00,MSFT,1,0.0075386417395704175,0.6647905158566922
random_forest,1,2022-11-15T00:00:00+00:00,QQQ,0,-0.00692897455425967,0.3767589258168304
random_forest,1,2022-11-15T00:00:00+00:00,SPY,1,0.004969262195964497,0.5276905126123875
random_forest,1,2022-11-16T00:00:00+00:00,AAPL,1,0.010815108925061656,0.5571484877459143
random_forest,1,2022-11-16T00:00:00+00:00,MSFT,1,0.0380010872373433,0.6411253309598899
random_forest,1,2022-11-16T00:00:00+00:00,QQQ,1,0.02042203182206581,0.4942590308996559
random_forest,1,2022-11-16T00:00:00+00:00,SPY,1,0.027063142028934895,0.5694632624320126
random_forest,1,2022-11-17T00:00:00+00:00,AAPL,0,-0.04897890490013668,0.6385595065301918
random_forest,1,2022-11-17T00:00:00+00:00,MSFT,1,0.008534934518173332,0.7241653365661684
random_forest,1,2022-11-17T00:00:00+00:00,QQQ,0,-0.012363051472656261,0.5674208257020756
random_forest,1,2022-11-17T00:00:00+00:00,SPY,1,0.00138928915903902,0.66125520108976
random_forest,1,2022-11-18T00:00:00+00:00,AAPL,0,-0.04101179074544281,0.6798472058933072
random_forest,1,2022-11-18T00:00:00+00:00,MSFT,0,-0.002121822890344016,0.7323756441679233
random_forest,1,2022-11-18T00:00:00+00:00,QQQ,0,-0.003617805669849372,0.5845635344026887
random_forest,1,2022-11-18T00:00:00+00:00,SPY,1,0.0015675516409148216,0.6686598210816961
random_forest,1,2022-11-21T00:00:00+00:00,AAPL,0,-0.047340254475227495,0.7179966756401064
random_forest,1,2022-11-21T00:00:00+00:00,MSFT,0,-0.014371200527928618,0.7343638979484566
random_forest,1,2022-11-21T00:00:00+00:00,QQQ,0,-0.00835392322283568,0.614600100433837
random_forest,1,2022-11-21T00:00:00+00:00,SPY,0,-0.004866471313311194,0.6707873723498723
random_forest,1,2022-11-22T00:00:00+00:00,AAPL,0,-0.010278649766014003,0.7014524916786431
random_forest,1,2022-11-22T00:00:00+00:00,MSFT,1,0.033669586205801405,0.6127529518393974
random_forest,1,2022-11-22T00:00:00+00:00,QQQ,1,0.024943683659996996,0.5608311827061829
random_forest,1,2022-11-22T00:00:00+00:00,SPY,1,0.021031673834658537,0.5966178526334774
random_forest,1,2022-11-23T00:00:00+00:00,AAPL,0,-0.017811241488596585,0.6710562190002979
random_forest,1,2022-11-23T00:00:00+00:00,MSFT,1,0.008131002163101586,0.43786176395091836
random_forest,1,2022-11-23T00:00:00+00:00,QQQ,1,0.0026934549035706468,0.4927293018675081
random_forest,1,2022-11-23T00:00:00+00:00,SPY,0,-0.0009547747803807516,0.5068749923483379
random_forest,1,2022-11-25T00:00:00+00:00,AAPL,1,0.016086336197339346,0.6982161434304427
random_forest,1,2022-11-25T00:00:00+00:00,MSFT,1,0.022051703093197927,0.4698771790913335
random_forest,1,2022-11-25T00:00:00+00:00,QQQ,1,0.017198089340950684,0.5520793932374811
random_forest,1,2022-11-25T00:00:00+00:00,SPY,1,0.010155465081482351,0.48465073682445
random_forest,1,2022-11-28T00:00:00+00:00,AAPL,1,0.01723053891676951,0.5981726928096412
random_forest,1,2022-11-28T00:00:00+00:00,MSFT,1,0.03694638459226951,0.5830735561039838
random_forest,1,2022-11-28T00:00:00+00:00,QQQ,1,0.014015712372232203,0.5637524107836611
random_forest,1,2022-11-28T00:00:00+00:00,SPY,1,0.00649428103774885,0.5924479079947831
random_forest,1,2022-11-29T00:00:00+00:00,AAPL,1,0.0035779703794946993,0.6056511941897973
random_forest,1,2022-11-29T00:00:00+00:00,MSFT,1,0.01567465572931548,0.5834952682766152
random_forest,1,2022-11-29T00:00:00+00:00,QQQ,0,-0.003312680941664592,0.6711729676573427
random_forest,1,2022-11-29T00:00:00+00:00,SPY,0,-0.008432776655298513,0.6812775714889684
random_forest,1,2022-11-30T00:00:00+00:00,AAPL,0,-0.04139017564927938,0.5707656492812744
random_forest,1,2022-11-30T00:00:00+00:00,MSFT,0,-0.03749622837679911,0.5857216394716394
random_forest,1,2022-11-30T00:00:00+00:00,QQQ,0,-0.04202810852630001,0.4902040198363727
random_forest,1,2022-11-30T00:00:00+00:00,SPY,0,-0.03527532496886421,0.5694709630647131
random_forest,1,2022-12-01T00:00:00+00:00,AAPL,0,-0.026749973330207344,0.7536596370659354
random_forest,1,2022-12-01T00:00:00+00:00,MSFT,0,-0.022451953372607414,0.4755498454289094
random_forest,1,2022-12-01T00:00:00+00:00,QQQ,0,-0.02181710415583904,0.4979674941071999
random_forest,1,2022-12-01T00:00:00+00:00,SPY,0,-0.02013451393102561,0.4734937182109684
random_forest,1,2022-12-02T00:00:00+00:00,AAPL,0,-0.03623971039706331,0.7561218979141773
random_forest,1,2022-12-02T00:00:00+00:00,MSFT,0,-0.02005647925793086,0.43421055907027284
random_forest,1,2022-12-02T00:00:00+00:00,QQQ,0,-0.030042842900007916,0.5880398568955554
random_forest,1,2022-12-02T00:00:00+00:00,SPY,0,-0.02630880858840079,0.5345333807328291
random_forest,1,2022-12-05T00:00:00+00:00,AAPL,1,0.014491372890182541,0.7251172520290167
random_forest,1,2022-12-05T00:00:00+00:00,MSFT,1,0.04125331553741196,0.49255355473452456
random_forest,1,2022-12-05T00:00:00+00:00,QQQ,1,0.02983608057821141,0.5381976848025126
random_forest,1,2022-12-05T00:00:00+00:00,SPY,1,0.02498722999311198,0.6746673351856691
random_forest,1,2022-12-06T00:00:00+00:00,AAPL,1,0.020181381655256514,0.7086937837489309
random_forest,1,2022-12-06T00:00:00+00:00,MSFT,1,0.04814060659669672,0.5176926179739165
random_forest,1,2022-12-06T00:00:00+00:00,QQQ,1,0.024974297328036688,0.6231928381055216
random_forest,1,2022-12-06T00:00:00+00:00,SPY,1,0.02002229774191755,0.6910973289374022
random_forest,1,2022-12-07T00:00:00+00:00,AAPL,0,-0.010760787492983148,0.6464025297619047
random_forest,1,2022-12-07T00:00:00+00:00,MSFT,1,0.034198032249391996,0.5273753355508868
random_forest,1,2022-12-07T00:00:00+00:00,QQQ,0,-0.0005112842524045424,0.5116273656898656
random_forest,1,2022-12-07T00:00:00+00:00,SPY,0,-0.004119498020786816,0.46104703099188393
random_forest,1,2022-12-08T00:00:00+00:00,AAPL,0,-0.0416124390177397,0.5919590938065202
random_forest,1,2022-12-08T00:00:00+00:00,MSFT,1,0.013704226145915932,0.5646878352770381
random_forest,1,2022-12-08T00:00:00+00:00,QQQ,0,-0.025323503139868975,0.4819436115677407
random_forest,1,2022-12-08T00:00:00+00:00,SPY,0,-0.0221915783925144,0.5102835598837434
random_forest,1,2022-12-09T00:00:00+00:00,AAPL,0,-0.0550802151893256,0.59693774362892
random_forest,1,2022-12-09T00:00:00+00:00,MSFT,0,-0.01244382028475699,0.4463164133660459
random_forest,1,2022-12-09T00:00:00+00:00,QQQ,0,-0.029206880330838292,0.5497063664480941
random_forest,1,2022-12-09T00:00:00+00:00,SPY,0,-0.02448259372342665,0.4227142206295166
random_forest,1,2022-12-12T00:00:00+00:00,AAPL,0,-0.12289278122022995,0.5506616132029735
random_forest,1,2022-12-12T00:00:00+00:00,MSFT,0,-0.08700480775543773,0.4998774564573714
random_forest,1,2022-12-12T00:00:00+00:00,QQQ,0,-0.09433669162235558,0.6471162604756355
random_forest,1,2022-12-12T00:00:00+00:00,SPY,0,-0.07315536976212045,0.5687594360296567
random_forest,1,2022-12-13T00:00:00+00:00,AAPL,0,-0.08693307338787792,0.4411619543650792
random_forest,1,2022-12-13T00:00:00+00:00,MSFT,0,-0.061925511380353515,0.6648602209677578
random_forest,1,2022-12-13T00:00:00+00:00,QQQ,0,-0.06021234270761866,0.4758294697541019
random_forest,1,2022-12-13T00:00:00+00:00,SPY,0,-0.04324930744255229,0.44105073949743046
random_forest,1,2022-12-14T00:00:00+00:00,AAPL,0,-0.049808396217564055,0.6918887823079484
random_forest,1,2022-12-14T00:00:00+00:00,MSFT,0,-0.0510090796328162,0.5928514541014545
random_forest,1,2022-12-14T00:00:00+00:00,QQQ,0,-0.04195144943454998,0.6285225018037518
random_forest,1,2022-12-14T00:00:00+00:00,SPY,0,-0.026020537355447515,0.5057516957103354
random_forest,1,2022-12-15T00:00:00+00:00,AAPL,0,-0.044125836059882406,0.630732191113625
random_forest,1,2022-12-15T00:00:00+00:00,MSFT,0,-0.05194833625681361,0.5923085997948128
random_forest,1,2022-12-15T00:00:00+00:00,QQQ,0,-0.03847299138272453,0.5762938353517397
random_forest,1,2022-12-15T00:00:00+00:00,SPY,0,-0.01632622767389713,0.5013602388914407
random_forest,1,2022-12-16T00:00:00+00:00,AAPL,0,-0.02954992301780257,0.7137789437944236
random_forest,1,2022-12-16T00:00:00+00:00,MSFT,0,-0.02710492499451167,0.4937391433117536
random_forest,1,2022-12-16T00:00:00+00:00,QQQ,0,-0.027980542511093498,0.6772265408202909
random_forest,1,2022-12-16T00:00:00+00:00,SPY,0,-0.0037676871724001693,0.6277771139893817
random_forest,1,2022-12-19T00:00:00+00:00,AAPL,0,-0.015062865910307699,0.6050860935482645
random_forest,1,2022-12-19T00:00:00+00:00,MSFT,0,-0.012461697987820042,0.5066632978949153
random_forest,1,2022-12-19T00:00:00+00:00,QQQ,0,-0.022027643432484867,0.7507909839612144
random_forest,1,2022-12-19T00:00:00+00:00,SPY,1,0.0035282584848763676,0.5409816041801336
random_forest,1,2022-12-20T00:00:00+00:00,AAPL,0,-0.03944725353218104,0.6985384805145836
random_forest,1,2022-12-20T00:00:00+00:00,MSFT,0,-0.026938897026188124,0.5227385119986224
random_forest,1,2022-12-20T00:00:00+00:00,QQQ,0,-0.03017516772522011,0.6335458246066801
random_forest,1,2022-12-20T00:00:00+00:00,SPY,0,-0.011424546377149292,0.5102851407171263
random_forest,1,2022-12-21T00:00:00+00:00,AAPL,0,-0.046122357157669214,0.5557729923263011
random_forest,1,2022-12-21T00:00:00+00:00,MSFT,0,-0.014614650110879701,0.5448519791074936
random_forest,1,2022-12-21T00:00:00+00:00,QQQ,0,-0.026949814276227224,0.6487780056201107
random_forest,1,2022-12-21T00:00:00+00:00,SPY,0,-0.008276956146625603,0.5865234163304016
random_forest,1,2022-12-22T00:00:00+00:00,AAPL,0,-0.006876694633554226,0.6817112921800424
random_forest,1,2022-12-22T00:00:00+00:00,MSFT,1,0.02746327832255835,0.7540946466727717
random_forest,1,2022-12-22T00:00:00+00:00,QQQ,1,0.009956817418076858,0.7016796959436764
random_forest,1,2022-12-22T00:00:00+00:00,SPY,1,0.010409605140160094,0.6987369962822266
random_forest,1,2022-12-23T00:00:00+00:00,AAPL,0,-0.03610534263398579,0.7366356820263071
random_forest,1,2022-12-23T00:00:00+00:00,MSFT,0,-0.028839857655642454,0.7387226601013365
random_forest,1,2022-12-23T00:00:00+00:00,QQQ,0,-0.0023717823643850666,0.7556787947550816
random_forest,1,2022-12-23T00:00:00+00:00,SPY,0,-0.0009812089835835591,0.6158291061793384
random_forest,1,2022-12-27T00:00:00+00:00,AAPL,0,-0.02154709021523138,0.7114483953546452
random_forest,1,2022-12-27T00:00:00+00:00,MSFT,0,-0.04282115392533081,0.5382264610389609
random_forest,1,2022-12-27T00:00:00+00:00,QQQ,1,0.001301234051204192,0.6064418843271879
random_forest,1,2022-12-27T00:00:00+00:00,SPY,0,-0.0009770788666279007,0.6488298757002803
random_forest,1,2022-12-28T00:00:00+00:00,AAPL,0,-0.01743713389417645,0.6583169138867667
random_forest,1,2022-12-28T00:00:00+00:00,MSFT,0,-0.055572015153313226,0.5522076014263512
random_forest,1,2022-12-28T00:00:00+00:00,QQQ,0,-0.000517847377609737,0.580297168109668
random_forest,1,2022-12-28T00:00:00+00:00,SPY,1,0.005836001314592831,0.6724435633810633
random_forest,1,2022-12-29T00:00:00+00:00,AAPL,1,0.01401227024170315,0.6251673969412941
random_forest,1,2022-12-29T00:00:00+00:00,MSFT,0,-0.05126763698273318,0.6580674482788453
random_forest,1,2022-12-29T00:00:00+00:00,QQQ,1,0.02529721009769914,0.5766971519085492
random_forest,1,2022-12-29T00:00:00+00:00,SPY,1,0.023513102299643762,0.6329224675124927
random_forest,1,2022-12-30T00:00:00+00:00,AAPL,0,-0.0021512086052943857,0.6726726684263447
random_forest,1,2022-12-30T00:00:00+00:00,MSFT,0,-0.06489673605361812,0.5868696234321233
random_forest,1,2022-12-30T00:00:00+00:00,QQQ,1,0.0011227100274493473,0.5667598128995188
random_forest,1,2022-12-30T00:00:00+00:00,SPY,1,0.005479823294047836,0.5393228126040626
random_forest,1,2023-01-03T00:00:00+00:00,AAPL,1,0.032293727333313704,0.6779615263209013
random_forest,1,2023-01-03T00:00:00+00:00,MSFT,0,-0.006251773061569099,0.5419028862273347
random_forest,1,2023-01-03T00:00:00+00:00,QQQ,1,0.025249966640231936,0.6157222031440786
random_forest,1,2023-01-03T00:00:00+00:00,SPY,1,0.02157304527642312,0.5563245679973621
random_forest,1,2023-01-04T00:00:00+00:00,AAPL,1,0.05099120987200689,0.628028805344982
random_forest,1,2023-01-04T00:00:00+00:00,MSFT,1,0.03340629514941407,0.8076892638611387
random_forest,1,2023-01-04T00:00:00+00:00,QQQ,1,0.051220565201468116,0.523996116220381
random_forest,1,2023-01-04T00:00:00+00:00,SPY,1,0.037088587092648284,0.4941342532059445
random_forest,1,2023-01-05T00:00:00+00:00,AAPL,1,0.045680765291111536,0.5715368312243315
random_forest,1,2023-01-05T00:00:00+00:00,MSFT,1,0.060656662981687814,0.6856246716228817
random_forest,1,2023-01-05T00:00:00+00:00,QQQ,1,0.0478359348569084,0.6743187082525316
random_forest,1,2023-01-05T00:00:00+00:00,SPY,1,0.0267205437693514,0.48465456673636814
random_forest,1,2023-01-06T00:00:00+00:00,AAPL,1,0.03135266963112171,0.6595663685783169
random_forest,1,2023-01-06T00:00:00+00:00,MSFT,1,0.04877262548339112,0.6320519064269065
random_forest,1,2023-01-06T00:00:00+00:00,QQQ,1,0.03463064609301103,0.6453310114109746
random_forest,1,2023-01-06T00:00:00+00:00,SPY,1,0.01873564622200452,0.643195644735167
random_forest,1,2023-01-09T00:00:00+00:00,AAPL,1,0.04826224475914587,0.6820419832414315
random_forest,1,2023-01-09T00:00:00+00:00,MSFT,1,0.05851485715248139,0.5167028284215784
random_forest,1,2023-01-09T00:00:00+00:00,QQQ,1,0.048440870016884574,0.7484123897956617
random_forest,1,2023-01-09T00:00:00+00:00,SPY,1,0.02830937730479577,0.6698332549803137
random_forest,1,2023-01-10T00:00:00+00:00,AAPL,1,0.019520680227705034,0.6581437424911687
random_forest,1,2023-01-10T00:00:00+00:00,MSFT,1,0.008746157917746133,0.5367892003829502
random_forest,1,2023-01-10T00:00:00+00:00,QQQ,1,0.006382040339129702,0.5714074156031876
random_forest,1,2023-01-10T00:00:00+00:00,SPY,0,-0.009300665882384762,0.7219387036574534
random_forest,1,2023-01-11T00:00:00+00:00,AAPL,1,0.0084383864255404,0.6321639027843071
random_forest,1,2023-01-11T00:00:00+00:00,MSFT,0,-0.003694897419705301,0.4807417669136419
random_forest,1,2023-01-11T00:00:00+00:00,QQQ,0,-0.00677040565519782,0.6073958680208679
random_forest,1,2023-01-11T00:00:00+00:00,SPY,0,-0.018527780086915135,0.6001803027983368
random_forest,1,2023-01-12T00:00:00+00:00,AAPL,1,0.044035547309395184,0.6249659837711308
random_forest,1,2023-01-12T00:00:00+00:00,MSFT,1,0.015267258997411659,0.6206195887445887
random_forest,1,2023-01-12T00:00:00+00:00,QQQ,1,0.023411809589986676,0.7546840052308799
random_forest,1,2023-01-12T00:00:00+00:00,SPY,1,0.005861827151597332,0.6635902093209078
random_forest,1,2023-01-13T00:00:00+00:00,AAPL,1,0.038564829801081224,0.6819435425685425
random_forest,1,2023-01-13T00:00:00+00:00,MSFT,1,0.016999978906738766,0.6051986539808231
random_forest,1,2023-01-13T00:00:00+00:00,QQQ,1,0.021248537942502477,0.8091063277000776
random_forest,1,2023-01-13T00:00:00+00:00,SPY,0,-0.0009962123799003297,0.7662968802031302
random_forest,1,2023-01-17T00:00:00+00:00,AAPL,1,0.027689565827886398,0.6603586084054832
random_forest,1,2023-01-17T00:00:00+00:00,MSFT,0,-0.03128899218422487,0.5371618018795359
random_forest,1,2023-01-17T00:00:00+00:00,QQQ,1,0.0003287389317934153,0.7872010349042081
random_forest,1,2023-01-17T00:00:00+00:00,SPY,0,-0.009651661292680136,0.8238498776550248
random_forest,1,2023-01-18T00:00:00+00:00,AAPL,1,0.06566186748655034,0.6259879009879009
random_forest,1,2023-01-18T00:00:00+00:00,MSFT,1,0.04013683808824697,0.5293484778089556
random_forest,1,2023-01-18T00:00:00+00:00,QQQ,1,0.05219776423353051,0.6934694135521339
random_forest,1,2023-01-18T00:00:00+00:00,SPY,1,0.033297133670547874,0.7078974171253585
random_forest,1,2023-01-19T00:00:00+00:00,AAPL,1,0.05613519735606243,0.671551209207459
random_forest,1,2023-01-19T00:00:00+00:00,MSFT,1,0.058045275010097486,0.5786439326604766
random_forest,1,2023-01-19T00:00:00+00:00,QQQ,1,0.05284377202019419,0.6203603693079796
random_forest,1,2023-01-19T00:00:00+00:00,SPY,1,0.03269281553034875,0.6394252188783439
random_forest,1,2023-01-20T00:00:00+00:00,AAPL,1,0.047425306727520544,0.5273488735529174
random_forest,1,2023-01-20T00:00:00+00:00,MSFT,1,0.012117095955327839,0.6098847016953634
random_forest,1,2023-01-20T00:00:00+00:00,QQQ,1,0.031053187052360043,0.7165059623791239
random_forest,1,2023-01-20T00:00:00+00:00,SPY,1,0.013297142422872499,0.7180313421260113
random_forest,1,2023-01-23T00:00:00+00:00,AAPL,1,0.015001199814104194,0.4770652697996446
random_forest,1,2023-01-23T00:00:00+00:00,MSFT,1,0.0019114951187235718,0.5618254921087253
random_forest,1,2023-01-23T00:00:00+00:00,QQQ,1,0.008422822741433356,0.6299830353523754
random_forest,1,2023-01-23T00:00:00+00:00,SPY,1,0.003631727037340715,0.7168422590481414
random_forest,1,2023-01-24T00:00:00+00:00,AAPL,1,0.01981945724076084,0.47823410198869737
random_forest,1,2023-01-24T00:00:00+00:00,MSFT,1,0.05554628452559651,0.5818871829763373
random_forest,1,2023-01-24T00:00:00+00:00,QQQ,1,0.03542194480948857,0.6692055973030235
random_forest,1,2023-01-24T00:00:00+00:00,SPY,1,0.021342065212546668,0.7448230415417917
random_forest,1,2023-01-25T00:00:00+00:00,AAPL,1,0.0379445641575229,0.586433710794924
random_forest,1,2023-01-25T00:00:00+00:00,MSFT,1,0.06013937405410674,0.58093703069806
random_forest,1,2023-01-25T00:00:00+00:00,QQQ,1,0.05403310723567678,0.6287465659340656
random_forest,1,2023-01-25T00:00:00+00:00,SPY,1,0.027041144711971166,0.6031527941389105
random_forest,1,2023-01-26T00:00:00+00:00,AAPL,1,0.0319518908160632,0.48520294962390553
random_forest,1,2023-01-26T00:00:00+00:00,MSFT,1,0.0402886997292311,0.321015500022853
random_forest,1,2023-01-26T00:00:00+00:00,QQQ,1,0.04222822268475879,0.6039760168344723
random_forest,1,2023-01-26T00:00:00+00:00,SPY,1,0.017608018955279636,0.6485251666225932
random_forest,1,2023-01-27T00:00:00+00:00,AAPL,1,0.05039423328269321,0.48572791587497477
random_forest,1,2023-01-27T00:00:00+00:00,MSFT,1,0.05077767386885257,0.35118898105570906
random_forest,1,2023-01-27T00:00:00+00:00,QQQ,1,0.03404753589105458,0.6416735409198644
random_forest,1,2023-01-27T00:00:00+00:00,SPY,1,0.015320858204010523,0.7303360018249724
random_forest,1,2023-01-30T00:00:00+00:00,AAPL,1,0.05353219822831701,0.6467937311871137
random_forest,1,2023-01-30T00:00:00+00:00,MSFT,1,0.06802009407712029,0.6420802599157377
random_forest,1,2023-01-30T00:00:00+00:00,QQQ,1,0.043208206571204055,0.7038291396103894
random_forest,1,2023-01-30T00:00:00+00:00,SPY,1,0.017258714992606894,0.5745460136268961
random_forest,1,2023-01-31T00:00:00+00:00,AAPL,1,0.06669824614696584,0.6025524863208689
random_forest,1,2023-01-31T00:00:00+00:00,MSFT,1,0.09941197761405585,0.4414054098475055
random_forest,1,2023-01-31T00:00:00+00:00,QQQ,1,0.045900391348977054,0.6081118161862646
random_forest,1,2023-01-31T00:00:00+00:00,SPY,1,0.01750829590697167,0.6879711679252118
random_forest,1,2023-02-01T00:00:00+00:00,AAPL,1,0.0307102709716911,0.6066652572305145
random_forest,1,2023-02-01T00:00:00+00:00,MSFT,1,0.05576421046019564,0.28615613196035994
random_forest,1,2023-02-01T00:00:00+00:00,QQQ,1,0.0021229690274249258,0.6058967499057959
random_forest,1,2023-02-01T00:00:00+00:00,SPY,0,-0.003080534804743462,0.6253382413456429
random_forest,1,2023-02-02T00:00:00+00:00,AAPL,1,0.009181518830927882,0.5885528386033902
random_forest,1,2023-02-02T00:00:00+00:00,MSFT,1,0.005653909548643865,0.46314691575624245
random_forest,1,2023-02-02T00:00:00+00:00,QQQ,0,-0.01986715124464744,0.6456267603923852
random_forest,1,2023-02-02T00:00:00+00:00,SPY,0,-0.015891924476113428,0.5777072984259035
random_forest,1,2023-02-03T00:00:00+00:00,AAPL,0,-0.011087246174162901,0.6132970328282827
random_forest,1,2023-02-03T00:00:00+00:00,MSFT,1,0.03754407399966908,0.4612919104351961
random_forest,1,2023-02-03T00:00:00+00:00,QQQ,0,-0.009823825742268588,0.5976683030054741
random_forest,1,2023-02-03T00:00:00+00:00,SPY,0,-0.004604028341641864,0.6224690327034079
random_forest,1,2023-02-06T00:00:00+00:00,AAPL,1,0.009346033235371864,0.584629250447265
random_forest,1,2023-02-06T00:00:00+00:00,MSFT,1,0.04450644729180242,0.4289905985934432
random_forest,1,2023-02-06T00:00:00+00:00,QQQ,0,-0.003872685987324709,0.570726072844639
random_forest,1,2023-02-06T00:00:00+00:00,SPY,1,0.003787006991060382,0.6820987866300366
random_forest,1,2023-02-07T00:00:00+00:00,AAPL,0,-0.005475792725199491,0.6610339840220836
random_forest,1,2023-02-07T00:00:00+00:00,MSFT,0,-0.017369729070817463,0.44815710331335323
random_forest,1,2023-02-07T00:00:00+00:00,QQQ,0,-0.013771906488431296,0.6555581022703216
random_forest,1,2023-02-07T00:00:00+00:00,SPY,0,-0.008713662107962206,0.7238574272949272
random_forest,1,2023-02-08T00:00:00+00:00,AAPL,0,-0.002229168426413519,0.6338960310844988
random_forest,1,2023-02-08T00:00:00+00:00,MSFT,0,-0.03523592174948409,0.5031748907160088
random_forest,1,2023-02-08T00:00:00+00:00,QQQ,0,-0.016410560208122815,0.6348242132663084
random_forest,1,2023-02-08T00:00:00+00:00,SPY,0,-0.015532376903305112,0.7655594665750918
random_forest,1,2023-02-09T00:00:00+00:00,AAPL,1,0.01729947579588087,0.6016981318314039
random_forest,1,2023-02-09T00:00:00+00:00,MSFT,0,-0.007684881353040018,0.5665023237587573
random_forest,1,2023-02-09T00:00:00+00:00,QQQ,1,0.003300476489175974,0.6757460753094943
random_forest,1,2023-02-09T00:00:00+00:00,SPY,0,-0.001506084915010364,0.6439819121850373
random_forest,1,2023-02-10T00:00:00+00:00,AAPL,0,-0.006956670496103601,0.6453379514684662
random_forest,1,2023-02-10T00:00:00+00:00,MSFT,0,-0.04869385237904256,0.5396764433483184
random_forest,1,2023-02-10T00:00:00+00:00,QQQ,0,-0.014823800306197787,0.587211343599211
random_forest,1,2023-02-10T00:00:00+00:00,SPY,0,-0.015818326555303908,0.5976397560772561
random_forest,1,2023-02-13T00:00:00+00:00,AAPL,0,-0.023319887905372316,0.6181873180622699
random_forest,1,2023-02-13T00:00:00+00:00,MSFT,0,-0.06767364375597196,0.537491213851508
random_forest,1,2023-02-13T00:00:00+00:00,QQQ,0,-0.02924715934845523,0.675786437316768
random_forest,1,2023-02-13T00:00:00+00:00,SPY,0,-0.03044033499719434,0.5361040001665003
random_forest,1,2023-02-14T00:00:00+00:00,AAPL,0,-0.02168271235970487,0.5468281175147953
random_forest,1,2023-02-14T00:00:00+00:00,MSFT,0,-0.04945812800684446,0.5079414672337467
random_forest,1,2023-02-14T00:00:00+00:00,QQQ,0,-0.024681204183209182,0.614312189439173
random_forest,1,2023-02-14T00:00:00+00:00,SPY,0,-0.023375838903738844,0.5849986930961196
random_forest,1,2023-02-15T00:00:00+00:00,AAPL,0,-0.04360592244136119,0.5856324578199577
random_forest,1,2023-02-15T00:00:00+00:00,MSFT,0,-0.05514486774675387,0.5719361917376139
random_forest,1,2023-02-15T00:00:00+00:00,QQQ,0,-0.04337638318171699,0.5767479594547611
random_forest,1,2023-02-15T00:00:00+00:00,SPY,0,-0.034638815731441785,0.5615397225323696
random_forest,1,2023-02-16T00:00:00+00:00,AAPL,0,-0.03239331279984603,0.6491709393547629
random_forest,1,2023-02-16T00:00:00+00:00,MSFT,0,-0.028661216828252623,0.6895362608184298
random_forest,1,2023-02-16T00:00:00+00:00,QQQ,0,-0.021887051124761858,0.5089183105497443
random_forest,1,2023-02-16T00:00:00+00:00,SPY,0,-0.01721166756700576,0.4889321898861373
random_forest,1,2023-02-17T00:00:00+00:00,AAPL,0,-0.02292814855595604,0.6211533135176226
random_forest,1,2023-02-17T00:00:00+00:00,MSFT,0,-0.02321459338360099,0.6324458379651394
random_forest,1,2023-02-17T00:00:00+00:00,QQQ,0,-0.015293381070166645,0.552606530251654
random_forest,1,2023-02-17T00:00:00+00:00,SPY,0,-0.016433357015552708,0.534351742007992
random_forest,1,2023-02-21T00:00:00+00:00,AAPL,0,-0.015673950137666703,0.5304834653006092
random_forest,1,2023-02-21T00:00:00+00:00,MSFT,0,-0.01507749923042312,0.49781313304750796
random_forest,1,2023-02-21T00:00:00+00:00,QQQ,0,-0.006604873074033346,0.5169130017245827
random_forest,1,2023-02-21T00:00:00+00:00,SPY,0,-0.012264747055092173,0.46080557973480785
random_forest,1,2023-02-22T00:00:00+00:00,AAPL,0,-0.03996615397177927,0.5837884550788478
random_forest,1,2023-02-22T00:00:00+00:00,MSFT,0,-0.037183376379266164,0.5192610029880248
random_forest,1,2023-02-22T00:00:00+00:00,QQQ,0,-0.033180146846890746,0.4606542727085007
random_forest,1,2023-02-22T00:00:00+00:00,SPY,0,-0.02406765874200556,0.3803647229694541
random_forest,1,2023-02-23T00:00:00+00:00,AAPL,1,0.004311122910777732,0.4941452967289849
random_forest,1,2023-02-23T00:00:00+00:00,MSFT,1,0.006905470762279542,0.4855147058823529
random_forest,1,2023-02-23T00:00:00+00:00,QQQ,1,0.010418862972074727,0.4842049523887274
random_forest,1,2023-02-23T00:00:00+00:00,SPY,1,0.008829515721735959,0.4990471497456793
random_forest,1,2023-02-24T00:00:00+00:00,AAPL,1,0.03908140221273171,0.42652186661377833
random_forest,1,2023-02-24T00:00:00+00:00,MSFT,1,0.013695849586241371,0.38517249600889314
random_forest,1,2023-02-24T00:00:00+00:00,QQQ,1,0.017855655562021067,0.46501578792939097
random_forest,1,2023-02-24T00:00:00+00:00,SPY,1,0.010930392315708692,0.5392172380315763
random_forest,1,2023-02-27T00:00:00+00:00,AAPL,1,0.04313437121498076,0.43021643032212886
random_forest,1,2023-02-27T00:00:00+00:00,MSFT,1,0.026972127829805403,0.4385071586909822
random_forest,1,2023-02-27T00:00:00+00:00,QQQ,1,0.02103813403255006,0.4445513514263514
random_forest,1,2023-02-27T00:00:00+00:00,SPY,1,0.016066010480963122,0.5177849647288987
random_forest,1,2023-02-28T00:00:00+00:00,AAPL,1,0.03864799271795438,0.4479826199127669
random_forest,1,2023-02-28T00:00:00+00:00,MSFT,1,0.011056066815220644,0.46950669989732485
random_forest,1,2023-02-28T00:00:00+00:00,QQQ,1,0.009946894503518156,0.42077980179542684
random_forest,1,2023-02-28T00:00:00+00:00,SPY,1,0.005523410453256439,0.4309251915364049
random_forest,1,2023-03-01T00:00:00+00:00,AAPL,1,0.0614572877254711,0.4922360642131345
random_forest,1,2023-03-01T00:00:00+00:00,MSFT,1,0.03552564248032697,0.3866079493423244
random_forest,1,2023-03-01T00:00:00+00:00,QQQ,1,0.03143425979235581,0.45598797036297045
random_forest,1,2023-03-01T00:00:00+00:00,SPY,1,0.015945040046554615,0.5280346828416683
random_forest,1,2023-03-02T00:00:00+00:00,AAPL,1,0.012631023244134676,0.5239368486207203
random_forest,1,2023-03-02T00:00:00+00:00,MSFT,0,-0.006390540245479581,0.4795975725663224
random_forest,1,2023-03-02T00:00:00+00:00,QQQ,0,-0.010647302936346748,0.5093754575693913
random_forest,1,2023-03-02T00:00:00+00:00,SPY,0,-0.023770213016244157,0.575212290638713
random_forest,1,2023-03-03T00:00:00+00:00,AAPL,0,-0.040804489225376384,0.3688381272526494
random_forest,1,2023-03-03T00:00:00+00:00,MSFT,0,-0.03714191892747987,0.48218956645886807
random_forest,1,2023-03-03T00:00:00+00:00,QQQ,0,-0.049122246985707,0.4733222597137556
random_forest,1,2023-03-03T00:00:00+00:00,SPY,0,-0.05925924401660654,0.5826815367026763
random_forest,1,2023-03-06T00:00:00+00:00,AAPL,0,-0.017711346129849814,0.42497784510918235
random_forest,1,2023-03-06T00:00:00+00:00,MSFT,0,-0.0002457858885976938,0.38311667040067765
random_forest,1,2023-03-06T00:00:00+00:00,QQQ,0,-0.021155009923848334,0.3585658008947965
random_forest,1,2023-03-06T00:00:00+00:00,SPY,0,-0.036348758935050296,0.7270352650821403
random_forest,1,2023-03-07T00:00:00+00:00,AAPL,0,-0.012578184504039358,0.5357092213342214
random_forest,1,2023-03-07T00:00:00+00:00,MSFT,1,0.02133772425903291,0.4577953832319642
random_forest,1,2023-03-07T00:00:00+00:00,QQQ,0,-0.008925498153004696,0.4476800752352224
random_forest,1,2023-03-07T00:00:00+00:00,SPY,0,-0.03331166489231874,0.5772075774511436
random_forest,1,2023-03-08T00:00:00+00:00,AAPL,0,-0.011096708419193857,0.424544760794761
random_forest,1,2023-03-08T00:00:00+00:00,MSFT,1,0.03463411557543039,0.5301465981934732
random_forest,1,2023-03-08T00:00:00+00:00,QQQ,0,-0.0031018257496026047,0.6299989648509388
random_forest,1,2023-03-08T00:00:00+00:00,SPY,0,-0.034254332808417276,0.5985181781045752
random_forest,1,2023-03-09T00:00:00+00:00,AAPL,1,0.0370025238992886,0.4885553335553336
random_forest,1,2023-03-09T00:00:00+00:00,MSFT,1,0.10603794847186787,0.5667576954295703
random_forest,1,2023-03-09T00:00:00+00:00,QQQ,1,0.04534085298316248,0.5281207681207684
random_forest,1,2023-03-09T00:00:00+00:00,SPY,1,0.007524626059356443,0.5699541364477025
random_forest,1,2023-03-10T00:00:00+00:00,AAPL,1,0.04702114599410412,0.6425118779300764
random_forest,1,2023-03-10T00:00:00+00:00,MSFT,1,0.11732646142597947,0.555494798298107
random_forest,1,2023-03-10T00:00:00+00:00,QQQ,1,0.06065693160643071,0.7536772063022545
random_forest,1,2023-03-10T00:00:00+00:00,SPY,1,0.025399358388912052,0.7301596606008369
random_forest,1,2023-03-13T00:00:00+00:00,AAPL,1,0.03784812137325311,0.5125688086852949
random_forest,1,2023-03-13T00:00:00+00:00,MSFT,1,0.06847429702764729,0.5661674610112111
random_forest,1,2023-03-13T00:00:00+00:00,QQQ,1,0.04583761772334838,0.7669531346921051
random_forest,1,2023-03-13T00:00:00+00:00,SPY,1,0.019101886576982974,0.6840739565785519
random_forest,1,2023-03-14T00:00:00+00:00,AAPL,1,0.05153579332195268,0.5540094841841166
random_forest,1,2023-03-14T00:00:00+00:00,MSFT,1,0.04951798531090068,0.6138236202114878
random_forest,1,2023-03-14T00:00:00+00:00,QQQ,1,0.05232073725967212,0.52898859310624
random_forest,1,2023-03-14T00:00:00+00:00,SPY,1,0.035144923272398376,0.5927489350926851
random_forest,1,2023-03-15T00:00:00+00:00,AAPL,1,0.04174972537590427,0.5537940863262556
random_forest,1,2023-03-15T00:00:00+00:00,MSFT,1,0.04590611532373634,0.5935558652787273
random_forest,1,2023-03-15T00:00:00+00:00,QQQ,1,0.0395291135316167,0.6062631812631813
random_forest,1,2023-03-15T00:00:00+00:00,SPY,1,0.02322899938013734,0.6913979510073258
random_forest,1,2023-03-16T00:00:00+00:00,AAPL,1,0.015777931986046934,0.5444299820245544
random_forest,1,2023-03-16T00:00:00+00:00,MSFT,0,-0.0056563307583493705,0.4388488941613942
random_forest,1,2023-03-16T00:00:00+00:00,QQQ,1,0.008020028120484746,0.43464991605616615
random_forest,1,2023-03-16T00:00:00+00:00,SPY,0,-0.005500469542073616,0.5871830191866958
random_forest,1,2023-03-17T00:00:00+00:00,AAPL,1,0.029344368203770843,0.48789514093040615
random_forest,1,2023-03-17T00:00:00+00:00,MSFT,1,0.010684964570316646,0.5176717645099999
random_forest,1,2023-03-17T00:00:00+00:00,QQQ,1,0.022077990780323464,0.4515709779073265
random_forest,1,2023-03-17T00:00:00+00:00,SPY,1,0.016695606862032086,0.6718900390867304
random_forest,1,2023-03-20T00:00:00+00:00,AAPL,1,0.0021254042205791635,0.6193950875996636
random_forest,1,2023-03-20T00:00:00+00:00,MSFT,1,0.001305768915377481,0.49003819325776554
random_forest,1,2023-03-20T00:00:00+00:00,QQQ,0,-0.0012524374996824017,0.390374145226119
random_forest,1,2023-03-20T00:00:00+00:00,SPY,0,-0.005691188956693627,0.7650043966450217
random_forest,1,2023-03-21T00:00:00+00:00,AAPL,0,-0.0015592313461535445,0.4561205099026792
random_forest,1,2023-03-21T00:00:00+00:00,MSFT,1,0.01829788250281772,0.5457138814380498
random_forest,1,2023-03-21T00:00:00+00:00,QQQ,0,-3.6088924558752566e-05,0.43032609751359746
random_forest,1,2023-03-21T00:00:00+00:00,SPY,1,0.0010055434118512174,0.6911550949050949
random_forest,1,2023-03-22T00:00:00+00:00,AAPL,1,0.014967395610278711,0.5149128516499839
random_forest,1,2023-03-22T00:00:00+00:00,MSFT,1,0.020587203630871187,0.6209463575640047
random_forest,1,2023-03-22T00:00:00+00:00,QQQ,1,0.015133070673388982,0.4568352567571317
random_forest,1,2023-03-22T00:00:00+00:00,SPY,1,0.020736219555978153,0.7496599468750201
random_forest,1,2023-03-23T00:00:00+00:00,AAPL,1,0.020492529139217286,0.4885459114329085
random_forest,1,2023-03-23T00:00:00+00:00,MSFT,1,0.02136445089628025,0.5046717963731315
random_forest,1,2023-03-23T00:00:00+00:00,QQQ,1,0.019264595842274135,0.47991418865040203
random_forest,1,2023-03-23T00:00:00+00:00,SPY,1,0.030653986356651508,0.7743499642718393
random_forest,1,2023-03-24T00:00:00+00:00,AAPL,1,0.025020570236395034,0.43925518058330565
random_forest,1,2023-03-24T00:00:00+00:00,MSFT,1,0.01942095143239775,0.47862382677736787
random_forest,1,2023-03-24T00:00:00+00:00,QQQ,1,0.02096618793192717,0.3948633856951872
random_forest,1,2023-03-24T00:00:00+00:00,SPY,1,0.02489976967519114,0.6308795386598696
random_forest,1,2023-03-27T00:00:00+00:00,AAPL,1,0.052523362051291045,0.5487318905563393
random_forest,1,2023-03-27T00:00:00+00:00,MSFT,1,0.03940004629717775,0.5340921018642095
random_forest,1,2023-03-27T00:00:00+00:00,QQQ,1,0.038256170762758224,0.4963530393217894
random_forest,1,2023-03-27T00:00:00+00:00,SPY,1,0.037970559215245725,0.6227487009518258
random_forest,1,2023-03-28T00:00:00+00:00,AAPL,1,0.03162973797212376,0.6391332353469543
random_forest,1,2023-03-28T00:00:00+00:00,MSFT,1,0.022651381606616283,0.5604564457515311
random_forest,1,2023-03-28T00:00:00+00:00,QQQ,1,0.021180164758794806,0.5992542346499389
random_forest,1,2023-03-28T00:00:00+00:00,SPY,1,0.017915662583022574,0.5706118473030237
random_forest,1,2023-03-29T00:00:00+00:00,AAPL,1,0.0035625639275842502,0.6406168050699301
random_forest,1,2023-03-29T00:00:00+00:00,MSFT,0,-0.005579457275978417,0.5218051061479372
random_forest,1,2023-03-29T00:00:00+00:00,QQQ,0,-0.005163626532923904,0.5504368947078893
random_forest,1,2023-03-29T00:00:00+00:00,SPY,1,0.004620902840986929,0.6878633489188829
random_forest,1,2023-03-30T00:00:00+00:00,AAPL,0,-0.00826464974194474,0.6568073220692707
random_forest,1,2023-03-30T00:00:00+00:00,MSFT,1,0.01727759972843601,0.4082774246790793
random_forest,1,2023-03-30T00:00:00+00:00,QQQ,0,-0.004651929221142992,0.49182819489054985
random_forest,1,2023-03-30T00:00:00+00:00,SPY,1,0.0028112258752868158,0.7233952587982193
random_forest,1,2023-03-31T00:00:00+00:00,AAPL,0,-0.013662958608223641,0.49607217537364584
random_forest,1,2023-03-31T00:00:00+00:00,MSFT,0,-0.004680010857863182,0.42328849000264457
random_forest,1,2023-03-31T00:00:00+00:00,QQQ,0,-0.00494103882253516,0.39323496815684317
random_forest,1,2023-03-31T00:00:00+00:00,SPY,1,0.0014436661596834988,0.6067047718095029
random_forest,1,2023-04-03T00:00:00+00:00,AAPL,0,-0.03422640107558095,0.3868814375983494
random_forest,1,2023-04-03T00:00:00+00:00,MSFT,0,-0.01047574785148786,0.425326392089163
random_forest,1,2023-04-03T00:00:00+00:00,QQQ,0,-0.010651808462317502,0.464148453912144
random_forest,1,2023-04-03T00:00:00+00:00,SPY,0,-0.001391785865259898,0.6420298332880573
random_forest,1,2023-04-04T00:00:00+00:00,AAPL,0,-0.02083863378480899,0.4374469130102354
random_forest,1,2023-04-04T00:00:00+00:00,MSFT,0,-0.00988838457318042,0.4763045769965757
random_forest,1,2023-04-04T00:00:00+00:00,QQQ,0,-0.012257309979946007,0.5333364024015631
random_forest,1,2023-04-04T00:00:00+00:00,SPY,1,0.0011091065856776439,0.8262429410866909
random_forest,1,2023-04-05T00:00:00+00:00,AAPL,1,0.011273396696918514,0.47999722499722514
random_forest,1,2023-04-05T00:00:00+00:00,MSFT,1,0.011357872927324264,0.47499063997685315
random_forest,1,2023-04-05T00:00:00+00:00,QQQ,1,0.008641398891460206,0.6292627521579727
random_forest,1,2023-04-05T00:00:00+00:00,SPY,1,0.012820874874671873,0.8063036616161616
random_forest,1,2023-04-06T00:00:00+00:00,AAPL,1,0.0206921876684667,0.5978841149659165
random_forest,1,2023-04-06T00:00:00+00:00,MSFT,1,0.00048640768722951755,0.47473698520476804
random_forest,1,2023-04-06T00:00:00+00:00,QQQ,1,0.007758253861784636,0.5604850051908876
random_forest,1,2023-04-06T00:00:00+00:00,SPY,1,0.012139559609614103,0.7883829431393768
random_forest,1,2023-04-10T00:00:00+00:00,AAPL,1,0.021054279064541825,0.5821423541736043
random_forest,1,2023-04-10T00:00:00+00:00,MSFT,1,0.018328720833695744,0.4946818116201822
random_forest,1,2023-04-10T00:00:00+00:00,QQQ,1,0.007924919362651162,0.5934110160672661
random_forest,1,2023-04-10T00:00:00+00:00,SPY,1,0.010943552132876455,0.6472301396520146
random_forest,1,2023-04-11T00:00:00+00:00,AAPL,1,0.026353794709561118,0.6445966416141047
random_forest,1,2023-04-11T00:00:00+00:00,MSFT,1,0.002207120490585135,0.6451376365668644
random_forest,1,2023-04-11T00:00:00+00:00,QQQ,0,-0.006425758428872497,0.5501145382395386
random_forest,1,2023-04-11T00:00:00+00:00,SPY,0,-0.0011499331796359646,0.6055098072882996
random_forest,1,2023-04-12T00:00:00+00:00,AAPL,1,0.025540849934718945,0.5439247014595312
random_forest,1,2023-04-12T00:00:00+00:00,MSFT,1,0.003843895810290654,0.6607987743465682
random_forest,1,2023-04-12T00:00:00+00:00,QQQ,1,0.0007283503461423813,0.5270435668669996
random_forest,1,2023-04-12T00:00:00+00:00,SPY,1,0.0029532430936927145,0.6680551084568597
random_forest,1,2023-04-13T00:00:00+00:00,AAPL,1,0.0007913116388846841,0.5618423049581137
random_forest,1,2023-04-13T00:00:00+00:00,MSFT,0,-0.00891825404299429,0.49291148380665584
random_forest,1,2023-04-13T00:00:00+00:00,QQQ,0,-0.007277310057112518,0.6066622843047479
random_forest,1,2023-04-13T00:00:00+00:00,SPY,0,-0.0034968285214354022,0.7203138803598362
random_forest,1,2023-04-14T00:00:00+00:00,AAPL,0,-0.002542224913551494,0.6974865060388955
random_forest,1,2023-04-14T00:00:00+00:00,MSFT,0,-0.02898459019317301,0.7013808327089575
random_forest,1,2023-04-14T00:00:00+00:00,QQQ,0,-0.007550519703212744,0.6502980589849198
random_forest,1,2023-04-14T00:00:00+00:00,SPY,0,-0.002917537753842292,0.6612808785373125
random_forest,1,2023-04-17T00:00:00+00:00,AAPL,0,-0.007465666886598332,0.5799236557968176
random_forest,1,2023-04-17T00:00:00+00:00,MSFT,0,-0.04327762266092372,0.7057458942201589
random_forest,1,2023-04-17T00:00:00+00:00,QQQ,0,-0.022829375327006907,0.6285308614996115
random_forest,1,2023-04-17T00:00:00+00:00,SPY,0,-0.014005313349161108,0.7029143405613991
random_forest,1,2023-04-18T00:00:00+00:00,AAPL,0,-0.01849096611433454,0.5126830185745628
random_forest,1,2023-04-18T00:00:00+00:00,MSFT,1,0.0353759821983628,0.4982801714915205
random_forest,1,2023-04-18T00:00:00+00:00,QQQ,0,-0.011365922794633443,0.5751449087064895
random_forest,1,2023-04-18T00:00:00+00:00,SPY,0,-0.015313681041340677,0.6616983368959473
random_forest,1,2023-04-19T00:00:00+00:00,AAPL,0,-0.007406014879254963,0.5233447771591153
random_forest,1,2023-04-19T00:00:00+00:00,MSFT,1,0.03550780993348335,0.4870594130832619
random_forest,1,2023-04-19T00:00:00+00:00,QQQ,0,-0.001966330533604621,0.6493516206016203
random_forest,1,2023-04-19T00:00:00+00:00,SPY,0,-0.01221563354220312,0.6096712136923534
random_forest,1,2023-04-20T00:00:00+00:00,AAPL,1,0.018802571470507567,0.5107227341694253
random_forest,1,2023-04-20T00:00:00+00:00,MSFT,1,0.06453324631837631,0.5882753293855268
random_forest,1,2023-04-20T00:00:00+00:00,QQQ,1,0.011270334887191646,0.5002531269953385
random_forest,1,2023-04-20T00:00:00+00:00,SPY,0,-0.003692859793037573,0.7452719069125318
random_forest,1,2023-04-21T00:00:00+00:00,AAPL,1,0.023889475995196863,0.5521861089278373
random_forest,1,2023-04-21T00:00:00+00:00,MSFT,1,0.0860243363051969,0.4680053331064359
random_forest,1,2023-04-21T00:00:00+00:00,QQQ,1,0.016013755020568565,0.5095042808981953
random_forest,1,2023-04-21T00:00:00+00:00,SPY,1,0.006431923864899103,0.8084088047369296
random_forest,1,2023-04-24T00:00:00+00:00,AAPL,1,0.027605601835919424,0.5648476885655198
random_forest,1,2023-04-24T00:00:00+00:00,MSFT,1,0.09886987113819545,0.4866662851037852
random_forest,1,2023-04-24T00:00:00+00:00,QQQ,1,0.02286523214063574,0.5706300147113808
random_forest,1,2023-04-24T00:00:00+00:00,SPY,1,0.00818661834275014,0.7349463313765269
random_forest,1,2023-04-25T00:00:00+00:00,AAPL,1,0.03741776863628976,0.6373322684260185
random_forest,1,2023-04-25T00:00:00+00:00,MSFT,1,0.03136957510481242,0.40738982779883515
random_forest,1,2023-04-25T00:00:00+00:00,QQQ,1,0.018093114539497135,0.5085987555830821
random_forest,1,2023-04-25T00:00:00+00:00,SPY,1,0.009387524337494346,0.5336355831668329
random_forest,1,2023-04-26T00:00:00+00:00,AAPL,0,-0.003810427963874652,0.611183131105006
random_forest,1,2023-04-26T00:00:00+00:00,MSFT,1,0.03263226516480544,0.39621286570541614
random_forest,1,2023-04-26T00:00:00+00:00,QQQ,1,0.0023013386803545366,0.4199902752476282
random_forest,1,2023-04-26T00:00:00+00:00,SPY,0,-0.002169574668913543,0.7098888764421856
random_forest,1,2023-04-27T00:00:00+00:00,AAPL,1,0.012750855912947223,0.44616462401654927
random_forest,1,2023-04-27T00:00:00+00:00,MSFT,1,0.0036157252472497348,0.5436337575071128
random_forest,1,2023-04-27T00:00:00+00:00,QQQ,0,-0.007111130677696531,0.41170197296575967
random_forest,1,2023-04-27T00:00:00+00:00,SPY,0,-0.008255289896547335,0.5653287755953197
random_forest,1,2023-04-28T00:00:00+00:00,AAPL,1,0.01686800679659317,0.5405420645477246
random_forest,1,2023-04-28T00:00:00+00:00,MSFT,1,0.008275674902671337,0.3191369680156444
random_forest,1,2023-04-28T00:00:00+00:00,QQQ,0,-0.0009751817457916978,0.5510576377258362
random_forest,1,2023-04-28T00:00:00+00:00,SPY,0,-0.008003247499184685,0.5749613259493775
random_forest,1,2023-05-01T00:00:00+00:00,AAPL,1,0.01536941612923326,0.5199288899095402
random_forest,1,2023-05-01T00:00:00+00:00,MSFT,0,-0.0012197902402178995,0.3601823411474147
random_forest,1,2023-05-01T00:00:00+00:00,QQQ,0,-0.0023696203340275446,0.5953228368853369
random_forest,1,2023-05-01T00:00:00+00:00,SPY,0,-0.01075641989598497,0.7334549973106955
random_forest,1,2023-05-02T00:00:00+00:00,AAPL,1,0.018727425837201883,0.3590099341018459
random_forest,1,2023-05-02T00:00:00+00:00,MSFT,1,0.004511918211784982,0.35572339374269524
random_forest,1,2023-05-02T00:00:00+00:00,QQQ,1,0.011641964147325767,0.5612527056277055
random_forest,1,2023-05-02T00:00:00+00:00,SPY,1,0.004115610361320243,0.589295446689748
random_forest,1,2023-05-03T00:00:00+00:00,AAPL,1,0.05223268118290392,0.5049337728243979
random_forest,1,2023-05-03T00:00:00+00:00,MSFT,1,0.010581372336440964,0.4098829841522858
random_forest,1,2023-05-03T00:00:00+00:00,QQQ,1,0.02519772792252928,0.589296781139612
random_forest,1,2023-05-03T00:00:00+00:00,SPY,1,0.010313616376089518,0.6185489597208347
random_forest,1,2023-05-04T00:00:00+00:00,AAPL,1,0.014813253728288345,0.586044146825397
random_forest,1,2023-05-04T00:00:00+00:00,MSFT,1,0.013768894858398717,0.4788133195440182
random_forest,1,2023-05-04T00:00:00+00:00,QQQ,1,0.023918165577623718,0.6707644668444301
random_forest,1,2023-05-04T00:00:00+00:00,SPY,1,0.009009163150775823,0.536618286737772
random_forest,1,2023-05-05T00:00:00+00:00,AAPL,1,0.0033223723061939214,0.6620555409663869
random_forest,1,2023-05-05T00:00:00+00:00,MSFT,0,-0.00531258286785119,0.3685589262657277
random_forest,1,2023-05-05T00:00:00+00:00,QQQ,1,0.007566323486300819,0.46801475662495395
random_forest,1,2023-05-05T00:00:00+00:00,SPY,0,-0.0038104557218343604,0.631114667093527
random_forest,1,2023-05-08T00:00:00+00:00,AAPL,0,-0.0067390476708542035,0.7360229823281291
random_forest,1,2023-05-08T00:00:00+00:00,MSFT,1,0.003931603801554218,0.41969903615583765
random_forest,1,2023-05-08T00:00:00+00:00,QQQ,1,0.010585556523657669,0.48769918551628094
random_forest,1,2023-05-08T00:00:00+00:00,SPY,0,-0.00022584920629986627,0.7239261907414482
random_forest,1,2023-05-09T00:00:00+00:00,AAPL,0,-0.008184115491665755,0.660362731121003
random_forest,1,2023-05-09T00:00:00+00:00,MSFT,1,0.012077444901111622,0.5087617764180262
random_forest,1,2023-05-09T00:00:00+00:00,QQQ,1,0.010687792874984892,0.5247719146662162
random_forest,1,2023-05-09T00:00:00+00:00,SPY,0,-0.0056870685118889375,0.621401567182817
random_forest,1,2023-05-10T00:00:00+00:00,AAPL,0,-0.005503801199658431,0.6095729056482735
random_forest,1,2023-05-10T00:00:00+00:00,MSFT,1,0.014471914727292257,0.46940168950738814
random_forest,1,2023-05-10T00:00:00+00:00,QQQ,1,0.015835470492256754,0.6528577825360913
random_forest,1,2023-05-10T00:00:00+00:00,SPY,1,0.005148856783799616,0.6195778333186419
random_forest,1,2023-05-11T00:00:00+00:00,AAPL,1,0.013924519531577806,0.6794196989693311
random_forest,1,2023-05-11T00:00:00+00:00,MSFT,1,0.020119884432223234,0.5761474220224221
random_forest,1,2023-05-11T00:00:00+00:00,QQQ,1,0.030837049218300105,0.5555263451879647
random_forest,1,2023-05-11T00:00:00+00:00,SPY,1,0.014296580578998075,0.6851372361298833
random_forest,1,2023-05-12T00:00:00+00:00,AAPL,1,0.002728312210185324,0.6030896926806852
random_forest,1,2023-05-12T00:00:00+00:00,MSFT,1,0.030923678324643378,0.6434317436036184
random_forest,1,2023-05-12T00:00:00+00:00,QQQ,1,0.030930712871497068,0.42749333132145617
random_forest,1,2023-05-12T00:00:00+00:00,SPY,1,0.013545086940832007,0.5849324572486336
random_forest,1,2023-05-15T00:00:00+00:00,AAPL,1,0.004617270001727736,0.6543191071591808
random_forest,1,2023-05-15T00:00:00+00:00,MSFT,1,0.03311102284912537,0.5838203636641139
random_forest,1,2023-05-15T00:00:00+00:00,QQQ,1,0.028089640577465103,0.5220084128494055
random_forest,1,2023-05-15T00:00:00+00:00,SPY,1,0.01065082433206399,0.6182956239022416
random_forest,1,2023-05-16T00:00:00+00:00,AAPL,0,-0.005601724598272351,0.5848199048704563
random_forest,1,2023-05-16T00:00:00+00:00,MSFT,1,0.0057997844791379816,0.566194659072223
random_forest,1,2023-05-16T00:00:00+00:00,QQQ,1,0.007518704231433748,0.5775592463092464
random_forest,1,2023-05-16T00:00:00+00:00,SPY,0,-0.001828718358933723,0.7481651044013176
random_forest,1,2023-05-17T00:00:00+00:00,AAPL,0,-0.005401585819836741,0.5860286261940677
random_forest,1,2023-05-17T00:00:00+00:00,MSFT,1,0.02563885264155963,0.6106951537025064
random_forest,1,2023-05-17T00:00:00+00:00,QQQ,1,0.020941266862626984,0.4083526211329519
random_forest,1,2023-05-17T00:00:00+00:00,SPY,0,-0.0023829612281621726,0.5743521995773833
random_forest,2,2023-05-18T00:00:00+00:00,AAPL,0,-0.01936790942124411,0.660101911976912
random_forest,2,2023-05-18T00:00:00+00:00,MSFT,1,0.020940080691643548,0.5879913411697951
random_forest,2,2023-05-18T00:00:00+00:00,QQQ,1,0.007671668834095424,0.46543794545443473
random_forest,2,2023-05-18T00:00:00+00:00,SPY,0,-0.013493921999935155,0.5344745471032237
random_forest,2,2023-05-19T00:00:00+00:00,AAPL,1,0.015096189879331812,0.6459034579434152
random_forest,2,2023-05-19T00:00:00+00:00,MSFT,1,0.050095053555335056,0.5645899682371723
random_forest,2,2023-05-19T00:00:00+00:00,QQQ,1,0.046855614189377226,0.3940715074011742
random_forest,2,2023-05-19T00:00:00+00:00,SPY,1,0.00608346582770114,0.48747000521623196
random_forest,2,2023-05-22T00:00:00+00:00,AAPL,1,0.022212680220566883,0.519882170525553
random_forest,2,2023-05-22T00:00:00+00:00,MSFT,1,0.03623455333643988,0.5468026947467737
random_forest,2,2023-05-22T00:00:00+00:00,QQQ,1,0.03508285369462816,0.37727366574120025
random_forest,2,2023-05-22T00:00:00+00:00,SPY,1,0.0008733384842825043,0.5798841484667722
random_forest,2,2023-05-23T00:00:00+00:00,AAPL,1,0.036559493896217266,0.7003586036533986
random_forest,2,2023-05-23T00:00:00+00:00,MSFT,1,0.033516679983819575,0.5416967295368033
random_forest,2,2023-05-23T00:00:00+00:00,QQQ,1,0.04727423578663914,0.5148267318164217
random_forest,2,2023-05-23T00:00:00+00:00,SPY,1,0.011722662416445484,0.5550731550978265
random_forest,2,2023-05-24T00:00:00+00:00,AAPL,1,0.04789921854921775,0.604722460792991
random_forest,2,2023-05-24T00:00:00+00:00,MSFT,1,0.03199530034095033,0.6543542507329274
random_forest,2,2023-05-24T00:00:00+00:00,QQQ,1,0.041142286820124996,0.6256412684537686
random_forest,2,2023-05-24T00:00:00+00:00,SPY,1,0.02148788195438711,0.7493248625514493
random_forest,2,2023-05-25T00:00:00+00:00,AAPL,1,0.051610446538129295,0.65459706959707
random_forest,2,2023-05-25T00:00:00+00:00,MSFT,1,0.03249889438979281,0.6617965505695287
random_forest,2,2023-05-25T00:00:00+00:00,QQQ,1,0.03803800494942289,0.46821520329623095
random_forest,2,2023-05-25T00:00:00+00:00,SPY,1,0.02911964927384747,0.7031825639638142
random_forest,2,2023-05-26T00:00:00+00:00,AAPL,1,0.014977377065025443,0.5668598328754579
random_forest,2,2023-05-26T00:00:00+00:00,MSFT,0,-0.0017003350435884634,0.46838147351015
random_forest,2,2023-05-26T00:00:00+00:00,QQQ,1,0.0024444954152949006,0.3562088489843846
random_forest,2,2023-05-26T00:00:00+00:00,SPY,1,0.008974399113683473,0.5545718471683542
random_forest,2,2023-05-30T00:00:00+00:00,AAPL,1,0.004248852875032849,0.6692488965283083
random_forest,2,2023-05-30T00:00:00+00:00,MSFT,0,-0.0039202212728255414,0.5980178888663797
random_forest,2,2023-05-30T00:00:00+00:00,QQQ,1,0.01736794378156592,0.3020053072721837
random_forest,2,2023-05-30T00:00:00+00:00,SPY,1,0.022243560865151224,0.5129806432334008
random_forest,2,2023-05-31T00:00:00+00:00,AAPL,0,-0.0008747227459074969,0.6177067489291758
random_forest,2,2023-05-31T00:00:00+00:00,MSFT,0,-0.008091429656457483,0.5738890912954864
random_forest,2,2023-05-31T00:00:00+00:00,QQQ,1,0.001991262694157614,0.390965701608884
random_forest,2,2023-05-31T00:00:00+00:00,SPY,1,0.018363483728567775,0.4598486496142746
random_forest,2,2023-06-01T00:00:00+00:00,AAPL,1,0.0005932111946926888,0.7172366990326069
random_forest,2,2023-06-01T00:00:00+00:00,MSFT,0,-0.029646420519989558,0.580890241294653
random_forest,2,2023-06-01T00:00:00+00:00,QQQ,1,0.00034340939219457134,0.4612016712152582
random_forest,2,2023-06-01T00:00:00+00:00,SPY,1,0.010838394337418844,0.8265512612387612
random_forest,2,2023-06-02T00:00:00+00:00,AAPL,0,-0.00943012897201323,0.5512550705013941
random_forest,2,2023-06-02T00:00:00+00:00,MSFT,0,-0.02176633662155536,0.5778490494391229
random_forest,2,2023-06-02T00:00:00+00:00,QQQ,1,0.0029580023083131124,0.2605203339348559
random_forest,2,2023-06-02T00:00:00+00:00,SPY,1,0.0041538618432332974,0.6808281475468972
random_forest,2,2023-06-05T00:00:00+00:00,AAPL,1,0.01369545040723863,0.6987827970640471
random_forest,2,2023-06-05T00:00:00+00:00,MSFT,0,-0.004557498669067295,0.5406053668553666
random_forest,2,2023-06-05T00:00:00+00:00,QQQ,1,0.023382839260040145,0.3826638210645564
random_forest,2,2023-06-05T00:00:00+00:00,SPY,1,0.01823488403877671,0.5709662039349539
random_forest,2,2023-06-06T00:00:00+00:00,AAPL,1,0.025575054165793976,0.554608054323128
random_forest,2,2023-06-06T00:00:00+00:00,MSFT,1,0.006096769537712987,0.6620886930675535
random_forest,2,2023-06-06T00:00:00+00:00,QQQ,1,0.020877262459230828,0.3949585149435188
random_forest,2,2023-06-06T00:00:00+00:00,SPY,1,0.01796478079780406,0.6164242727248243
random_forest,2,2023-06-07T00:00:00+00:00,AAPL,1,0.031998169400515364,0.5802642322954821
random_forest,2,2023-06-07T00:00:00+00:00,MSFT,1,0.03971648739269251,0.6104911255003166
random_forest,2,2023-06-07T00:00:00+00:00,QQQ,1,0.0422820558358985,0.5306359145723987
random_forest,2,2023-06-07T00:00:00+00:00,SPY,1,0.020716883857355928,0.6063720394189145
random_forest,2,2023-06-08T00:00:00+00:00,AAPL,1,0.02675961608462707,0.5895746349775958
random_forest,2,2023-06-08T00:00:00+00:00,MSFT,1,0.07885784377911809,0.5035771943538487
random_forest,2,2023-06-08T00:00:00+00:00,QQQ,1,0.04891094967512344,0.5563216889319831
random_forest,2,2023-06-08T00:00:00+00:00,SPY,1,0.03213609816815044,0.5691490974303475
random_forest,2,2023-06-09T00:00:00+00:00,AAPL,1,0.01528989327058694,0.6011676604645357
random_forest,2,2023-06-09T00:00:00+00:00,MSFT,1,0.030592535366043894,0.5548950171560466
random_forest,2,2023-06-09T00:00:00+00:00,QQQ,1,0.02675487402241128,0.42910797404242657
random_forest,2,2023-06-09T00:00:00+00:00,SPY,1,0.016888667315265726,0.567546969472521
random_forest,2,2023-06-12T00:00:00+00:00,AAPL,1,0.009467055604348351,0.5258881711307699
random_forest,2,2023-06-12T00:00:00+00:00,MSFT,1,0.0036710879546195674,0.5134185702981661
random_forest,2,2023-06-12T00:00:00+00:00,QQQ,1,0.006110902528333684,0.4005540405264668
random_forest,2,2023-06-12T00:00:00+00:00,SPY,1,0.003641916393839706,0.7163858455678307
random_forest,2,2023-06-13T00:00:00+00:00,AAPL,1,1.5912349446312035e-05,0.4833460004048239
random_forest,2,2023-06-13T00:00:00+00:00,MSFT,0,-0.0026549220572474885,0.42762185526891416
random_forest,2,2023-06-13T00:00:00+00:00,QQQ,0,-0.00789201685287666,0.40441452644577647
random_forest,2,2023-06-13T00:00:00+00:00,SPY,0,-0.005305035834889726,0.5248944708273753
random_forest,2,2023-06-14T00:00:00+00:00,AAPL,1,0.006627837345440257,0.39740310037185045
random_forest,2,2023-06-14T00:00:00+00:00,MSFT,0,-0.011224572215501105,0.35699251473608107
random_forest,2,2023-06-14T00:00:00+00:00,QQQ,0,-0.007207230449226554,0.33794192770808473
random_forest,2,2023-06-14T00:00:00+00:00,SPY,0,-0.006096418660664349,0.5724426023323083
random_forest,2,2023-06-15T00:00:00+00:00,AAPL,0,-0.0014633732449942372,0.4234490228929568
random_forest,2,2023-06-15T00:00:00+00:00,MSFT,0,-0.051994531734768534,0.6563844009340335
random_forest,2,2023-06-15T00:00:00+00:00,QQQ,0,-0.029372369473285698,0.28255095352381526
random_forest,2,2023-06-15T00:00:00+00:00,SPY,0,-0.025426379513499242,0.5769089244089243
random_forest,2,2023-06-16T00:00:00+00:00,AAPL,1,0.006011477757401185,0.4900720735555294
random_forest,2,2023-06-16T00:00:00+00:00,MSFT,0,-0.02391077248615281,0.6033082353716547
random_forest,2,2023-06-16T00:00:00+00:00,QQQ,0,-0.020269997549274166,0.4139470842624869
random_forest,2,2023-06-16T00:00:00+00:00,SPY,0,-0.013633219221269033,0.6130340752997003
random_forest,2,2023-06-20T00:00:00+00:00,AAPL,1,0.014356377995786929,0.5456753994575687
random_forest,2,2023-06-20T00:00:00+00:00,MSFT,0,-0.007071390847416481,0.5917471182820447
random_forest,2,2023-06-20T00:00:00+00:00,QQQ,0,-0.012258054252676787,0.5770329853969562
random_forest,2,2023-06-20T00:00:00+00:00,SPY,0,-0.004537813564787996,0.7721091311670354
random_forest,2,2023-06-21T00:00:00+00:00,AAPL,1,0.02700680093831398,0.6297555946912567
random_forest,2,2023-06-21T00:00:00+00:00,MSFT,0,-0.00023569836739278927,0.6184888564254375
random_forest,2,2023-06-21T00:00:00+00:00,QQQ,1,0.00799246139874632,0.5873574209695536
random_forest,2,2023-06-21T00:00:00+00:00,SPY,1,0.0026246357341408455,0.7071035371845646
random_forest,2,2023-06-22T00:00:00+00:00,AAPL,1,0.030704001539814563,0.7422375037995201
random_forest,2,2023-06-22T00:00:00+00:00,MSFT,1,0.008120459611527853,0.5299536870400842
random_forest,2,2023-06-22T00:00:00+00:00,QQQ,1,0.012715356195961425,0.5862913521323448
random_forest,2,2023-06-22T00:00:00+00:00,SPY,1,0.017619464853932287,0.6601769411144409
random_forest,2,2023-06-23T00:00:00+00:00,AAPL,1,0.035127245307592814,0.6404902909590411
random_forest,2,2023-06-23T00:00:00+00:00,MSFT,1,0.014360224645058262,0.5319535347532158
random_forest,2,2023-06-23T00:00:00+00:00,QQQ,1,0.020250470480697835,0.5654441871445549
random_forest,2,2023-06-23T00:00:00+00:00,SPY,1,0.02176274841928194,0.6901846504190251
random_forest,2,2023-06-26T00:00:00+00:00,AAPL,1,0.028496608188044226,0.6533668272087391
random_forest,2,2023-06-26T00:00:00+00:00,MSFT,1,0.007715685237786429,0.20399710057314543
random_forest,2,2023-06-26T00:00:00+00:00,QQQ,1,0.024254284008326188,0.4804149884021207
random_forest,2,2023-06-26T00:00:00+00:00,SPY,1,0.02006949276079184,0.6108290741497494
random_forest,2,2023-06-27T00:00:00+00:00,AAPL,1,0.008144903261500192,0.772999344217659
random_forest,2,2023-06-27T00:00:00+00:00,MSFT,1,0.005874807872290333,0.45212576394730986
random_forest,2,2023-06-27T00:00:00+00:00,QQQ,1,0.010491414380582542,0.5398813487370474
random_forest,2,2023-06-27T00:00:00+00:00,SPY,1,0.008026873994549266,0.5505573190086057
random_forest,2,2023-06-28T00:00:00+00:00,AAPL,1,0.010300073563437762,0.7329919437180468
random_forest,2,2023-06-28T00:00:00+00:00,MSFT,1,0.011747752665330013,0.3173745958902208
random_forest,2,2023-06-28T00:00:00+00:00,QQQ,1,0.006194654889990714,0.43818858300515934
random_forest,2,2023-06-28T00:00:00+00:00,SPY,1,0.004114260856243446,0.4616054028691896
random_forest,2,2023-06-29T00:00:00+00:00,AAPL,0,-0.014341167364724572,0.7109990731125605
random_forest,2,2023-06-29T00:00:00+00:00,MSFT,0,-0.011305772912419854,0.3255566932100408
random_forest,2,2023-06-29T00:00:00+00:00,QQQ,0,-0.006315357150973755,0.5344559061241049
random_forest,2,2023-06-29T00:00:00+00:00,SPY,0,-0.009368162851676742,0.49127075181762664
random_forest,2,2023-06-30T00:00:00+00:00,AAPL,0,-0.025792083962549173,0.4918124604154017
random_forest,2,2023-06-30T00:00:00+00:00,MSFT,0,-0.025918982522709744,0.35069737248046084
random_forest,2,2023-06-30T00:00:00+00:00,QQQ,0,-0.010843735326073745,0.45699117848973997
random_forest,2,2023-06-30T00:00:00+00:00,SPY,0,-0.007563358111617791,0.5565645929846296
random_forest,2,2023-07-03T00:00:00+00:00,AAPL,0,-0.011843987448764137,0.5966904500728032
random_forest,2,2023-07-03T00:00:00+00:00,MSFT,1,0.002499215611588612,0.19161663856976355
random_forest,2,2023-07-03T00:00:00+00:00,QQQ,1,0.007854700896925637,0.5065073672242794
random_forest,2,2023-07-03T00:00:00+00:00,SPY,1,0.008119660055635247,0.7448604627602788
random_forest,2,2023-07-05T00:00:00+00:00,AAPL,1,0.001471734910743816,0.6728634820041072
random_forest,2,2023-07-05T00:00:00+00:00,MSFT,1,0.00468857638620368,0.2967678792373086
random_forest,2,2023-07-05T00:00:00+00:00,QQQ,1,0.02397921180528484,0.6715664097331696
random_forest,2,2023-07-05T00:00:00+00:00,SPY,1,0.017261533290294784,0.6773132049409138
random_forest,2,2023-07-06T00:00:00+00:00,AAPL,0,-0.008150530030672454,0.7249500586219333
random_forest,2,2023-07-06T00:00:00+00:00,MSFT,1,0.022325527456905192,0.49154197365134883
random_forest,2,2023-07-06T00:00:00+00:00,QQQ,1,0.03159181204405703,0.5884944972061971
random_forest,2,2023-07-06T00:00:00+00:00,SPY,1,0.024964046756529745,0.5904131780188769
random_forest,2,2023-07-07T00:00:00+00:00,AAPL,1,0.011923375181813967,0.7365310936322449
random_forest,2,2023-07-07T00:00:00+00:00,MSFT,1,0.031049884554676277,0.47740882405904
random_forest,2,2023-07-07T00:00:00+00:00,QQQ,1,0.03574493673281487,0.5073779557239437
random_forest,2,2023-07-07T00:00:00+00:00,SPY,1,0.022941954465988124,0.611736978809589
random_forest,2,2023-07-10T00:00:00+00:00,AAPL,1,0.02010847164601226,0.7147399284367163
random_forest,2,2023-07-10T00:00:00+00:00,MSFT,1,0.04252713711790235,0.4273561064140107
random_forest,2,2023-07-10T00:00:00+00:00,QQQ,1,0.039278150542712,0.6361887867034927
random_forest,2,2023-07-10T00:00:00+00:00,SPY,1,0.02077391547438845,0.6613965711576005
random_forest,2,2023-07-11T00:00:00+00:00,AAPL,1,0.01599617172041956,0.6800386434439745
random_forest,2,2023-07-11T00:00:00+00:00,MSFT,1,0.07257064904077004,0.49055034936468755
random_forest,2,2023-07-11T00:00:00+00:00,QQQ,1,0.03681357801189056,0.6288817682521729
random_forest,2,2023-07-11T00:00:00+00:00,SPY,1,0.017273878763352624,0.5115645811983853
random_forest,2,2023-07-12T00:00:00+00:00,AAPL,1,0.022048486210194618,0.7489262473637475
random_forest,2,2023-07-12T00:00:00+00:00,MSFT,1,0.03917923807447954,0.34812739650055824
random_forest,2,2023-07-12T00:00:00+00:00,QQQ,1,0.015411710526243239,0.6567446745851476
random_forest,2,2023-07-12T00:00:00+00:00,SPY,1,0.011972682164679727,0.5517801556082805
random_forest,2,2023-07-13T00:00:00+00:00,AAPL,1,0.01830537709982627,0.7119843978529639
random_forest,2,2023-07-13T00:00:00+00:00,MSFT,1,0.0024810883070169876,0.4599667921625157
random_forest,2,2023-07-13T00:00:00+00:00,QQQ,0,-0.003076001045209109,0.5416993494390457
random_forest,2,2023-07-13T00:00:00+00:00,SPY,1,0.0057114800532771515,0.6753845572319837
random_forest,2,2023-07-14T00:00:00+00:00,AAPL,1,0.005855125876481626,0.7549436351736143
random_forest,2,2023-07-14T00:00:00+00:00,MSFT,0,-0.001506971514553257,0.5563150386174285
random_forest,2,2023-07-14T00:00:00+00:00,QQQ,0,-0.010354055178480537,0.527689393939394
random_forest,2,2023-07-14T00:00:00+00:00,SPY,1,0.007423435533986167,0.6574354638417137
random_forest,2,2023-07-17T00:00:00+00:00,AAPL,0,-0.00210115696538149,0.6603825744044396
random_forest,2,2023-07-17T00:00:00+00:00,MSFT,1,0.0016957121400889008,0.5401798722111222
random_forest,2,2023-07-17T00:00:00+00:00,QQQ,0,-0.015088205775556918,0.4684365321050211
random_forest,2,2023-07-17T00:00:00+00:00,SPY,1,0.005578506215156542,0.6393376129589363
random_forest,2,2023-07-18T00:00:00+00:00,AAPL,1,0.0009479747689775664,0.6266775560020043
random_forest,2,2023-07-18T00:00:00+00:00,MSFT,0,-0.05802964744415928,0.65183778027528
random_forest,2,2023-07-18T00:00:00+00:00,QQQ,0,-0.025476149180194918,0.3251359835930755
random_forest,2,2023-07-18T00:00:00+00:00,SPY,0,-0.0031824499357632208,0.5214220138467913
random_forest,2,2023-07-19T00:00:00+00:00,AAPL,1,0.0027594281271037246,0.6353851406913523
random_forest,2,2023-07-19T00:00:00+00:00,MSFT,0,-0.03894671269470884,0.6401871783939315
random_forest,2,2023-07-19T00:00:00+00:00,QQQ,0,-0.0007980554895106184,0.3820931667393065
random_forest,2,2023-07-19T00:00:00+00:00,SPY,1,0.008659488499617174,0.5337495551833785
random_forest,2,2023-07-20T00:00:00+00:00,AAPL,1,0.0009326541171903457,0.5338545288453374
random_forest,2,2023-07-20T00:00:00+00:00,MSFT,0,-0.04624568087809311,0.6234213620272057
random_forest,2,2023-07-20T00:00:00+00:00,QQQ,1,0.0021081033491154866,0.6530034783435518
random_forest,2,2023-07-20T00:00:00+00:00,SPY,1,0.0022230256113844327,0.5971271986473708
random_forest,2,2023-07-21T00:00:00+00:00,AAPL,1,0.011675848927661603,0.6374485063547563
random_forest,2,2023-07-21T00:00:00+00:00,MSFT,0,-0.027766956367327178,0.6080501360041318
random_forest,2,2023-07-21T00:00:00+00:00,QQQ,1,0.01700153713902397,0.6705300342019089
random_forest,2,2023-07-21T00:00:00+00:00,SPY,1,0.006895374382915875,0.6080007293564277
random_forest,2,2023-07-24T00:00:00+00:00,AAPL,1,0.013024073979258644,0.7547545666300504
random_forest,2,2023-07-24T00:00:00+00:00,MSFT,0,-0.03627005098822411,0.6687276214390185
random_forest,2,2023-07-24T00:00:00+00:00,QQQ,1,0.012192776609798672,0.7915384809226718
random_forest,2,2023-07-24T00:00:00+00:00,SPY,1,0.0031686084056194996,0.6675885399322896
random_forest,2,2023-07-25T00:00:00+00:00,AAPL,1,0.005061757768738184,0.71858732464431
random_forest,2,2023-07-25T00:00:00+00:00,MSFT,0,-0.024825942468527207,0.5964613695128402
random_forest,2,2023-07-25T00:00:00+00:00,QQQ,1,0.0020709598142334418,0.7516331952361365
random_forest,2,2023-07-25T00:00:00+00:00,SPY,0,-0.004677192944450903,0.6501501796814294
random_forest,2,2023-07-26T00:00:00+00:00,AAPL,0,-0.024654440322444016,0.686750567651303
random_forest,2,2023-07-26T00:00:00+00:00,MSFT,0,-0.044441012511339584,0.5787334627178377
random_forest,2,2023-07-26T00:00:00+00:00,QQQ,0,-0.030994738206678862,0.6823165309975969
random_forest,2,2023-07-26T00:00:00+00:00,SPY,0,-0.02587080406826192,0.5209225496725495
random_forest,2,2023-07-27T00:00:00+00:00,AAPL,0,-0.048906565596814056,0.7146034255776904
random_forest,2,2023-07-27T00:00:00+00:00,MSFT,0,-0.007351795513512505,0.5358904524805261
random_forest,2,2023-07-27T00:00:00+00:00,QQQ,0,-0.01507777319143433,0.5097444493911887
random_forest,2,2023-07-27T00:00:00+00:00,SPY,0,-0.013294060792195528,0.5695697142608422
random_forest,2,2023-07-28T00:00:00+00:00,AAPL,0,-0.0729055196296512,0.7017088115112011
random_forest,2,2023-07-28T00:00:00+00:00,MSFT,0,-0.027324118137248,0.5213116744366743
random_forest,2,2023-07-28T00:00:00+00:00,QQQ,0,-0.027767770861856,0.5375576942860352
random_forest,2,2023-07-28T00:00:00+00:00,SPY,0,-0.020980259104235066,0.5170313091728531
random_forest,2,2023-07-31T00:00:00+00:00,AAPL,0,-0.08616510519549636,0.5445682299726416
random_forest,2,2023-07-31T00:00:00+00:00,MSFT,0,-0.026502190688204696,0.5082956279831276
random_forest,2,2023-07-31T00:00:00+00:00,QQQ,0,-0.027240921354368508,0.707328908060006
random_forest,2,2023-07-31T00:00:00+00:00,SPY,0,-0.019911973640384217,0.6004981650294149
random_forest,2,2023-08-01T00:00:00+00:00,AAPL,0,-0.0745045598826255,0.5175684696226975
random_forest,2,2023-08-01T00:00:00+00:00,MSFT,0,-0.023416180171454748,0.5523219749000999
random_forest,2,2023-08-01T00:00:00+00:00,QQQ,0,-0.020339173912188646,0.5460512179813649
random_forest,2,2023-08-01T00:00:00+00:00,SPY,0,-0.011289880429195764,0.612673824337427
random_forest,2,2023-08-02T00:00:00+00:00,AAPL,0,-0.06498190426500228,0.6292588227744479
random_forest,2,2023-08-02T00:00:00+00:00,MSFT,0,-0.0019367590690140268,0.5620938513080056
random_forest,2,2023-08-02T00:00:00+00:00,QQQ,0,-0.004600752804295949,0.39793310141655736
random_forest,2,2023-08-02T00:00:00+00:00,SPY,0,-0.0016638343649720833,0.7306239246864246
random_forest,2,2023-08-03T00:00:00+00:00,AAPL,0,-0.044821694865152306,0.603576224123099
random_forest,2,2023-08-03T00:00:00+00:00,MSFT,0,-0.03694067352866259,0.3937993639326359
random_forest,2,2023-08-03T00:00:00+00:00,QQQ,0,-0.02792080778504258,0.3648536614529262
random_forest,2,2023-08-03T00:00:00+00:00,SPY,0,-0.01694413304395026,0.6198090798090797
random_forest,2,2023-08-04T00:00:00+00:00,AAPL,0,-0.023476502885477535,0.7708290260113981
random_forest,2,2023-08-04T00:00:00+00:00,MSFT,0,-0.02321212893711866,0.4407396545448016
random_forest,2,2023-08-04T00:00:00+00:00,QQQ,0,-0.02455385023101564,0.4078715147189412
random_forest,2,2023-08-04T00:00:00+00:00,SPY,0,-0.01091678290241227,0.602261137555255
random_forest,2,2023-08-07T00:00:00+00:00,AAPL,0,-0.005155373046047407,0.6557185937074191
random_forest,2,2023-08-07T00:00:00+00:00,MSFT,0,-0.01408530659670082,0.41482757438639795
random_forest,2,2023-08-07T00:00:00+00:00,QQQ,0,-0.010782706749961402,0.3943474545266824
random_forest,2,2023-08-07T00:00:00+00:00,SPY,0,-0.00602946857642761,0.5669101037851039
random_forest,2,2023-08-08T00:00:00+00:00,AAPL,0,-0.02131473200064382,0.5703291230881691
random_forest,2,2023-08-08T00:00:00+00:00,MSFT,0,-0.017254547925396047,0.48703454888657083
random_forest,2,2023-08-08T00:00:00+00:00,QQQ,0,-0.019208183467767093,0.5020672679036652
random_forest,2,2023-08-08T00:00:00+00:00,SPY,0,-0.01660039951487302,0.7032798150583075
random_forest,2,2023-08-09T00:00:00+00:00,AAPL,0,-0.013679477811881613,0.5305313182581949
random_forest,2,2023-08-09T00:00:00+00:00,MSFT,0,-0.016695853379551817,0.49315394164658877
random_forest,2,2023-08-09T00:00:00+00:00,QQQ,0,-0.020856681572262503,0.36879008627896004
random_forest,2,2023-08-09T00:00:00+00:00,SPY,0,-0.01765195522657592,0.5649930900121978
random_forest,2,2023-08-10T00:00:00+00:00,AAPL,0,-0.030251941686190942,0.5588894005300256
random_forest,2,2023-08-10T00:00:00+00:00,MSFT,0,-0.01790387169514618,0.492113626531922
random_forest,2,2023-08-10T00:00:00+00:00,QQQ,0,-0.031257321570345775,0.5583014595698417
random_forest,2,2023-08-10T00:00:00+00:00,SPY,0,-0.025825875967296352,0.6311361427583855
random_forest,2,2023-08-11T00:00:00+00:00,AAPL,0,-0.01826001954953904,0.514404756293543
random_forest,2,2023-08-11T00:00:00+00:00,MSFT,0,-0.010651848641392347,0.468155577518242
random_forest,2,2023-08-11T00:00:00+00:00,QQQ,0,-0.01786523497222192,0.47183482544502253
random_forest,2,2023-08-11T00:00:00+00:00,SPY,0,-0.01804427925693297,0.47929415763974575
random_forest,2,2023-08-14T00:00:00+00:00,AAPL,0,-0.012151993997284394,0.4524785279059175
random_forest,2,2023-08-14T00:00:00+00:00,MSFT,1,0.007855756219252497,0.4237258183315652
random_forest,2,2023-08-14T00:00:00+00:00,QQQ,0,-0.009590423783316537,0.48591702568265066
random_forest,2,2023-08-14T00:00:00+00:00,SPY,0,-0.01338078237483542,0.6116525534041979
random_forest,2,2023-08-15T00:00:00+00:00,AAPL,1,0.005833589415793927,0.4632710482940263
random_forest,2,2023-08-15T00:00:00+00:00,MSFT,1,0.0073970631536122156,0.4821195818070816
random_forest,2,2023-08-15T00:00:00+00:00,QQQ,0,-0.005517023877429028,0.5373603671010793
random_forest,2,2023-08-15T00:00:00+00:00,SPY,0,-0.009238322143214739,0.4759904316207527
random_forest,2,2023-08-16T00:00:00+00:00,AAPL,1,0.017889777739847013,0.508116755589182
random_forest,2,2023-08-16T00:00:00+00:00,MSFT,1,0.03632932511103126,0.5165715616083262
random_forest,2,2023-08-16T00:00:00+00:00,QQQ,1,0.021803329934111604,0.6052755812406547
random_forest,2,2023-08-16T00:00:00+00:00,SPY,1,0.005987610209031491,0.5449128677050508
random_forest,2,2023-08-17T00:00:00+00:00,AAPL,1,0.02742665893558449,0.5295796651265401
random_forest,2,2023-08-17T00:00:00+00:00,MSFT,1,0.02015230145447089,0.5852390664890665
random_forest,2,2023-08-17T00:00:00+00:00,QQQ,1,0.01713284879574939,0.5784533986234353
random_forest,2,2023-08-17T00:00:00+00:00,SPY,1,0.010230305743674784,0.576755851889124
random_forest,2,2023-08-18T00:00:00+00:00,AAPL,1,0.026618647048119115,0.6470618163495001
random_forest,2,2023-08-18T00:00:00+00:00,MSFT,1,0.022266969182417107,0.5761312472249973
random_forest,2,2023-08-18T00:00:00+00:00,QQQ,1,0.018455091522971534,0.5588828532578531
random_forest,2,2023-08-18T00:00:00+00:00,SPY,1,0.00869941998531254,0.580566398980921
random_forest,2,2023-08-21T00:00:00+00:00,AAPL,1,0.012882549673052246,0.5819578425047173
random_forest,2,2023-08-21T00:00:00+00:00,MSFT,0,-0.013097118144314024,0.5176542401634316
random_forest,2,2023-08-21T00:00:00+00:00,QQQ,0,-0.0019707464060431112,0.47723533819122055
random_forest,2,2023-08-21T00:00:00+00:00,SPY,1,0.001327309003107624,0.519364640159677
random_forest,2,2023-08-22T00:00:00+00:00,AAPL,1,0.033892478980268814,0.5060232649295151
random_forest,2,2023-08-22T00:00:00+00:00,MSFT,1,0.012949679823319071,0.7345414134476634
random_forest,2,2023-08-22T00:00:00+00:00,QQQ,1,0.026197555143529394,0.6725233380794042
random_forest,2,2023-08-22T00:00:00+00:00,SPY,1,0.021313339269251053,0.6802449414083507
random_forest,2,2023-08-23T00:00:00+00:00,AAPL,1,0.03760836586213223,0.5169116932903698
random_forest,2,2023-08-23T00:00:00+00:00,MSFT,0,-0.01294199023416065,0.6449264445725841
random_forest,2,2023-08-23T00:00:00+00:00,QQQ,1,0.009518136667971522,0.5426516744403257
random_forest,2,2023-08-23T00:00:00+00:00,SPY,1,0.013622088316321834,0.435756327516438
random_forest,2,2023-08-24T00:00:00+00:00,AAPL,1,0.06613699701920961,0.6400014308608057
random_forest,2,2023-08-24T00:00:00+00:00,MSFT,1,0.02855027009813549,0.7356892147884793
random_forest,2,2023-08-24T00:00:00+00:00,QQQ,1,0.04852637312364072,0.4851740276300065
random_forest,2,2023-08-24T00:00:00+00:00,SPY,1,0.030967088798008913,0.4791897881906104
random_forest,2,2023-08-25T00:00:00+00:00,AAPL,1,0.04338841094080892,0.5613539270488281
random_forest,2,2023-08-25T00:00:00+00:00,MSFT,1,0.008237361185869041,0.7216704996392497
random_forest,2,2023-08-25T00:00:00+00:00,QQQ,1,0.024597810853037805,0.6730603638599961
random_forest,2,2023-08-25T00:00:00+00:00,SPY,1,0.017161325853407794,0.5158089566683315
random_forest,2,2023-08-28T00:00:00+00:00,AAPL,1,0.046319073563243496,0.5366491310171166
random_forest,2,2023-08-28T00:00:00+00:00,MSFT,1,0.033658321838615946,0.6014965329809081
random_forest,2,2023-08-28T00:00:00+00:00,QQQ,1,0.027188452985822176,0.7918852911096042
random_forest,2,2023-08-28T00:00:00+00:00,SPY,1,0.010966129934234958,0.719742548607438
random_forest,2,2023-08-29T00:00:00+00:00,AAPL,0,-0.05466642631972163,0.4378053503138156
random_forest,2,2023-08-29T00:00:00+00:00,MSFT,1,0.005957760864101269,0.5671675779178681
random_forest,2,2023-08-29T00:00:00+00:00,QQQ,0,-0.014430406119976258,0.5446288484799516
random_forest,2,2023-08-29T00:00:00+00:00,SPY,0,-0.016207335697447478,0.7050384557231982
random_forest,2,2023-08-30T00:00:00+00:00,AAPL,0,-0.052418846984635725,0.723137064630631
random_forest,2,2023-08-30T00:00:00+00:00,MSFT,1,0.0007000677390875953,0.7159174506049503
random_forest,2,2023-08-30T00:00:00+00:00,QQQ,0,-0.015050790098254607,0.6863728163176692
random_forest,2,2023-08-30T00:00:00+00:00,SPY,0,-0.01691333655123739,0.613270631533499
random_forest,2,2023-08-31T00:00:00+00:00,AAPL,0,-0.051611049645018836,0.7627005898781732
random_forest,2,2023-08-31T00:00:00+00:00,MSFT,1,0.01586507018050831,0.612661266724976
random_forest,2,2023-08-31T00:00:00+00:00,QQQ,0,-0.014433699702075642,0.6670242890279654
random_forest,2,2023-08-31T00:00:00+00:00,SPY,0,-0.01285524977867436,0.6045601707320458
random_forest,2,2023-09-01T00:00:00+00:00,AAPL,0,-0.048590479641767104,0.7610090532693571
random_forest,2,2023-09-01T00:00:00+00:00,MSFT,1,0.01869019712820319,0.6834921440895704
random_forest,2,2023-09-01T00:00:00+00:00,QQQ,0,-0.005971188034090691,0.7810638544462074
random_forest,2,2023-09-01T00:00:00+00:00,SPY,0,-0.010367421367216245,0.6936332897086575
random_forest,2,2023-09-05T00:00:00+00:00,AAPL,0,-0.0649822718830586,0.7470430932425416
random_forest,2,2023-09-05T00:00:00+00:00,MSFT,0,-0.008194865592541567,0.6876207578057905
random_forest,2,2023-09-05T00:00:00+00:00,QQQ,0,-0.013240341177690684,0.6519576593749387
random_forest,2,2023-09-05T00:00:00+00:00,SPY,0,-0.00685015822821522,0.606139489085261
random_forest,2,2023-09-06T00:00:00+00:00,AAPL,0,-0.008720398976946986,0.5056659385935702
random_forest,2,2023-09-06T00:00:00+00:00,MSFT,1,0.021679962507026307,0.7937072710785945
random_forest,2,2023-09-06T00:00:00+00:00,QQQ,1,0.013583460007781545,0.8113032504668534
random_forest,2,2023-09-06T00:00:00+00:00,SPY,1,0.011425660431940043,0.7280727473098798
random_forest,2,2023-09-07T00:00:00+00:00,AAPL,0,-0.01246196495760854,0.39132331621229655
random_forest,2,2023-09-07T00:00:00+00:00,MSFT,1,0.018652021787371798,0.7082619310836221
random_forest,2,2023-09-07T00:00:00+00:00,QQQ,1,0.008464428992603246,0.758587827103452
random_forest,2,2023-09-07T00:00:00+00:00,SPY,1,0.006564888984674555,0.7079179108269182
random_forest,2,2023-09-08T00:00:00+00:00,AAPL,0,-0.02189479714188569,0.47461747636500917
random_forest,2,2023-09-08T00:00:00+00:00,MSFT,0,-0.029934129787086206,0.7802329849480583
random_forest,2,2023-09-08T00:00:00+00:00,QQQ,0,-0.017420900437503106,0.6918057856155282
random_forest,2,2023-09-08T00:00:00+00:00,SPY,0,-0.010073929896734057,0.7671122193778442
random_forest,2,2023-09-11T00:00:00+00:00,AAPL,0,-0.01295166008444526,0.5618059559925368
random_forest,2,2023-09-11T00:00:00+00:00,MSFT,0,-0.03067608322071036,0.8410546744921744
random_forest,2,2023-09-11T00:00:00+00:00,QQQ,0,-0.016399616612950085,0.7609810762154512
random_forest,2,2023-09-11T00:00:00+00:00,SPY,0,-0.008046155519328746,0.6573882908349822
random_forest,2,2023-09-12T00:00:00+00:00,AAPL,1,0.013550765758398864,0.5149473075943667
random_forest,2,2023-09-12T00:00:00+00:00,MSFT,0,-0.007420011448924124,0.7698747693278942
random_forest,2,2023-09-12T00:00:00+00:00,QQQ,0,-0.006126216206084001,0.7253188000026718
random_forest,2,2023-09-12T00:00:00+00:00,SPY,0,-0.0034379387606853218,0.7228773396742147
random_forest,2,2023-09-13T00:00:00+00:00,AAPL,1,0.0011567076634868556,0.4988782622606154
random_forest,2,2023-09-13T00:00:00+00:00,MSFT,0,-0.0605274709785425,0.8140597943722945
random_forest,2,2023-09-13T00:00:00+00:00,QQQ,0,-0.04093101461097226,0.6718897255028251
random_forest,2,2023-09-13T00:00:00+00:00,SPY,0,-0.028295622768901407,0.7718213557276055
random_forest,2,2023-09-14T00:00:00+00:00,AAPL,0,-0.012233737676049627,0.5815329270241711
random_forest,2,2023-09-14T00:00:00+00:00,MSFT,0,-0.048207337544283524,0.8476632915695415
random_forest,2,2023-09-14T00:00:00+00:00,QQQ,0,-0.04383758857766418,0.6862163918597742
random_forest,2,2023-09-14T00:00:00+00:00,SPY,0,-0.03478565138714795,0.5941249734312817
random_forest,2,2023-09-15T00:00:00+00:00,AAPL,0,-0.014891835183042046,0.5202258517465077
random_forest,2,2023-09-15T00:00:00+00:00,MSFT,0,-0.036127332072530494,0.6590483310549099
random_forest,2,2023-09-15T00:00:00+00:00,QQQ,0,-0.03547928932535549,0.6594408848912525
random_forest,2,2023-09-15T00:00:00+00:00,SPY,0,-0.03326372803954725,0.730974786549235
random_forest,2,2023-09-18T00:00:00+00:00,AAPL,0,-0.017177072487375544,0.4993560004129858
random_forest,2,2023-09-18T00:00:00+00:00,MSFT,0,-0.035777974349423314,0.6881221173638453
random_forest,2,2023-09-18T00:00:00+00:00,QQQ,0,-0.03531727863149703,0.5987422733516483
random_forest,2,2023-09-18T00:00:00+00:00,SPY,0,-0.032635970606593845,0.8412515680806119
random_forest,2,2023-09-19T00:00:00+00:00,AAPL,0,-0.038965190792506266,0.594600207906129
random_forest,2,2023-09-19T00:00:00+00:00,MSFT,0,-0.05412290512065454,0.7175343013808088
random_forest,2,2023-09-19T00:00:00+00:00,QQQ,0,-0.0438874120337307,0.6301889491227726
random_forest,2,2023-09-19T00:00:00+00:00,SPY,0,-0.04002906864391598,0.8001147010454286
random_forest,2,2023-09-20T00:00:00+00:00,AAPL,0,-0.03178662658924902,0.6395488795636337
random_forest,2,2023-09-20T00:00:00+00:00,MSFT,0,-0.02784986332205619,0.43621524819135127
random_forest,2,2023-09-20T00:00:00+00:00,QQQ,0,-0.020503146985442644,0.6031805221245043
random_forest,2,2023-09-20T00:00:00+00:00,SPY,0,-0.025407683225904365,0.6518487547991223
random_forest,2,2023-09-21T00:00:00+00:00,AAPL,0,-0.017139026821382686,0.5549456301084107
random_forest,2,2023-09-21T00:00:00+00:00,MSFT,0,-0.013086330659620948,0.542380353108149
random_forest,2,2023-09-21T00:00:00+00:00,QQQ,1,0.0033025562413109277,0.4883311512135526
random_forest,2,2023-09-21T00:00:00+00:00,SPY,0,-0.0037980539488676746,0.5876084332334333
random_forest,2,2023-09-22T00:00:00+00:00,AAPL,0,-0.019070290316462013,0.5384789891105198
random_forest,2,2023-09-22T00:00:00+00:00,MSFT,0,-0.002975257724797342,0.42961133393288
random_forest,2,2023-09-22T00:00:00+00:00,QQQ,1,0.0025038855426846585,0.3479623141736146
random_forest,2,2023-09-22T00:00:00+00:00,SPY,0,-0.007927873234399918,0.4637741493703663
random_forest,2,2023-09-25T00:00:00+00:00,AAPL,0,-0.016612465367060292,0.5387239052818098
random_forest,2,2023-09-25T00:00:00+00:00,MSFT,1,0.016053717967365655,0.4436045369104581
random_forest,2,2023-09-25T00:00:00+00:00,QQQ,1,0.003006165043136111,0.3771818857204887
random_forest,2,2023-09-25T00:00:00+00:00,SPY,0,-0.011371314516416597,0.46634015746680213
random_forest,2,2023-09-26T00:00:00+00:00,AAPL,0,-0.010843702080530315,0.45701709391507184
random_forest,2,2023-09-26T00:00:00+00:00,MSFT,1,0.0035306088198028274,0.4721836629196828
random_forest,2,2023-09-26T00:00:00+00:00,QQQ,0,-0.0009029045735230445,0.5185584237797376
random_forest,2,2023-09-26T00:00:00+00:00,SPY,0,-0.013728477812236073,0.5496080135142636
random_forest,2,2023-09-27T00:00:00+00:00,AAPL,1,0.024228113241946625,0.5749327668858919
random_forest,2,2023-09-27T00:00:00+00:00,MSFT,1,0.023995783752564392,0.6126482934259151
random_forest,2,2023-09-27T00:00:00+00:00,QQQ,1,0.013869410827809237,0.5673444743304938
random_forest,2,2023-09-27T00:00:00+00:00,SPY,0,-0.004625107843779563,0.6187596344627595
random_forest,2,2023-09-28T00:00:00+00:00,AAPL,1,0.008328883112891372,0.7259273732803144
random_forest,2,2023-09-28T00:00:00+00:00,MSFT,0,-0.005766991984215375,0.566451708014208
random_forest,2,2023-09-28T00:00:00+00:00,QQQ,0,-0.01825707367366103,0.5442039589613602
random_forest,2,2023-09-28T00:00:00+00:00,SPY,0,-0.024423980764936792,0.6103313006438006
random_forest,2,2023-09-29T00:00:00+00:00,AAPL,1,0.030584779490484104,0.6481480325230324
random_forest,2,2023-09-29T00:00:00+00:00,MSFT,1,0.02472859887529988,0.5400447154271164
random_forest,2,2023-09-29T00:00:00+00:00,QQQ,1,0.00846798719144548,0.5761960987660001
random_forest,2,2023-09-29T00:00:00+00:00,SPY,1,0.00024774954551753936,0.6617138983092931
random_forest,2,2023-10-02T00:00:00+00:00,AAPL,1,0.031836534429516394,0.5309779369935621
random_forest,2,2023-10-02T00:00:00+00:00,MSFT,1,0.029513346684828967,0.41520183809246297
random_forest,2,2023-10-02T00:00:00+00:00,QQQ,1,0.02058909498450534,0.48998363870606526
random_forest,2,2023-10-02T00:00:00+00:00,SPY,1,0.016503502628184785,0.6798159871926319
random_forest,2,2023-10-03T00:00:00+00:00,AAPL,1,0.039476119933415044,0.6629690495692818
random_forest,2,2023-10-03T00:00:00+00:00,MSFT,1,0.0526007040008698,0.4411475763819512
random_forest,2,2023-10-03T00:00:00+00:00,QQQ,1,0.03775149996848359,0.5840563374856138
random_forest,2,2023-10-03T00:00:00+00:00,SPY,1,0.03008885248855231,0.663591928904429
random_forest,2,2023-10-04T00:00:00+00:00,AAPL,1,0.03406520834635951,0.7557957927489178
random_forest,2,2023-10-04T00:00:00+00:00,MSFT,1,0.0339074560346766,0.49969306340267056
random_forest,2,2023-10-04T00:00:00+00:00,QQQ,1,0.03126497129715311,0.7287736718261099
random_forest,2,2023-10-04T00:00:00+00:00,SPY,1,0.027610922966550433,0.6292153332778333
random_forest,2,2023-10-05T00:00:00+00:00,AAPL,1,0.04175799049272966,0.6799392317348973
random_forest,2,2023-10-05T00:00:00+00:00,MSFT,1,0.04791018070022024,0.5358821097525625
random_forest,2,2023-10-05T00:00:00+00:00,QQQ,1,0.039869756088651176,0.7407990783726077
random_forest,2,2023-10-05T00:00:00+00:00,SPY,1,0.029315959098859645,0.6202107313373761
random_forest,2,2023-10-06T00:00:00+00:00,AAPL,0,-0.002336586499276261,0.5155701590076588
random_forest,2,2023-10-06T00:00:00+00:00,MSFT,1,0.017362810011590568,0.543062096706398
random_forest,2,2023-10-06T00:00:00+00:00,QQQ,1,0.009901909806705245,0.6650058299489896
random_forest,2,2023-10-06T00:00:00+00:00,SPY,1,0.012566721595265617,0.5942718173370747
random_forest,2,2023-10-09T00:00:00+00:00,AAPL,0,-0.010123252513720704,0.5640512069253844
random_forest,2,2023-10-09T00:00:00+00:00,MSFT,0,-0.006129267977449726,0.4853026929855491
random_forest,2,2023-10-09T00:00:00+00:00,QQQ,0,-0.004962901920257279,0.6390457034473094
random_forest,2,2023-10-09T00:00:00+00:00,SPY,0,-0.0022974484980657905,0.7074194642163388
random_forest,2,2023-10-10T00:00:00+00:00,AAPL,0,-0.016671023891411285,0.6101939556186843
random_forest,2,2023-10-10T00:00:00+00:00,MSFT,1,0.0018589550051084647,0.5435887392889616
random_forest,2,2023-10-10T00:00:00+00:00,QQQ,0,-0.013517021047780298,0.5887448872399528
random_forest,2,2023-10-10T00:00:00+00:00,SPY,0,-0.005319868792857174,0.579812456098253
random_forest,2,2023-10-11T00:00:00+00:00,AAPL,0,-0.024333494553487767,0.6673132667985604
random_forest,2,2023-10-11T00:00:00+00:00,MSFT,1,0.0027720317608250777,0.6233416713092117
random_forest,2,2023-10-11T00:00:00+00:00,QQQ,0,-0.020576463611004514,0.6309994866244865
random_forest,2,2023-10-11T00:00:00+00:00,SPY,0,-0.01570205983188555,0.5412863682155475
random_forest,2,2023-10-12T00:00:00+00:00,AAPL,0,-0.035609473691976645,0.5730444397310206
random_forest,2,2023-10-12T00:00:00+00:00,MSFT,0,-0.0039798081852020495,0.6039733780312824
random_forest,2,2023-10-12T00:00:00+00:00,QQQ,0,-0.031919133465351246,0.6664765182733929
random_forest,2,2023-10-12T00:00:00+00:00,SPY,0,-0.023163828436327027,0.6303450925901581
random_forest,2,2023-10-13T00:00:00+00:00,AAPL,0,-0.03497310386556618,0.7098766400921486
random_forest,2,2023-10-13T00:00:00+00:00,MSFT,0,-0.018819901466267885,0.7188706121288841
random_forest,2,2023-10-13T00:00:00+00:00,QQQ,0,-0.03836606276179688,0.7485982735283723
random_forest,2,2023-10-13T00:00:00+00:00,SPY,0,-0.03468827328292989,0.7529450670856919
random_forest,2,2023-10-16T00:00:00+00:00,AAPL,0,-0.022336471302531802,0.6970245206182706
random_forest,2,2023-10-16T00:00:00+00:00,MSFT,1,0.003179745581717741,0.6757616092037048
random_forest,2,2023-10-16T00:00:00+00:00,QQQ,0,-0.024641973025156694,0.7160031114718614
random_forest,2,2023-10-16T00:00:00+00:00,SPY,0,-0.02542570661997534,0.6358040779686001
random_forest,2,2023-10-17T00:00:00+00:00,AAPL,0,-0.023029013325486347,0.7683348075535575
random_forest,2,2023-10-17T00:00:00+00:00,MSFT,1,0.03561215413594443,0.7139390021742961
random_forest,2,2023-10-17T00:00:00+00:00,QQQ,0,-0.026479454177896433,0.709636596042846
random_forest,2,2023-10-17T00:00:00+00:00,SPY,0,-0.030269990295106353,0.6487707608653817
random_forest,2,2023-10-18T00:00:00+00:00,AAPL,0,-0.03414239443879685,0.65897492417713
random_forest,2,2023-10-18T00:00:00+00:00,MSFT,1,0.023211323254465288,0.6865064796314796
random_forest,2,2023-10-18T00:00:00+00:00,QQQ,0,-0.044920711217568354,0.7063525674692952
random_forest,2,2023-10-18T00:00:00+00:00,SPY,0,-0.0355771800800978,0.7058676306332556
random_forest,2,2023-10-19T00:00:00+00:00,AAPL,0,-0.04981738774312161,0.7010711337273837
random_forest,2,2023-10-19T00:00:00+00:00,MSFT,0,-0.005879014414684192,0.6921415813557356
random_forest,2,2023-10-19T00:00:00+00:00,QQQ,0,-0.038174309412397966,0.751476976863006
random_forest,2,2023-10-19T00:00:00+00:00,SPY,0,-0.029619924510241202,0.6769043109668109
random_forest,2,2023-10-20T00:00:00+00:00,AAPL,0,-0.013034452757187842,0.6854918345543344
random_forest,2,2023-10-20T00:00:00+00:00,MSFT,1,0.02234892675098843,0.6006679477589403
random_forest,2,2023-10-20T00:00:00+00:00,QQQ,0,-0.01733844093868675,0.6572713178365749
random_forest,2,2023-10-20T00:00:00+00:00,SPY,0,-0.016387280966210782,0.7104640151515151
random_forest,2,2023-10-23T00:00:00+00:00,AAPL,0,-0.02333655348998087,0.6780505345349095
random_forest,2,2023-10-23T00:00:00+00:00,MSFT,1,0.02074566339029027,0.559149912587413
random_forest,2,2023-10-23T00:00:00+00:00,QQQ,0,-0.025111899205005894,0.5401273726273726
random_forest,2,2023-10-23T00:00:00+00:00,SPY,0,-0.017275653587226936,0.5185472891079508
random_forest,2,2023-10-24T00:00:00+00:00,AAPL,0,-0.007107832841424355,0.6625242649507356
random_forest,2,2023-10-24T00:00:00+00:00,MSFT,0,-0.0171262402202097,0.5556006320068821
random_forest,2,2023-10-24T00:00:00+00:00,QQQ,0,-0.015931358961795872,0.695874810952936
random_forest,2,2023-10-24T00:00:00+00:00,SPY,0,-0.008361288264742028,0.7172303666513227
random_forest,2,2023-10-25T00:00:00+00:00,AAPL,1,0.028170102170317568,0.7030279009185258
random_forest,2,2023-10-25T00:00:00+00:00,MSFT,1,0.017637055481411368,0.6632852824259075
random_forest,2,2023-10-25T00:00:00+00:00,QQQ,1,0.03350601889174598,0.5231693813045399
random_forest,2,2023-10-25T00:00:00+00:00,SPY,1,0.022277790683759013,0.5439997091724063
random_forest,2,2023-10-26T00:00:00+00:00,AAPL,1,0.041830272569062465,0.5602740296715238
random_forest,2,2023-10-26T00:00:00+00:00,MSFT,1,0.05599209475986888,0.5070865584954692
random_forest,2,2023-10-26T00:00:00+00:00,QQQ,1,0.050778536879054315,0.6033624521226109
random_forest,2,2023-10-26T00:00:00+00:00,SPY,1,0.04366255644797401,0.6276093296323559
random_forest,2,2023-10-27T00:00:00+00:00,AAPL,1,0.04146028423845172,0.6037507790734375
random_forest,2,2023-10-27T00:00:00+00:00,MSFT,1,0.057988134294482574,0.5360980997953715
random_forest,2,2023-10-27T00:00:00+00:00,QQQ,1,0.057280024484213765,0.5091940825718397
random_forest,2,2023-10-27T00:00:00+00:00,SPY,1,0.0508751543331778,0.556946993978244
random_forest,2,2023-10-30T00:00:00+00:00,AAPL,1,0.055931499139920016,0.4851328782532828
random_forest,2,2023-10-30T00:00:00+00:00,MSFT,1,0.058527006285509,0.6603825973862737
random_forest,2,2023-10-30T00:00:00+00:00,QQQ,1,0.05812830869604513,0.5457502046564546
random_forest,2,2023-10-30T00:00:00+00:00,SPY,1,0.044787130649295515,0.5800477755818313
random_forest,2,2023-10-31T00:00:00+00:00,AAPL,1,0.06424378557385801,0.605192304121532
random_forest,2,2023-10-31T00:00:00+00:00,MSFT,1,0.06229556326425545,0.6370818081020287
random_forest,2,2023-10-31T00:00:00+00:00,QQQ,1,0.058610490732387,0.48070857961482955
random_forest,2,2023-10-31T00:00:00+00:00,SPY,1,0.041688330888916436,0.44608963085525594
random_forest,2,2023-11-01T00:00:00+00:00,AAPL,1,0.040305638035552205,0.6934436331695907
random_forest,2,2023-11-01T00:00:00+00:00,MSFT,1,0.04128605271809849,0.6915783088439339
random_forest,2,2023-11-01T00:00:00+00:00,QQQ,1,0.03140310428254489,0.6094787728611256
random_forest,2,2023-11-01T00:00:00+00:00,SPY,1,0.025725669574425458,0.6284746554507583
random_forest,2,2023-11-02T00:00:00+00:00,AAPL,1,0.05512095604987599,0.6281107148570383
random_forest,2,2023-11-02T00:00:00+00:00,MSFT,1,0.03185558267666466,0.7414326389984283
random_forest,2,2023-11-02T00:00:00+00:00,QQQ,1,0.017346583449846076,0.6459658353396258
random_forest,2,2023-11-02T00:00:00+00:00,SPY,1,0.004545583765330985,0.5455278947971964
random_forest,2,2023-11-03T00:00:00+00:00,AAPL,1,0.05280102119994168,0.5945871028642408
random_forest,2,2023-11-03T00:00:00+00:00,MSFT,1,0.03970661607459203,0.7796765131798025
random_forest,2,2023-11-03T00:00:00+00:00,QQQ,1,0.02048138257091603,0.7346095657814409
random_forest,2,2023-11-03T00:00:00+00:00,SPY,1,0.006619120136678092,0.6899136061038632
random_forest,2,2023-11-06T00:00:00+00:00,AAPL,1,0.04683442117414027,0.6172542015786501
random_forest,2,2023-11-06T00:00:00+00:00,MSFT,1,0.03024144126397843,0.745591756562151
random_forest,2,2023-11-06T00:00:00+00:00,QQQ,1,0.03422743929955252,0.7440478072785057
random_forest,2,2023-11-06T00:00:00+00:00,SPY,1,0.02235144837038039,0.7078928924425244
random_forest,2,2023-11-07T00:00:00+00:00,AAPL,1,0.029457852974116294,0.6034217083978113
random_forest,2,2023-11-07T00:00:00+00:00,MSFT,1,0.02657085889038968,0.7334535671747842
random_forest,2,2023-11-07T00:00:00+00:00,QQQ,1,0.035907389585678295,0.7697346852762391
random_forest,2,2023-11-07T00:00:00+00:00,SPY,1,0.026649917301339254,0.6820530082662434
random_forest,2,2023-11-08T00:00:00+00:00,AAPL,1,0.03542034798982696,0.5660771086552336
random_forest,2,2023-11-08T00:00:00+00:00,MSFT,1,0.023930939482610825,0.6409229120660043
random_forest,2,2023-11-08T00:00:00+00:00,QQQ,1,0.02791756262841405,0.6795675336982419
random_forest,2,2023-11-08T00:00:00+00:00,SPY,1,0.02256326435085443,0.6210195375498686
random_forest,2,2023-11-09T00:00:00+00:00,AAPL,1,0.032069797485079876,0.5603493300000653
random_forest,2,2023-11-09T00:00:00+00:00,MSFT,1,0.033556500065308636,0.6098762157068077
random_forest,2,2023-11-09T00:00:00+00:00,QQQ,1,0.03394206849712167,0.6964398101898102
random_forest,2,2023-11-09T00:00:00+00:00,SPY,1,0.030644582595934722,0.726441691988567
random_forest,2,2023-11-10T00:00:00+00:00,AAPL,1,0.019861215873497207,0.6375635312400013
random_forest,2,2023-11-10T00:00:00+00:00,MSFT,1,0.008174781048604585,0.4821086273923446
random_forest,2,2023-11-10T00:00:00+00:00,QQQ,1,0.022529079580906775,0.6109229033941206
random_forest,2,2023-11-10T00:00:00+00:00,SPY,1,0.02367742120529126,0.7549574042443624
random_forest,2,2023-11-13T00:00:00+00:00,AAPL,1,0.01772812240278898,0.5523930868967633
random_forest,2,2023-11-13T00:00:00+00:00,MSFT,1,0.012588226073132036,0.5268204780416952
random_forest,2,2023-11-13T00:00:00+00:00,QQQ,1,0.01178683476819109,0.5970057615082285
random_forest,2,2023-11-13T00:00:00+00:00,SPY,1,0.013341359293725708,0.8016863396267905
random_forest,2,2023-11-14T00:00:00+00:00,AAPL,1,0.01734051563262695,0.5516148624981827
random_forest,2,2023-11-14T00:00:00+00:00,MSFT,1,0.01606544662993792,0.4408909712363661
random_forest,2,2023-11-14T00:00:00+00:00,QQQ,1,0.006558222514958301,0.5435843501345146
random_forest,2,2023-11-14T00:00:00+00:00,SPY,1,0.00880001094190419,0.585144050190006
random_forest,2,2023-11-15T00:00:00+00:00,AAPL,1,0.0048457974038300655,0.5608408611727109
random_forest,2,2023-11-15T00:00:00+00:00,MSFT,1,0.015139508603832619,0.4755360769476481
random_forest,2,2023-11-15T00:00:00+00:00,QQQ,1,0.010475635415398088,0.554548205009215
random_forest,2,2023-11-15T00:00:00+00:00,SPY,1,0.010998575098731367,0.6489352589812147
random_forest,2,2023-11-16T00:00:00+00:00,AAPL,0,-0.003729035091034949,0.5055985004954626
random_forest,2,2023-11-16T00:00:00+00:00,MSFT,1,0.0064699469236624285,0.2919706508769009
random_forest,2,2023-11-16T00:00:00+00:00,QQQ,1,0.007847024173656125,0.5744036302105187
random_forest,2,2023-11-16T00:00:00+00:00,SPY,1,0.0077771941543498535,0.6587096583971583
random_forest,2,2023-11-17T00:00:00+00:00,AAPL,0,-0.0025762750421822744,0.5209299588977414
random_forest,2,2023-11-17T00:00:00+00:00,MSFT,1,0.01717088708024428,0.4651829708657787
random_forest,2,2023-11-17T00:00:00+00:00,QQQ,1,0.004102971743967565,0.5412763445382446
random_forest,2,2023-11-17T00:00:00+00:00,SPY,1,0.005865694174479685,0.6377045202550718
random_forest,2,2023-11-20T00:00:00+00:00,AAPL,0,-0.004657209265665041,0.4187616506622893
random_forest,2,2023-11-20T00:00:00+00:00,MSFT,1,0.01949372592919696,0.31504256007472925
random_forest,2,2023-11-20T00:00:00+00:00,QQQ,1,0.0074430705795791585,0.5583528961900672
random_forest,2,2023-11-20T00:00:00+00:00,SPY,1,0.006744738292661756,0.6496565786133799
random_forest,2,2023-11-21T00:00:00+00:00,AAPL,0,-0.010597353776277019,0.5052832025913975
random_forest,2,2023-11-21T00:00:00+00:00,MSFT,0,-0.0007042366920141374,0.6481177069458319
random_forest,2,2023-11-21T00:00:00+00:00,QQQ,0,-0.003250149644355771,0.639964480984701
random_forest,2,2023-11-21T00:00:00+00:00,SPY,0,-0.0009013553740054858,0.6224390719896719
random_forest,2,2023-11-22T00:00:00+00:00,AAPL,0,-0.004821421340608145,0.4696825248893265
random_forest,2,2023-11-22T00:00:00+00:00,MSFT,0,-0.003505619174787755,0.3054046913054265
random_forest,2,2023-11-22T00:00:00+00:00,QQQ,0,-0.00686451190633075,0.5322927669756715
random_forest,2,2023-11-22T00:00:00+00:00,SPY,0,-0.00046292860625751775,0.6788861781600755
random_forest,2,2023-11-24T00:00:00+00:00,AAPL,0,-0.0016828172495038096,0.5611891580641583
random_forest,2,2023-11-24T00:00:00+00:00,MSFT,0,-0.022340691732962492,0.41323089489522336
random_forest,2,2023-11-24T00:00:00+00:00,QQQ,0,-0.00948933733943047,0.5828881484120455
random_forest,2,2023-11-24T00:00:00+00:00,SPY,1,8.733446822728475e-05,0.6339537719225218
random_forest,2,2023-11-27T00:00:00+00:00,AAPL,1,0.00026328673956910187,0.5759966050085539
random_forest,2,2023-11-27T00:00:00+00:00,MSFT,0,-0.033387548787230714,0.47929642406204903
random_forest,2,2023-11-27T00:00:00+00:00,QQQ,0,-0.012327464407799527,0.5701702367281413
random_forest,2,2023-11-27T00:00:00+00:00,SPY,1,0.000595724303907641,0.7192345792483663
random_forest,2,2023-11-28T00:00:00+00:00,AAPL,1,0.016561117885091958,0.48743921557243935
random_forest,2,2023-11-28T00:00:00+00:00,MSFT,0,-0.028575986383753027,0.49265403866966384
random_forest,2,2023-11-28T00:00:00+00:00,QQQ,0,-0.008148327456968918,0.5035827517694296
random_forest,2,2023-11-28T00:00:00+00:00,SPY,1,0.0016260304181303642,0.7489703972122218
random_forest,2,2023-11-29T00:00:00+00:00,AAPL,1,0.01792634410777283,0.506620641919355
random_forest,2,2023-11-29T00:00:00+00:00,MSFT,0,-0.02905158447652345,0.4238250225060887
random_forest,2,2023-11-29T00:00:00+00:00,QQQ,0,-0.007140432611658198,0.5028758709309699
random_forest,2,2023-11-29T00:00:00+00:00,SPY,1,0.0011353288192756938,0.7609076340326341
random_forest,2,2023-11-30T00:00:00+00:00,AAPL,1,0.018294404800141884,0.5883959946464782
random_forest,2,2023-11-30T00:00:00+00:00,MSFT,0,-0.022023628828178876,0.4270008922858188
random_forest,2,2023-11-30T00:00:00+00:00,QQQ,1,0.0003699591834827043,0.5438163509445919
random_forest,2,2023-11-30T00:00:00+00:00,SPY,1,0.0017026606408094835,0.6530437026209085
random_forest,2,2023-12-01T00:00:00+00:00,AAPL,1,0.0144445363633805,0.5878241203241207
random_forest,2,2023-12-01T00:00:00+00:00,MSFT,0,-0.003674273330010136,0.5271021824376604
random_forest,2,2023-12-01T00:00:00+00:00,QQQ,1,0.012606605619438938,0.6044528811670358
random_forest,2,2023-12-01T00:00:00+00:00,SPY,1,0.006961183913009039,0.5166609524054374
random_forest,2,2023-12-04T00:00:00+00:00,AAPL,1,0.013060595030836897,0.5951101941359294
random_forest,2,2023-12-04T00:00:00+00:00,MSFT,1,0.009985085682522321,0.45107075930605356
random_forest,2,2023-12-04T00:00:00+00:00,QQQ,1,0.027003155293759296,0.6347416477517576
random_forest,2,2023-12-04T00:00:00+00:00,SPY,1,0.01196603696245191,0.7623756625319124
random_forest,2,2023-12-05T00:00:00+00:00,AAPL,1,0.001286591333274023,0.5367202191191163
random_forest,2,2023-12-05T00:00:00+00:00,MSFT,1,0.004627950647902779,0.39936714327339323
random_forest,2,2023-12-05T00:00:00+00:00,QQQ,1,0.021911819790680687,0.672142679624297
random_forest,2,2023-12-05T00:00:00+00:00,SPY,1,0.010357107252382258,0.6574074710012207
random_forest,2,2023-12-06T00:00:00+00:00,AAPL,1,0.020628652017054883,0.5877979526600853
random_forest,2,2023-12-06T00:00:00+00:00,MSFT,1,0.011770176586293424,0.319063385552356
random_forest,2,2023-12-06T00:00:00+00:00,QQQ,1,0.04148953262399613,0.5899115707617548
random_forest,2,2023-12-06T00:00:00+00:00,SPY,1,0.032054366356061736,0.5388274934828245
random_forest,2,2023-12-07T00:00:00+00:00,AAPL,1,0.015115198010054343,0.6545187711593963
random_forest,2,2023-12-07T00:00:00+00:00,MSFT,0,-0.008350517665115964,0.3233173571730557
random_forest,2,2023-12-07T00:00:00+00:00,QQQ,1,0.03782753084809287,0.5010414599387186
random_forest,2,2023-12-07T00:00:00+00:00,SPY,1,0.02839947694004774,0.4863122221345906
random_forest,2,2023-12-08T00:00:00+00:00,AAPL,1,0.013402856135559915,0.6857457010224042
random_forest,2,2023-12-08T00:00:00+00:00,MSFT,1,0.0006291509219871205,0.3799635617650323
random_forest,2,2023-12-08T00:00:00+00:00,QQQ,1,0.03366557687452554,0.548236439666593
random_forest,2,2023-12-08T00:00:00+00:00,SPY,1,0.02665870935047776,0.48239385598276846
random_forest,2,2023-12-11T00:00:00+00:00,AAPL,1,0.01392209726564353,0.5641577866577869
random_forest,2,2023-12-11T00:00:00+00:00,MSFT,0,-0.0002758218776722776,0.3624574037074037
random_forest,2,2023-12-11T00:00:00+00:00,QQQ,1,0.030281507309039446,0.5752371025356222
random_forest,2,2023-12-11T00:00:00+00:00,SPY,1,0.025708635785717915,0.5174484563370496
random_forest,2,2023-12-12T00:00:00+00:00,AAPL,1,0.007261083540965219,0.5227428127428126
random_forest,2,2023-12-12T00:00:00+00:00,MSFT,0,-0.004705299399761942,0.41583624096491745
random_forest,2,2023-12-12T00:00:00+00:00,QQQ,1,0.021841160163021067,0.4544128623569416
random_forest,2,2023-12-12T00:00:00+00:00,SPY,1,0.02247794257554503,0.5945890047452547
random_forest,2,2023-12-13T00:00:00+00:00,AAPL,0,-0.011674654354777325,0.5629110292979295
random_forest,2,2023-12-13T00:00:00+00:00,MSFT,0,-0.004003097741206663,0.4115531203264979
random_forest,2,2023-12-13T00:00:00+00:00,QQQ,1,0.005131257417512192,0.4521707646874538
random_forest,2,2023-12-13T00:00:00+00:00,SPY,0,-0.00043295605899862366,0.3919731983702572
random_forest,2,2023-12-14T00:00:00+00:00,AAPL,0,-0.01387140600496084,0.5782685655847424
random_forest,2,2023-12-14T00:00:00+00:00,MSFT,1,0.0165827243315968,0.45129045892832653
random_forest,2,2023-12-14T00:00:00+00:00,QQQ,1,0.011920877492071602,0.42255815161146043
random_forest,2,2023-12-14T00:00:00+00:00,SPY,1,0.007291318568608096,0.3057372376398112
random_forest,2,2023-12-15T00:00:00+00:00,AAPL,0,-0.014619944851496758,0.5157816376842111
random_forest,2,2023-12-15T00:00:00+00:00,MSFT,1,0.012994339484984518,0.5521429338205651
random_forest,2,2023-12-15T00:00:00+00:00,QQQ,1,0.0086492823521096,0.40932902820218997
random_forest,2,2023-12-15T00:00:00+00:00,SPY,1,0.004549614109769173,0.3930096006934243
random_forest,2,2023-12-18T00:00:00+00:00,AAPL,0,-0.020669966694204178,0.48894692419508584
random_forest,2,2023-12-18T00:00:00+00:00,MSFT,1,0.003912364255993062,0.268135915084844
random_forest,2,2023-12-18T00:00:00+00:00,QQQ,1,0.006881765512906757,0.3693491904337493
random_forest,2,2023-12-18T00:00:00+00:00,SPY,1,0.0041480040489974,0.3710708317149397
random_forest,2,2023-12-19T00:00:00+00:00,AAPL,0,-0.015986981161507097,0.4521217237623487
random_forest,2,2023-12-19T00:00:00+00:00,MSFT,0,-0.0010132559116362572,0.3623005772565142
random_forest,2,2023-12-19T00:00:00+00:00,QQQ,1,0.00909047424927234,0.374628169495623
random_forest,2,2023-12-19T00:00:00+00:00,SPY,1,0.004150649747387769,0.35735704550115344
random_forest,2,2023-12-20T00:00:00+00:00,AAPL,0,-0.013194186836250177,0.5609215090465093
random_forest,2,2023-12-20T00:00:00+00:00,MSFT,1,0.007217162007527422,0.3784158202908202
random_forest,2,2023-12-20T00:00:00+00:00,QQQ,1,0.008878816498791853,0.6135004869517737
random_forest,2,2023-12-20T00:00:00+00:00,SPY,1,0.008927768116965495,0.5704955027611278
random_forest,2,2023-12-21T00:00:00+00:00,AAPL,0,-0.04305725488895862,0.6317507553720791
random_forest,2,2023-12-21T00:00:00+00:00,MSFT,0,-0.0015173797414893553,0.30615070934943855
random_forest,2,2023-12-21T00:00:00+00:00,QQQ,0,-0.009187952269269384,0.45393862316196854
random_forest,2,2023-12-21T00:00:00+00:00,SPY,0,-0.0055781896286398736,0.48498761625478914
random_forest,2,2023-12-22T00:00:00+00:00,AAPL,0,-0.050400770842061515,0.4411839174273868
random_forest,2,2023-12-22T00:00:00+00:00,MSFT,0,-0.017939375718298955,0.35923913389466466
random_forest,2,2023-12-22T00:00:00+00:00,QQQ,0,-0.024212948990652294,0.37327021600797716
random_forest,2,2023-12-22T00:00:00+00:00,SPY,0,-0.009660851858414587,0.44559607083770203
random_forest,2,2023-12-26T00:00:00+00:00,AAPL,0,-0.05560784375323946,0.544678768433364
random_forest,2,2023-12-26T00:00:00+00:00,MSFT,0,-0.010063608375840527,0.5197624242986696
random_forest,2,2023-12-26T00:00:00+00:00,QQQ,0,-0.037235912806576565,0.39549771460157485
random_forest,2,2023-12-26T00:00:00+00:00,SPY,0,-0.01698560879034794,0.4909478904469712
random_forest,2,2023-12-27T00:00:00+00:00,AAPL,0,-0.06445663535496582,0.4926006264976851
random_forest,2,2023-12-27T00:00:00+00:00,MSFT,0,-0.01901388903216006,0.5919909433800208
random_forest,2,2023-12-27T00:00:00+00:00,QQQ,0,-0.04122441091070905,0.42331266619410013
random_forest,2,2023-12-27T00:00:00+00:00,SPY,0,-0.021649199829209098,0.5137037640668155
random_forest,2,2023-12-28T00:00:00+00:00,AAPL,0,-0.06278420451333089,0.5241835569455053
random_forest,2,2023-12-28T00:00:00+00:00,MSFT,0,-0.01978179379473821,0.6550583735096601
random_forest,2,2023-12-28T00:00:00+00:00,QQQ,0,-0.034247341510511675,0.5072649389009684
random_forest,2,2023-12-28T00:00:00+00:00,SPY,0,-0.01887950989798437,0.5624615835553335
random_forest,2,2023-12-29T00:00:00+00:00,AAPL,0,-0.01922235596196098,0.4289307133838385
random_forest,2,2023-12-29T00:00:00+00:00,MSFT,0,-0.006936352866646067,0.6394485431847563
random_forest,2,2023-12-29T00:00:00+00:00,QQQ,0,-0.011662226517098584,0.6290051961926967
random_forest,2,2023-12-29T00:00:00+00:00,SPY,0,-0.002611042225895699,0.5558814015845267
random_forest,2,2024-01-02T00:00:00+00:00,AAPL,0,-0.001293668732302633,0.6056191311751971
random_forest,2,2024-01-02T00:00:00+00:00,MSFT,1,0.017907329952810525,0.7424485461433987
random_forest,2,2024-01-02T00:00:00+00:00,QQQ,1,0.013324107586556222,0.6567248636779888
random_forest,2,2024-01-02T00:00:00+00:00,SPY,1,0.005915012330849789,0.6962308875454254
random_forest,2,2024-01-03T00:00:00+00:00,AAPL,1,0.022054932494949275,0.5741289863118906
random_forest,2,2024-01-03T00:00:00+00:00,MSFT,1,0.039277171474499495,0.6991015960464974
random_forest,2,2024-01-03T00:00:00+00:00,QQQ,1,0.0316095399475278,0.4621707025613274
random_forest,2,2024-01-03T00:00:00+00:00,SPY,1,0.017799901341391866,0.6202396064279287
random_forest,2,2024-01-04T00:00:00+00:00,AAPL,1,0.020321107823622953,0.7321949333346391
random_forest,2,2024-01-04T00:00:00+00:00,MSFT,1,0.04268595168260725,0.6177330859499975
random_forest,2,2024-01-04T00:00:00+00:00,QQQ,1,0.03311887991947482,0.35891744285126653
random_forest,2,2024-01-04T00:00:00+00:00,SPY,1,0.020097265182211776,0.5745182964878688
random_forest,2,2024-01-05T00:00:00+00:00,AAPL,0,-0.0016140006517840755,0.7628762806841849
random_forest,2,2024-01-05T00:00:00+00:00,MSFT,1,0.06383298517453206,0.6576814275389642
random_forest,2,2024-01-05T00:00:00+00:00,QQQ,1,0.023880646775735315,0.351893033437151
random_forest,2,2024-01-05T00:00:00+00:00,SPY,1,0.012553497139617287,0.5427282411592106
random_forest,2,2024-01-08T00:00:00+00:00,AAPL,0,-0.01637760942436106,0.5887491339660941
random_forest,2,2024-01-08T00:00:00+00:00,MSFT,1,0.04084517029544865,0.5695947195165945
random_forest,2,2024-01-08T00:00:00+00:00,QQQ,1,0.00858031459077968,0.5240507256224167
random_forest,2,2024-01-08T00:00:00+00:00,SPY,0,-0.0021037724478776276,0.5567435971494181
random_forest,2,2024-01-09T00:00:00+00:00,AAPL,1,0.0074217361765351875,0.5559712127129404
random_forest,2,2024-01-09T00:00:00+00:00,MSFT,1,0.038704919540464955,0.6440001675203878
random_forest,2,2024-01-09T00:00:00+00:00,QQQ,1,0.00893883663632411,0.4537888456918188
random_forest,2,2024-01-09T00:00:00+00:00,SPY,0,-0.002313582929592717,0.5123406608798634
random_forest,2,2024-01-10T00:00:00+00:00,AAPL,1,0.01292877952807725,0.42352043432466224
random_forest,2,2024-01-10T00:00:00+00:00,MSFT,1,0.023236269590099834,0.5849348606222639
random_forest,2,2024-01-10T00:00:00+00:00,QQQ,1,0.011226094842409218,0.4427904864122095
random_forest,2,2024-01-10T00:00:00+00:00,SPY,0,-0.0018726190858449066,0.5241397187770669
random_forest,2,2024-01-11T00:00:00+00:00,AAPL,1,0.03147268410980408,0.5143096313408815
random_forest,2,2024-01-11T00:00:00+00:00,MSFT,1,0.03561895948538418,0.39422776161746753
random_forest,2,2024-01-11T00:00:00+00:00,QQQ,1,0.029639422564310847,0.5888419025827113
random_forest,2,2024-01-11T00:00:00+00:00,SPY,1,0.010888518336104713,0.5930493941711174
random_forest,2,2024-01-12T00:00:00+00:00,AAPL,1,0.06845788114886653,0.7276665226113758
random_forest,2,2024-01-12T00:00:00+00:00,MSFT,1,0.0033006036808862493,0.45917771990749284
random_forest,2,2024-01-12T00:00:00+00:00,QQQ,1,0.0325145210227995,0.5579223641747827
random_forest,2,2024-01-12T00:00:00+00:00,SPY,1,0.01637628277582004,0.5308763583629712
random_forest,2,2024-01-16T00:00:00+00:00,AAPL,1,0.07590629451374475,0.596582532051282
random_forest,2,2024-01-16T00:00:00+00:00,MSFT,1,0.032882555059002616,0.4973057777801331
random_forest,2,2024-01-16T00:00:00+00:00,QQQ,1,0.05026446338132429,0.6069431722572812
random_forest,2,2024-01-16T00:00:00+00:00,SPY,1,0.0318243923006587,0.6305499060783986
random_forest,2,2024-01-17T00:00:00+00:00,AAPL,1,0.046966289414928974,0.7124238572905852
random_forest,2,2024-01-17T00:00:00+00:00,MSFT,1,0.03010343685998107,0.4865719976713532
random_forest,2,2024-01-17T00:00:00+00:00,QQQ,1,0.04137210343010844,0.6902008497930521
random_forest,2,2024-01-17T00:00:00+00:00,SPY,1,0.02657298793585583,0.6031771006771003
random_forest,2,2024-01-18T00:00:00+00:00,AAPL,1,0.024041877148349045,0.5602881858101476
random_forest,2,2024-01-18T00:00:00+00:00,MSFT,1,0.01971415496271889,0.5499883792988413
random_forest,2,2024-01-18T00:00:00+00:00,QQQ,1,0.020162673638754347,0.5495855588930765
random_forest,2,2024-01-18T00:00:00+00:00,SPY,1,0.01877081313018225,0.494072107373191
random_forest,2,2024-01-19T00:00:00+00:00,AAPL,0,-0.0035033341341487167,0.6579737970362973
random_forest,2,2024-01-19T00:00:00+00:00,MSFT,1,0.013071014725968944,0.5645153835445954
random_forest,2,2024-01-19T00:00:00+00:00,QQQ,1,2.904713557261296e-05,0.3597964101870351
random_forest,2,2024-01-19T00:00:00+00:00,SPY,1,0.005672417319896983,0.6064605497647776
random_forest,2,2024-01-22T00:00:00+00:00,AAPL,0,-0.022877071598389143,0.7114305593303754
random_forest,2,2024-01-22T00:00:00+00:00,MSFT,1,0.03963676378648451,0.6232514568710872
random_forest,2,2024-01-22T00:00:00+00:00,QQQ,1,0.009035057190294404,0.42043368052539265
random_forest,2,2024-01-22T00:00:00+00:00,SPY,1,0.011507656347818918,0.7701488795432293
random_forest,2,2024-01-23T00:00:00+00:00,AAPL,0,-0.044794317925119564,0.7188784183545214
random_forest,2,2024-01-23T00:00:00+00:00,MSFT,1,0.011472861891778319,0.5684321718926497
random_forest,2,2024-01-23T00:00:00+00:00,QQQ,0,-0.01738447248341024,0.331834625158245
random_forest,2,2024-01-23T00:00:00+00:00,SPY,0,-0.00034093965424086825,0.7488827206290442
random_forest,2,2024-01-24T00:00:00+00:00,AAPL,0,-0.0594080656713345,0.7573170931397033
random_forest,2,2024-01-24T00:00:00+00:00,MSFT,0,-0.008144281002633424,0.5045656544542416
random_forest,2,2024-01-24T00:00:00+00:00,QQQ,0,-0.024294211396206467,0.323506519145106
random_forest,2,2024-01-24T00:00:00+00:00,SPY,0,-0.008036374993264706,0.6842664601534088
random_forest,2,2024-01-25T00:00:00+00:00,AAPL,0,-0.0760249386065418,0.6695578548289944
random_forest,2,2024-01-25T00:00:00+00:00,MSFT,0,-0.00338000871965749,0.5364451510499305
random_forest,2,2024-01-25T00:00:00+00:00,QQQ,0,-0.00350279211335347,0.3423294832520775
random_forest,2,2024-01-25T00:00:00+00:00,SPY,1,0.002218370888468657,0.5213304970152397
random_forest,2,2024-01-26T00:00:00+00:00,AAPL,0,-0.022060874475460124,0.6799834591470622
random_forest,2,2024-01-26T00:00:00+00:00,MSFT,1,0.007440004579162274,0.6196735956681777
random_forest,2,2024-01-26T00:00:00+00:00,QQQ,1,0.009293080948100663,0.5778534139471639
random_forest,2,2024-01-26T00:00:00+00:00,SPY,1,0.010217937031369972,0.5405967209873461
random_forest,2,2024-01-29T00:00:00+00:00,AAPL,0,-0.02332315382347172,0.6629003288378288
random_forest,2,2024-01-29T00:00:00+00:00,MSFT,0,-0.017442710751109813,0.48992551198801193
random_forest,2,2024-01-29T00:00:00+00:00,QQQ,1,0.0038669464996528014,0.43461200628460056
random_forest,2,2024-01-29T00:00:00+00:00,SPY,1,0.004023783010060233,0.46740366404428924
random_forest,2,2024-01-30T00:00:00+00:00,AAPL,1,0.017210851514479764,0.6288841076203209
random_forest,2,2024-01-30T00:00:00+00:00,MSFT,0,-0.0008207151361827592,0.5172147990897992
random_forest,2,2024-01-30T00:00:00+00:00,QQQ,1,0.02067254717303979,0.5964748369481827
random_forest,2,2024-01-30T00:00:00+00:00,SPY,1,0.013667902033780432,0.5359842266597781
random_forest,2,2024-01-31T00:00:00+00:00,AAPL,1,0.027292959066798517,0.6298774759758214
random_forest,2,2024-01-31T00:00:00+00:00,MSFT,1,0.028352218598462153,0.6152399272876246
random_forest,2,2024-01-31T00:00:00+00:00,QQQ,1,0.02974417409356911,0.597563877095127
random_forest,2,2024-01-31T00:00:00+00:00,SPY,1,0.02574087842927608,0.608706467143967
random_forest,2,2024-02-01T00:00:00+00:00,AAPL,1,0.04811142290917614,0.545608809593185
random_forest,2,2024-02-01T00:00:00+00:00,MSFT,1,0.02627550663879119,0.5413666281635032
random_forest,2,2024-02-01T00:00:00+00:00,QQQ,1,0.021880587504478965,0.5961435954772352
random_forest,2,2024-02-01T00:00:00+00:00,SPY,1,0.016733009664956056,0.6315883903248454
random_forest,2,2024-02-02T00:00:00+00:00,AAPL,1,0.0007094462635688359,0.5635928256792228
random_forest,2,2024-02-02T00:00:00+00:00,MSFT,1,0.023956325712228388,0.40290513990760707
random_forest,2,2024-02-02T00:00:00+00:00,QQQ,1,0.016307283757089452,0.5612936272265316
random_forest,2,2024-02-02T00:00:00+00:00,SPY,1,0.013102293317738711,0.5270449393335424
random_forest,2,2024-02-05T00:00:00+00:00,AAPL,0,-0.006553637469235096,0.6307900137036168
random_forest,2,2024-02-05T00:00:00+00:00,MSFT,0,-0.004309451310571144,0.43865104357824014
random_forest,2,2024-02-05T00:00:00+00:00,QQQ,0,-0.00741066247875688,0.6173546505577756
random_forest,2,2024-02-05T00:00:00+00:00,SPY,1,4.457501930987817e-05,0.6840095469277456
random_forest,2,2024-02-06T00:00:00+00:00,AAPL,0,-0.028610362466752193,0.7053650516150519
random_forest,2,2024-02-06T00:00:00+00:00,MSFT,1,0.001393558704164688,0.49947538270907826
random_forest,2,2024-02-06T00:00:00+00:00,QQQ,0,-2.7202956621286134e-05,0.6273305687368189
random_forest,2,2024-02-06T00:00:00+00:00,SPY,0,-0.0009924125467798417,0.7019898590992335
random_forest,2,2024-02-07T00:00:00+00:00,AAPL,0,-0.03153790594546457,0.6984962494613229
random_forest,2,2024-02-07T00:00:00+00:00,MSFT,0,-0.014423942101530196,0.6800804439368683
random_forest,2,2024-02-07T00:00:00+00:00,QQQ,1,0.0021824411093580576,0.476677109655051
random_forest,2,2024-02-07T00:00:00+00:00,SPY,1,0.00038635638146611306,0.616788518364805
random_forest,2,2024-02-08T00:00:00+00:00,AAPL,0,-0.029665981295019406,0.6960298153965914
random_forest,2,2024-02-08T00:00:00+00:00,MSFT,0,-0.017705420580189424,0.6193466776279273
random_forest,2,2024-02-08T00:00:00+00:00,QQQ,1,0.00018688076275541476,0.5423952381414165
random_forest,2,2024-02-08T00:00:00+00:00,SPY,1,0.0037238354110673555,0.5929502676653413
random_forest,2,2024-02-09T00:00:00+00:00,AAPL,0,-0.03711504591903858,0.7071469101074362
random_forest,2,2024-02-09T00:00:00+00:00,MSFT,0,-0.041329403602429315,0.35614975474302096
random_forest,2,2024-02-09T00:00:00+00:00,QQQ,0,-0.021161462626285377,0.3690536735527545
random_forest,2,2024-02-09T00:00:00+00:00,SPY,0,-0.008868058756849373,0.6314397658101703
random_forest,2,2024-02-12T00:00:00+00:00,AAPL,0,-0.022573660791611938,0.6929844455993349
random_forest,2,2024-02-12T00:00:00+00:00,MSFT,0,-0.01192998128463918,0.4466046341322077
random_forest,2,2024-02-12T00:00:00+00:00,QQQ,0,-0.00837442967568025,0.4306357076016519
random_forest,2,2024-02-12T00:00:00+00:00,SPY,0,-0.00020197810085731405,0.5962639530608281
random_forest,2,2024-02-13T00:00:00+00:00,AAPL,0,-0.01190695375521833,0.598260060131432
random_forest,2,2024-02-13T00:00:00+00:00,MSFT,1,0.0031867391473137108,0.5737240333196216
random_forest,2,2024-02-13T00:00:00+00:00,QQQ,1,0.005476766238460495,0.4760294820257571
random_forest,2,2024-02-13T00:00:00+00:00,SPY,1,0.012506254095282054,0.6633074911199909
random_forest,2,2024-02-14T00:00:00+00:00,AAPL,1,0.005940128898766162,0.5755228416395698
random_forest,2,2024-02-14T00:00:00+00:00,MSFT,1,0.01641474359265782,0.6491980883108976
random_forest,2,2024-02-14T00:00:00+00:00,QQQ,1,0.011180759742679625,0.5213615224644641
random_forest,2,2024-02-14T00:00:00+00:00,SPY,1,0.017950455650302066,0.6392138649910031
random_forest,2,2024-02-15T00:00:00+00:00,AAPL,0,-0.008418491079252632,0.6586706002331
random_forest,2,2024-02-15T00:00:00+00:00,MSFT,1,0.0065640578021743945,0.528137903762904
random_forest,2,2024-02-15T00:00:00+00:00,QQQ,1,0.004220995319333509,0.6280716872996284
random_forest,2,2024-02-15T00:00:00+00:00,SPY,1,0.011130933795162612,0.6895196990509491
random_forest,2,2024-02-16T00:00:00+00:00,AAPL,0,-0.005786000669644187,0.6445164950181395
random_forest,2,2024-02-16T00:00:00+00:00,MSFT,1,0.00975820872324129,0.30228834761729517
random_forest,2,2024-02-16T00:00:00+00:00,QQQ,1,0.019240714629211952,0.6710213023184676
random_forest,2,2024-02-16T00:00:00+00:00,SPY,1,0.016008287154168466,0.6829099740129153
random_forest,2,2024-02-20T00:00:00+00:00,AAPL,1,0.0011285971269741069,0.6551960774111506
random_forest,2,2024-02-20T00:00:00+00:00,MSFT,1,0.0179784362223403,0.3305015287000582
random_forest,2,2024-02-20T00:00:00+00:00,QQQ,1,0.023577963061524265,0.45524372176026595
random_forest,2,2024-02-20T00:00:00+00:00,SPY,1,0.01796520930034884,0.6825082352288235
random_forest,2,2024-02-21T00:00:00+00:00,AAPL,0,-0.014018920135426716,0.6604713168775669
random_forest,2,2024-02-21T00:00:00+00:00,MSFT,0,-0.005769085447029476,0.3899428002553002
random_forest,2,2024-02-21T00:00:00+00:00,QQQ,1,0.006592562145816716,0.3476609792372661
random_forest,2,2024-02-21T00:00:00+00:00,SPY,1,0.006041325989914803,0.5986925912172623
random_forest,2,2024-02-22T00:00:00+00:00,AAPL,0,-0.031451023824787594,0.7314353518213814
random_forest,2,2024-02-22T00:00:00+00:00,MSFT,0,-0.012562222454607141,0.38793609767434895
random_forest,2,2024-02-22T00:00:00+00:00,QQQ,0,-0.0014305139555178537,0.40988810668498177
random_forest,2,2024-02-22T00:00:00+00:00,SPY,0,-0.0025662800344024017,0.684801217471254
random_forest,2,2024-02-23T00:00:00+00:00,AAPL,0,-0.03534875859457354,0.7292607647662794
random_forest,2,2024-02-23T00:00:00+00:00,MSFT,1,0.002804615819399947,0.2961311522113152
random_forest,2,2024-02-23T00:00:00+00:00,QQQ,1,0.016269780654383892,0.3775578327922077
random_forest,2,2024-02-23T00:00:00+00:00,SPY,1,0.005325652508693768,0.6159230006105008
random_forest,2,2024-02-26T00:00:00+00:00,AAPL,0,-0.05897946628775086,0.6745574972413206
random_forest,2,2024-02-26T00:00:00+00:00,MSFT,1,0.012605269567996125,0.26493588914105215
random_forest,2,2024-02-26T00:00:00+00:00,QQQ,1,0.005458415238490444,0.4115909723446487
random_forest,2,2024-02-26T00:00:00+00:00,SPY,1,0.004974372217659395,0.5054876521558506
random_forest,2,2024-02-27T00:00:00+00:00,AAPL,0,-0.06460893046722549,0.7436659102743662
random_forest,2,2024-02-27T00:00:00+00:00,MSFT,0,-0.01473646549126506,0.24780466418793629
random_forest,2,2024-02-27T00:00:00+00:00,QQQ,1,0.009209850150668997,0.5499994276556779
random_forest,2,2024-02-27T00:00:00+00:00,SPY,1,0.00831123437684167,0.6885945738289487
random_forest,2,2024-02-28T00:00:00+00:00,AAPL,0,-0.0687259176588334,0.6987471277003009
random_forest,2,2024-02-28T00:00:00+00:00,MSFT,0,-0.008152690853934219,0.22438923093814403
random_forest,2,2024-02-28T00:00:00+00:00,QQQ,1,0.007544106651021565,0.46792272831335335
random_forest,2,2024-02-28T00:00:00+00:00,SPY,1,0.007960882986187912,0.6272250640495126
random_forest,2,2024-02-29T00:00:00+00:00,AAPL,0,-0.060638651282840184,0.5605544263044747
random_forest,2,2024-02-29T00:00:00+00:00,MSFT,0,-0.010030274045139786,0.5232844906008669
random_forest,2,2024-02-29T00:00:00+00:00,QQQ,1,0.011410106004673182,0.5611098179802224
random_forest,2,2024-02-29T00:00:00+00:00,SPY,1,0.010707849441588202,0.6241475140464112
random_forest,2,2024-03-01T00:00:00+00:00,AAPL,0,-0.02018455388635254,0.6210418978811008
random_forest,2,2024-03-01T00:00:00+00:00,MSFT,0,-0.02536445697555989,0.5086619283494285
random_forest,2,2024-03-01T00:00:00+00:00,QQQ,0,-0.020138846128369803,0.6000292155760902
random_forest,2,2024-03-01T00:00:00+00:00,SPY,0,-0.005019200012325142,0.5602054369241869
random_forest,2,2024-03-04T00:00:00+00:00,AAPL,1,0.01197036700434495,0.6802865292387349
random_forest,2,2024-03-04T00:00:00+00:00,MSFT,0,-0.017282708383803413,0.48503341072734474
random_forest,2,2024-03-04T00:00:00+00:00,QQQ,0,-0.004736704696811089,0.6226533153325429
random_forest,2,2024-03-04T00:00:00+00:00,SPY,1,0.004280433242759285,0.5910381111943616
random_forest,2,2024-03-05T00:00:00+00:00,AAPL,1,0.007978607554586903,0.739798221590501
random_forest,2,2024-03-05T00:00:00+00:00,MSFT,1,0.03547313887424419,0.4406724379958703
random_forest,2,2024-03-05T00:00:00+00:00,QQQ,1,0.003283009938649162,0.5234384860441847
random_forest,2,2024-03-05T00:00:00+00:00,SPY,1,0.010825297959039748,0.6328843348236731
random_forest,2,2024-03-06T00:00:00+00:00,AAPL,1,0.020186438120393557,0.734331814019314
random_forest,2,2024-03-06T00:00:00+00:00,MSFT,1,0.03270077200862542,0.43906954011975297
random_forest,2,2024-03-06T00:00:00+00:00,QQQ,0,-0.0040732397699629885,0.506169200569597
random_forest,2,2024-03-06T00:00:00+00:00,SPY,1,0.005450809902350917,0.6001093954098015
random_forest,2,2024-03-07T00:00:00+00:00,AAPL,1,0.010816729183859453,0.7753413253413254
random_forest,2,2024-03-07T00:00:00+00:00,MSFT,1,0.025718974744118217,0.4048828081640582
random_forest,2,2024-03-07T00:00:00+00:00,QQQ,0,-0.023802193779474345,0.571551883063832
random_forest,2,2024-03-07T00:00:00+00:00,SPY,0,-0.009093547882105368,0.6026345493762777
random_forest,2,2024-03-08T00:00:00+00:00,AAPL,1,0.013179279236444907,0.7329359355921856
random_forest,2,2024-03-08T00:00:00+00:00,MSFT,1,0.02393081585807333,0.5522265234765236
random_forest,2,2024-03-08T00:00:00+00:00,QQQ,1,0.002108110054821033,0.565355519926195
random_forest,2,2024-03-08T00:00:00+00:00,SPY,1,0.008005890994304155,0.5788139660960385
random_forest,2,2024-03-11T00:00:00+00:00,AAPL,1,0.004860866552491849,0.5970905483405483
random_forest,2,2024-03-11T00:00:00+00:00,MSFT,1,0.022999610992137542,0.6214948583945292
random_forest,2,2024-03-11T00:00:00+00:00,QQQ,0,-0.010404953097526648,0.612814511877012
random_forest,2,2024-03-11T00:00:00+00:00,SPY,0,-0.001431733455690809,0.5124893244547849
random_forest,2,2024-03-12T00:00:00+00:00,AAPL,1,0.015042489364874845,0.6509402505174561
random_forest,2,2024-03-12T00:00:00+00:00,MSFT,1,0.0073112088927616,0.5558107170607173
random_forest,2,2024-03-12T00:00:00+00:00,QQQ,0,-0.007157584892246716,0.4695623149693871
random_forest,2,2024-03-12T00:00:00+00:00,SPY,0,-0.0014913128991684843,0.6321259689044616
random_forest,2,2024-03-13T00:00:00+00:00,AAPL,1,0.021897154565371668,0.7337349991715799
random_forest,2,2024-03-13T00:00:00+00:00,MSFT,1,0.02077655766518438,0.623777259838115
random_forest,2,2024-03-13T00:00:00+00:00,QQQ,1,0.01602597982940246,0.529206626706627
random_forest,2,2024-03-13T00:00:00+00:00,SPY,1,0.01353517398490478,0.5506058239146475
random_forest,2,2024-03-14T00:00:00+00:00,AAPL,1,0.0014417569742419811,0.634520101152502
random_forest,2,2024-03-14T00:00:00+00:00,MSFT,1,0.022780186522569412,0.4688706686974874
random_forest,2,2024-03-14T00:00:00+00:00,QQQ,1,0.0205880926935349,0.622548254441637
random_forest,2,2024-03-14T00:00:00+00:00,SPY,1,0.021279063926612718,0.659978552391236
random_forest,2,2024-03-15T00:00:00+00:00,AAPL,0,-0.030419712341692717,0.5803033135487659
random_forest,2,2024-03-15T00:00:00+00:00,MSFT,1,0.02447875096058838,0.5327338752256514
random_forest,2,2024-03-15T00:00:00+00:00,QQQ,1,0.00896635375973176,0.3906986140901581
random_forest,2,2024-03-15T00:00:00+00:00,SPY,1,0.009263636315355317,0.5523793705273486
random_forest,2,2024-03-18T00:00:00+00:00,AAPL,0,-0.026842211796331394,0.5492221875561655
random_forest,2,2024-03-18T00:00:00+00:00,MSFT,1,0.016584892500940418,0.6052267305063357
random_forest,2,2024-03-18T00:00:00+00:00,QQQ,1,0.022868971384158332,0.3407156956605484
random_forest,2,2024-03-18T00:00:00+00:00,SPY,1,0.015695682525286525,0.5720417429792427
random_forest,2,2024-03-19T00:00:00+00:00,AAPL,0,-0.03215598474508807,0.4335012233369916
random_forest,2,2024-03-19T00:00:00+00:00,MSFT,1,0.003772566437020952,0.6253121393516614
random_forest,2,2024-03-19T00:00:00+00:00,QQQ,1,0.013115613684106187,0.5376893644603591
random_forest,2,2024-03-19T00:00:00+00:00,SPY,1,0.009495834203418374,0.5400257554945054
random_forest,2,2024-03-20T00:00:00+00:00,AAPL,0,-0.03187301869721326,0.3872615828014435
random_forest,2,2024-03-20T00:00:00+00:00,MSFT,0,-0.02259278476920068,0.4891694391188876
random_forest,2,2024-03-20T00:00:00+00:00,QQQ,0,-0.011113629420267168,0.5744561713817229
random_forest,2,2024-03-20T00:00:00+00:00,SPY,0,-0.002341104117726145,0.49834582248354475
random_forest,2,2024-03-21T00:00:00+00:00,AAPL,0,-0.005309752150811642,0.47882828380554787
random_forest,2,2024-03-21T00:00:00+00:00,MSFT,0,-0.01535274651270968,0.5683247445977224
random_forest,2,2024-03-21T00:00:00+00:00,QQQ,0,-0.002849494520557161,0.6408260489510489
random_forest,2,2024-03-21T00:00:00+00:00,SPY,1,0.0012897213767719684,0.701091532548334
random_forest,2,2024-03-22T00:00:00+00:00,AAPL,0,-0.010716040051890308,0.4415560926592761
random_forest,2,2024-03-22T00:00:00+00:00,MSFT,0,-0.014037783620405864,0.5608825350507335
random_forest,2,2024-03-22T00:00:00+00:00,QQQ,0,-0.009805696395146057,0.7202435325091574
random_forest,2,2024-03-22T00:00:00+00:00,SPY,0,-0.0049932429476783335,0.705986098256319
random_forest,2,2024-03-25T00:00:00+00:00,AAPL,0,-0.00910132800550767,0.512192638775698
random_forest,2,2024-03-25T00:00:00+00:00,MSFT,0,-0.015785854356569984,0.6081840320627087
random_forest,2,2024-03-25T00:00:00+00:00,QQQ,0,-0.018411588041349236,0.5933849899724026
random_forest,2,2024-03-25T00:00:00+00:00,SPY,0,-0.008718489090285053,0.6069225331449597
random_forest,2,2024-03-26T00:00:00+00:00,AAPL,0,-0.0027010460769695266,0.5016467484237899
random_forest,2,2024-03-26T00:00:00+00:00,MSFT,0,-0.0007047827231343451,0.634504919610618
random_forest,2,2024-03-26T00:00:00+00:00,QQQ,0,-0.002243916331940543,0.6383105726725118
random_forest,2,2024-03-26T00:00:00+00:00,SPY,1,0.0014642843330201494,0.6985039864192826
random_forest,2,2024-03-27T00:00:00+00:00,AAPL,0,-0.014549300973732637,0.48181709251683147
random_forest,2,2024-03-27T00:00:00+00:00,MSFT,0,-0.004250059840006926,0.6418698325775531
random_forest,2,2024-03-27T00:00:00+00:00,QQQ,0,-0.019948418176021443,0.6320218259713714
random_forest,2,2024-03-27T00:00:00+00:00,SPY,0,-0.018688320997356178,0.6370761340053135
random_forest,2,2024-03-28T00:00:00+00:00,AAPL,0,-0.01459052139807926,0.6567689857120006
random_forest,2,2024-03-28T00:00:00+00:00,MSFT,1,0.0008739120246175069,0.6442095482185943
random_forest,2,2024-03-28T00:00:00+00:00,QQQ,0,-0.009982633079279046,0.6509867588498104
random_forest,2,2024-03-28T00:00:00+00:00,SPY,0,-0.01091409099937668,0.670474998213001
random_forest,2,2024-04-01T00:00:00+00:00,AAPL,0,-0.0042411235248692725,0.6505746510434012
random_forest,2,2024-04-01T00:00:00+00:00,MSFT,1,0.013039408734457636,0.6341750906364878
random_forest,2,2024-04-01T00:00:00+00:00,QQQ,1,0.004533165186459076,0.5734890411929404
random_forest,2,2024-04-01T00:00:00+00:00,SPY,1,0.0023541685682306746,0.6011961970831454
random_forest,2,2024-04-02T00:00:00+00:00,AAPL,0,-0.001938870365013945,0.686593788156288
random_forest,2,2024-04-02T00:00:00+00:00,MSFT,1,0.003851172112391721,0.6132607266046216
random_forest,2,2024-04-02T00:00:00+00:00,QQQ,0,-0.006454122270842411,0.5528553896063088
random_forest,2,2024-04-02T00:00:00+00:00,SPY,0,-0.010171570484393433,0.7171685422420715
random_forest,2,2024-04-03T00:00:00+00:00,AAPL,0,-0.013426070878166052,0.6598387116355864
random_forest,2,2024-04-03T00:00:00+00:00,MSFT,0,-4.893175019660134e-05,0.5958230432707986
random_forest,2,2024-04-03T00:00:00+00:00,QQQ,0,-0.015570501099791634,0.6110810330181942
random_forest,2,2024-04-03T00:00:00+00:00,SPY,0,-0.016943718677925212,0.6798354484567719
random_forest,2,2024-04-04T00:00:00+00:00,AAPL,1,0.025483886544856782,0.5676202443389942
random_forest,2,2024-04-04T00:00:00+00:00,MSFT,1,0.0076013499143592345,0.44762569358423654
random_forest,2,2024-04-04T00:00:00+00:00,QQQ,1,0.007872786416304622,0.6274324113386613
random_forest,2,2024-04-04T00:00:00+00:00,SPY,0,-0.0021726008517083395,0.6871006806714525
random_forest,2,2024-04-05T00:00:00+00:00,AAPL,1,0.0353763199381909,0.6533948430042178
random_forest,2,2024-04-05T00:00:00+00:00,MSFT,1,0.0013587478762233651,0.445359727159021
random_forest,2,2024-04-05T00:00:00+00:00,QQQ,0,-0.0005282855395009056,0.4858971278979018
random_forest,2,2024-04-05T00:00:00+00:00,SPY,0,-0.009726146813901049,0.6427375244241053
random_forest,2,2024-04-08T00:00:00+00:00,AAPL,1,0.016045419865651223,0.6467149690587188
random_forest,2,2024-04-08T00:00:00+00:00,MSFT,0,-0.029777370712345097,0.49260305360489187
random_forest,2,2024-04-08T00:00:00+00:00,QQQ,0,-0.02916952452446242,0.4633599959122406
random_forest,2,2024-04-08T00:00:00+00:00,SPY,0,-0.03183259743932332,0.5915015713453214
random_forest,2,2024-04-09T00:00:00+00:00,AAPL,1,0.002791113073099316,0.6115282980907979
random_forest,2,2024-04-09T00:00:00+00:00,MSFT,0,-0.013675545651384513,0.6269373040207987
random_forest,2,2024-04-09T00:00:00+00:00,QQQ,0,-0.010904572503754317,0.5133911299076739
random_forest,2,2024-04-09T00:00:00+00:00,SPY,0,-0.01643891516234819,0.5817736931218935
random_forest,2,2024-04-10T00:00:00+00:00,AAPL,0,-0.0038358144948290596,0.5330961389509185
random_forest,2,2024-04-10T00:00:00+00:00,MSFT,0,-0.03759913302080997,0.5826012889705324
random_forest,2,2024-04-10T00:00:00+00:00,QQQ,0,-0.0332126138811808,0.5494544441196914
random_forest,2,2024-04-10T00:00:00+00:00,SPY,0,-0.028511706787610724,0.7465180698322144
random_forest,2,2024-04-11T00:00:00+00:00,AAPL,0,-0.048101053115864545,0.6187409534265182
random_forest,2,2024-04-11T00:00:00+00:00,MSFT,0,-0.04911500078780795,0.6353022477930567
random_forest,2,2024-04-11T00:00:00+00:00,QQQ,0,-0.04471459352979068,0.5680692831474079
random_forest,2,2024-04-11T00:00:00+00:00,SPY,0,-0.03096572014591037,0.5803453011449333
random_forest,2,2024-04-12T00:00:00+00:00,AAPL,0,-0.05799911810406,0.6555721196588069
random_forest,2,2024-04-12T00:00:00+00:00,MSFT,0,-0.06403984207083391,0.8295345698011136
random_forest,2,2024-04-12T00:00:00+00:00,QQQ,0,-0.05787404362136028,0.6215384587999717
random_forest,2,2024-04-12T00:00:00+00:00,SPY,0,-0.03551452470146621,0.4712935807796005
random_forest,2,2024-04-15T00:00:00+00:00,AAPL,0,-0.039187045510618246,0.5669259534379019
random_forest,2,2024-04-15T00:00:00+00:00,MSFT,0,-0.026865672947767982,0.3373947371052151
random_forest,2,2024-04-15T00:00:00+00:00,QQQ,0,-0.02545990875909121,0.42113784703858237
random_forest,2,2024-04-15T00:00:00+00:00,SPY,0,-0.008243627393970776,0.39799715041902545
random_forest,2,2024-04-16T00:00:00+00:00,AAPL,0,-0.020062327376062283,0.5215214780435853
random_forest,2,2024-04-16T00:00:00+00:00,MSFT,0,-0.020391395416696434,0.3570995201693732
random_forest,2,2024-04-16T00:00:00+00:00,QQQ,0,-0.013289286485794638,0.4313181227473505
random_forest,2,2024-04-16T00:00:00+00:00,SPY,0,-0.0009921799511972695,0.40764297385620923
random_forest,2,2024-04-17T00:00:00+00:00,AAPL,1,0.006911162232778434,0.5588023276764086
random_forest,2,2024-04-17T00:00:00+00:00,MSFT,0,-0.0423429984081255,0.35274073020203056
random_forest,2,2024-04-17T00:00:00+00:00,QQQ,0,-0.018963319844861326,0.54811059471252
random_forest,2,2024-04-17T00:00:00+00:00,SPY,0,-0.007564859871477814,0.4519539437278409
random_forest,2,2024-04-18T00:00:00+00:00,AAPL,1,0.020038464101739262,0.5652424311799312
random_forest,2,2024-04-18T00:00:00+00:00,MSFT,1,0.018108744241141617,0.5836129872986493
random_forest,2,2024-04-18T00:00:00+00:00,QQQ,1,0.010765950234323807,0.6219587344200349
random_forest,2,2024-04-18T00:00:00+00:00,SPY,1,0.01180976391066979,0.567588696026196
random_forest,2,2024-04-19T00:00:00+00:00,AAPL,1,0.045333636720543025,0.7211238970384188
random_forest,2,2024-04-19T00:00:00+00:00,MSFT,1,0.010898629225103651,0.5591896827587617
random_forest,2,2024-04-19T00:00:00+00:00,QQQ,1,0.035835678609836386,0.5887259624512914
random_forest,2,2024-04-19T00:00:00+00:00,SPY,1,0.022579621012553952,0.6855791604229106
random_forest,2,2024-04-22T00:00:00+00:00,AAPL,1,0.04616682631776037,0.6702778605499675
random_forest,2,2024-04-22T00:00:00+00:00,MSFT,0,-0.008787218486677295,0.6034024404871445
random_forest,2,2024-04-22T00:00:00+00:00,QQQ,1,0.02262171153264969,0.5971159916472415
random_forest,2,2024-04-22T00:00:00+00:00,SPY,1,0.011486844772774951,0.5694656523011299
random_forest,2,2024-04-23T00:00:00+00:00,AAPL,1,0.016219536963866465,0.579284065607595
random_forest,2,2024-04-23T00:00:00+00:00,MSFT,0,-0.0433012544226371,0.35155633071993364
random_forest,2,2024-04-23T00:00:00+00:00,QQQ,0,-0.013768019412809362,0.419628010878011
random_forest,2,2024-04-23T00:00:00+00:00,SPY,0,-0.012203285675381537,0.37270746767529866
random_forest,2,2024-04-24T00:00:00+00:00,AAPL,1,0.015544875854297313,0.5188225937074621
random_forest,2,2024-04-24T00:00:00+00:00,MSFT,1,0.007196280364516028,0.38675354248327365
random_forest,2,2024-04-24T00:00:00+00:00,QQQ,1,0.012427934247151828,0.48669234054344346
random_forest,2,2024-04-24T00:00:00+00:00,SPY,1,0.00793846911372409,0.4002373162988972
random_forest,2,2024-04-25T00:00:00+00:00,AAPL,1,0.09652133056716039,0.5331407472547659
random_forest,2,2024-04-25T00:00:00+00:00,MSFT,0,-0.025944994561051482,0.6148032176157175
random_forest,2,2024-04-25T00:00:00+00:00,QQQ,1,0.013918969995222463,0.6315257898759736
random_forest,2,2024-04-25T00:00:00+00:00,SPY,1,0.007482372635295498,0.4477802803813833
random_forest,2,2024-04-26T00:00:00+00:00,AAPL,1,0.04969516349651171,0.4617573540312024
random_forest,2,2024-04-26T00:00:00+00:00,MSFT,1,0.006646038081820516,0.4806384740667828
random_forest,2,2024-04-26T00:00:00+00:00,QQQ,1,0.00761028877261305,0.4899179981578878
random_forest,2,2024-04-26T00:00:00+00:00,SPY,1,0.005162837185075375,0.6757492147730152
random_forest,2,2024-04-29T00:00:00+00:00,AAPL,1,0.05627099860088425,0.6051524159266517
random_forest,2,2024-04-29T00:00:00+00:00,MSFT,1,0.030739323460052592,0.4891688116825982
random_forest,2,2024-04-29T00:00:00+00:00,QQQ,1,0.02010799112062389,0.6374034967279452
random_forest,2,2024-04-29T00:00:00+00:00,SPY,1,0.015663704417879565,0.6567782832331496
random_forest,2,2024-04-30T00:00:00+00:00,AAPL,1,0.07609760415805944,0.6098795102977085
random_forest,2,2024-04-30T00:00:00+00:00,MSFT,1,0.0375551960517988,0.4650680299071842
random_forest,2,2024-04-30T00:00:00+00:00,QQQ,1,0.03224757291240743,0.776050475260034
random_forest,2,2024-04-30T00:00:00+00:00,SPY,1,0.025630203037331656,0.7531855244321383
random_forest,2,2024-05-01T00:00:00+00:00,AAPL,1,0.05614310096487918,0.5042761715086598
random_forest,2,2024-05-01T00:00:00+00:00,MSFT,1,0.030402036706110414,0.4128258419212368
random_forest,2,2024-05-01T00:00:00+00:00,QQQ,1,0.03327104487490162,0.6504204006777536
random_forest,2,2024-05-01T00:00:00+00:00,SPY,1,0.02419174310418848,0.7240130901573916
random_forest,2,2024-05-02T00:00:00+00:00,AAPL,0,-0.010014158416005725,0.62435435364107
random_forest,2,2024-05-02T00:00:00+00:00,MSFT,1,0.024448004792505085,0.5147690447291358
random_forest,2,2024-05-02T00:00:00+00:00,QQQ,1,0.016609406358317313,0.7182361857913327
random_forest,2,2024-05-02T00:00:00+00:00,SPY,1,0.01879532027630426,0.8774723713786214
random_forest,2,2024-05-03T00:00:00+00:00,AAPL,1,0.016290305264856197,0.47973312277999797
random_forest,2,2024-05-03T00:00:00+00:00,MSFT,1,0.020586095423202,0.45552792132295805
random_forest,2,2024-05-03T00:00:00+00:00,QQQ,1,0.01326993478094618,0.6022861809350778
random_forest,2,2024-05-03T00:00:00+00:00,SPY,1,0.01511618108464119,0.7354666391614924
random_forest,2,2024-05-06T00:00:00+00:00,AAPL,1,0.021472821193328384,0.43664053266994446
random_forest,2,2024-05-06T00:00:00+00:00,MSFT,0,-0.008352068066514229,0.6246774661204808
random_forest,2,2024-05-06T00:00:00+00:00,QQQ,1,0.002417722610177586,0.6427721665589312
random_forest,2,2024-05-06T00:00:00+00:00,SPY,1,0.00484726023755333,0.6588937502448533
random_forest,2,2024-05-07T00:00:00+00:00,AAPL,1,0.027010903964432398,0.4752020547553153
random_forest,2,2024-05-07T00:00:00+00:00,MSFT,1,0.0236352730935403,0.5192578462612809
random_forest,2,2024-05-07T00:00:00+00:00,QQQ,1,0.02253766502816057,0.723986534809145
random_forest,2,2024-05-07T00:00:00+00:00,SPY,1,0.01847485623413636,0.6639360119047619
random_forest,2,2024-05-08T00:00:00+00:00,AAPL,1,0.04265584783429266,0.508363015150699
random_forest,2,2024-05-08T00:00:00+00:00,MSFT,1,0.027148769977320075,0.5118084172771673
random_forest,2,2024-05-08T00:00:00+00:00,QQQ,1,0.026061205942764953,0.710289572049682
random_forest,2,2024-05-08T00:00:00+00:00,SPY,1,0.02211400476113523,0.7612977422903894
random_forest,2,2024-05-09T00:00:00+00:00,AAPL,1,0.02288453025870818,0.4986177171802656
random_forest,2,2024-05-09T00:00:00+00:00,MSFT,1,0.023045458779409556,0.6143183309853203
random_forest,2,2024-05-09T00:00:00+00:00,QQQ,1,0.01958382657275637,0.7424010038164448
random_forest,2,2024-05-09T00:00:00+00:00,SPY,1,0.011389912747682862,0.6912788253413255
random_forest,2,2024-05-10T00:00:00+00:00,AAPL,1,0.018937185178832028,0.4455275106837607
random_forest,2,2024-05-10T00:00:00+00:00,MSFT,1,0.005064281130441106,0.7092282977439227
random_forest,2,2024-05-10T00:00:00+00:00,QQQ,1,0.015962057351269543,0.825425824175824
random_forest,2,2024-05-10T00:00:00+00:00,SPY,1,0.011389741377744178,0.8190303880147631
random_forest,2,2024-05-13T00:00:00+00:00,AAPL,1,0.017056142990194534,0.5747965619047274
random_forest,2,2024-05-13T00:00:00+00:00,MSFT,1,0.035739892663825046,0.7123269255254545
random_forest,2,2024-05-13T00:00:00+00:00,QQQ,1,0.021427512866069254,0.8160912132458182
random_forest,2,2024-05-13T00:00:00+00:00,SPY,1,0.013649040100085497,0.7572268627002083
random_forest,2,2024-05-14T00:00:00+00:00,AAPL,1,0.021158084275147315,0.6460071275742231
random_forest,2,2024-05-14T00:00:00+00:00,MSFT,1,0.027113541695712895,0.6612897213349517
random_forest,2,2024-05-14T00:00:00+00:00,QQQ,1,0.014982881705604356,0.8443039415918188
random_forest,2,2024-05-14T00:00:00+00:00,SPY,1,0.007150218158130439,0.7755868625859433
random_forest,2,2024-05-15T00:00:00+00:00,AAPL,1,0.0006742279327762724,0.47150048467506867
random_forest,2,2024-05-15T00:00:00+00:00,MSFT,1,0.024430895799227637,0.7532901274583259
random_forest,2,2024-05-15T00:00:00+00:00,QQQ,1,0.015285234873573916,0.7585364885318927
random_forest,2,2024-05-15T00:00:00+00:00,SPY,1,0.003802947299883064,0.7206038293814027
random_forest,2,2024-05-16T00:00:00+00:00,AAPL,0,-0.005631628987071924,0.4990685968443319
random_forest,2,2024-05-16T00:00:00+00:00,MSFT,1,0.008984931296117438,0.8029206246163966
random_forest,2,2024-05-16T00:00:00+00:00,QQQ,1,0.005021663164049839,0.8172821265744055
random_forest,2,2024-05-16T00:00:00+00:00,SPY,0,-0.0038096135403835607,0.6755857423826169
random_forest,2,2024-05-17T00:00:00+00:00,AAPL,1,0.009493343260835285,0.46991242162657576
random_forest,2,2024-05-17T00:00:00+00:00,MSFT,1,0.020374439767495423,0.7864459447823414
random_forest,2,2024-05-17T00:00:00+00:00,QQQ,1,0.013900014386208026,0.6767837631118883
random_forest,2,2024-05-17T00:00:00+00:00,SPY,0,-0.0006786240469155436,0.6776002877841112
random_forest,2,2024-05-20T00:00:00+00:00,AAPL,0,-0.009727602355047105,0.5070639072936869
random_forest,2,2024-05-20T00:00:00+00:00,MSFT,0,-0.004663494523784006,0.7820959024635492
random_forest,2,2024-05-20T00:00:00+00:00,QQQ,1,0.003376985181053671,0.6765063470026705
random_forest,2,2024-05-20T00:00:00+00:00,SPY,0,-0.008786020537245753,0.7084877510153247
random_forest,2,2024-05-21T00:00:00+00:00,AAPL,0,-0.00983570495156505,0.4530162101991146
random_forest,2,2024-05-21T00:00:00+00:00,MSFT,0,-0.015433481059006882,0.7454029851190258
random_forest,2,2024-05-21T00:00:00+00:00,QQQ,0,-0.0032233733357751593,0.6427202076926342
random_forest,2,2024-05-21T00:00:00+00:00,SPY,0,-0.013526649282518899,0.5681185323051129
random_forest,2,2024-05-22T00:00:00+00:00,AAPL,1,0.00040593514826126054,0.5301627314678785
random_forest,2,2024-05-22T00:00:00+00:00,MSFT,0,-0.039385241241945756,0.6654705396834848
random_forest,2,2024-05-22T00:00:00+00:00,QQQ,0,-0.02100224791813543,0.7026064301625448
random_forest,2,2024-05-22T00:00:00+00:00,SPY,0,-0.019543826943485998,0.6782890409223128
random_forest,2,2024-05-23T00:00:00+00:00,AAPL,1,0.019566651726444118,0.5758846418083552
random_forest,2,2024-05-23T00:00:00+00:00,MSFT,0,-0.02923828362482206,0.7334614416747249
random_forest,2,2024-05-23T00:00:00+00:00,QQQ,0,-0.003576272040344275,0.7440558666533417
random_forest,2,2024-05-23T00:00:00+00:00,SPY,1,0.00021409536225824866,0.7859956536519035
random_forest,2,2024-05-24T00:00:00+00:00,AAPL,1,0.014313080651594978,0.6008317637223884
random_forest,2,2024-05-24T00:00:00+00:00,MSFT,0,-0.04195253461615012,0.6131612510243024
random_forest,2,2024-05-24T00:00:00+00:00,QQQ,0,-0.015712434684347576,0.6517642141355376
random_forest,2,2024-05-24T00:00:00+00:00,SPY,0,-0.009168557022249169,0.5520584610822613
random_forest,2,2024-05-28T00:00:00+00:00,AAPL,1,0.0284773919471053,0.5771137196137194
random_forest,2,2024-05-28T00:00:00+00:00,MSFT,0,-0.02047207371311699,0.70215741570521
random_forest,2,2024-05-28T00:00:00+00:00,QQQ,1,0.003479884060101579,0.6684538005907491
random_forest,2,2024-05-28T00:00:00+00:00,SPY,1,0.00766518524755444,0.5415876230913477
random_forest,2,2024-05-29T00:00:00+00:00,AAPL,1,0.023794471048171673,0.6136828969641466
random_forest,2,2024-05-29T00:00:00+00:00,MSFT,0,-0.0026799826229201296,0.6894423142217261
random_forest,2,2024-05-29T00:00:00+00:00,QQQ,1,0.01710741523982451,0.6198322424103672
random_forest,2,2024-05-29T00:00:00+00:00,SPY,1,0.017904042629782735,0.7023457838117764
random_forest,2,2024-05-30T00:00:00+00:00,AAPL,1,0.014736133893966219,0.4708762238256239
random_forest,2,2024-05-30T00:00:00+00:00,MSFT,1,0.020632164057486246,0.44408383154513187
random_forest,2,2024-05-30T00:00:00+00:00,QQQ,1,0.022787366113786733,0.7220676841540811
random_forest,2,2024-05-30T00:00:00+00:00,SPY,1,0.017196027392296198,0.5614444644407877
random_forest,2,2024-05-31T00:00:00+00:00,AAPL,1,0.018696777620548,0.44935376255688764
random_forest,2,2024-05-31T00:00:00+00:00,MSFT,1,0.02002617430048015,0.5438043762813984
random_forest,2,2024-05-31T00:00:00+00:00,QQQ,1,0.013919341920009654,0.6453641844266842
random_forest,2,2024-05-31T00:00:00+00:00,SPY,1,0.005849793585477769,0.4940007648601398
random_forest,2,2024-06-03T00:00:00+00:00,AAPL,0,-0.007074272475028676,0.5407821132954163
random_forest,2,2024-06-03T00:00:00+00:00,MSFT,1,0.02958064619723344,0.48064744192211295
random_forest,2,2024-06-03T00:00:00+00:00,QQQ,1,0.021515837096998336,0.6424426875208123
random_forest,2,2024-06-03T00:00:00+00:00,SPY,1,0.012427880276535852,0.5898101131324818
random_forest,2,2024-06-04T00:00:00+00:00,AAPL,1,0.059138457801244826,0.5463704401409992
random_forest,2,2024-06-04T00:00:00+00:00,MSFT,1,0.039827280534225906,0.41317263108623414
random_forest,2,2024-06-04T00:00:00+00:00,QQQ,1,0.028531766147005033,0.5832522078615827
random_forest,2,2024-06-04T00:00:00+00:00,SPY,1,0.018421828146222508,0.610315137621881
random_forest,2,2024-06-05T00:00:00+00:00,AAPL,1,0.09515508916873472,0.6523845042019382
random_forest,2,2024-06-05T00:00:00+00:00,MSFT,1,0.03763850547738379,0.44624512487104406
random_forest,2,2024-06-05T00:00:00+00:00,QQQ,1,0.027024942590442524,0.692121499823706
random_forest,2,2024-06-05T00:00:00+00:00,SPY,1,0.013243114067055917,0.6460507956096191
random_forest,2,2024-06-06T00:00:00+00:00,AAPL,1,0.09644352538941514,0.6315245366679676
random_forest,2,2024-06-06T00:00:00+00:00,MSFT,1,0.02628875687577903,0.5349376823136015
random_forest,2,2024-06-06T00:00:00+00:00,QQQ,1,0.02714447742696713,0.7467567555369894
random_forest,2,2024-06-06T00:00:00+00:00,SPY,1,0.011504278013066527,0.7834495886058386
random_forest,2,2024-06-07T00:00:00+00:00,AAPL,1,0.08148148037572778,0.6014942149300221
random_forest,2,2024-06-07T00:00:00+00:00,MSFT,1,0.04004174391724358,0.5547595633533134
random_forest,2,2024-06-07T00:00:00+00:00,QQQ,1,0.036122340627590344,0.7248112406384462
random_forest,2,2024-06-07T00:00:00+00:00,SPY,1,0.014661032713445099,0.6435054375234329
random_forest,2,2024-06-10T00:00:00+00:00,AAPL,1,0.12138013674240966,0.5519914241460293
random_forest,2,2024-06-10T00:00:00+00:00,MSFT,1,0.05483559742515931,0.6101854854704116
random_forest,2,2024-06-10T00:00:00+00:00,QQQ,1,0.04422696718982788,0.7946439584720834
random_forest,2,2024-06-10T00:00:00+00:00,SPY,1,0.02246302576466186,0.650596093551057
random_forest,2,2024-06-11T00:00:00+00:00,AAPL,1,0.029573075954812733,0.5318561835427646
random_forest,2,2024-06-11T00:00:00+00:00,MSFT,1,0.023174370562613067,0.6303423271989448
random_forest,2,2024-06-11T00:00:00+00:00,QQQ,1,0.028513451324658767,0.6337647544449012
random_forest,2,2024-06-11T00:00:00+00:00,SPY,1,0.012392765329243272,0.6626706131899149
random_forest,2,2024-06-12T00:00:00+00:00,AAPL,0,-0.022214541296653345,0.49801320298853186
random_forest,2,2024-06-12T00:00:00+00:00,MSFT,1,0.012784733758106626,0.5312336660963307
random_forest,2,2024-06-12T00:00:00+00:00,QQQ,1,0.005251138592894167,0.63973373950396
random_forest,2,2024-06-12T00:00:00+00:00,SPY,1,0.0035258188619613495,0.5531893729228289
random_forest,2,2024-06-13T00:00:00+00:00,AAPL,0,-0.030605766207472906,0.4611520172992211
random_forest,2,2024-06-13T00:00:00+00:00,MSFT,1,0.02423423137205627,0.4777611636568199
random_forest,2,2024-06-13T00:00:00+00:00,QQQ,1,0.003070495351327196,0.5407634032634033
random_forest,2,2024-06-13T00:00:00+00:00,SPY,1,0.007607963712446653,0.6073300035340478
random_forest,2,2024-06-14T00:00:00+00:00,AAPL,0,-0.021736336444878823,0.5267828187893976
random_forest,2,2024-06-14T00:00:00+00:00,MSFT,1,0.010764780021621068,0.5216937015190692
random_forest,2,2024-06-14T00:00:00+00:00,QQQ,0,-0.007479186982668695,0.379535034807384
random_forest,2,2024-06-14T00:00:00+00:00,SPY,1,0.004749347063786269,0.6398061272877452
random_forest,2,2024-06-17T00:00:00+00:00,AAPL,0,-0.029930449232441037,0.4026206946594426
random_forest,2,2024-06-17T00:00:00+00:00,MSFT,0,-0.0035737209534707493,0.5507938585429877
random_forest,2,2024-06-17T00:00:00+00:00,QQQ,0,-0.013725680663401518,0.3841440630394287
random_forest,2,2024-06-17T00:00:00+00:00,SPY,0,-0.005127972916151524,0.5973774377175115
random_forest,2,2024-06-18T00:00:00+00:00,AAPL,1,0.001547594670067376,0.4852587658407125
random_forest,2,2024-06-18T00:00:00+00:00,MSFT,1,0.011150713337449547,0.5261516426362595
random_forest,2,2024-06-18T00:00:00+00:00,QQQ,0,-0.013358150478138153,0.3893547888998257
random_forest,2,2024-06-18T00:00:00+00:00,SPY,0,-0.006195147097860398,0.5952961249330737
random_forest,2,2024-06-20T00:00:00+00:00,AAPL,1,0.023522554303575083,0.5290765574993036
random_forest,2,2024-06-20T00:00:00+00:00,MSFT,1,0.010695201370036322,0.46084961198931795
random_forest,2,2024-06-20T00:00:00+00:00,QQQ,1,0.0021227229774587464,0.4598903796313338
random_forest,2,2024-06-20T00:00:00+00:00,SPY,1,0.0030615874084123362,0.598265678867701
random_forest,2,2024-06-21T00:00:00+00:00,AAPL,1,0.018998020116656855,0.5973693494005997
random_forest,2,2024-06-21T00:00:00+00:00,MSFT,0,-0.004527456227366833,0.4727226191206456
random_forest,2,2024-06-21T00:00:00+00:00,QQQ,1,0.0018839474596410444,0.5163383010930418
random_forest,2,2024-06-21T00:00:00+00:00,SPY,1,0.00038536301075220436,0.5667838809474837
random_forest,2,2024-06-24T00:00:00+00:00,AAPL,1,0.03140383225723342,0.6749261364656586
random_forest,2,2024-06-24T00:00:00+00:00,MSFT,1,0.00902292461541676,0.47736702686610794
random_forest,2,2024-06-24T00:00:00+00:00,QQQ,1,0.007100059576019557,0.717642816795777
random_forest,2,2024-06-24T00:00:00+00:00,SPY,0,-0.002530132691768716,0.6488198459016475
random_forest,2,2024-06-25T00:00:00+00:00,AAPL,1,0.03811076195257801,0.5404911724305107
random_forest,2,2024-06-25T00:00:00+00:00,MSFT,1,0.01842883292796671,0.5239532814107118
random_forest,2,2024-06-25T00:00:00+00:00,QQQ,1,0.013997564052605771,0.6024834615096805
random_forest,2,2024-06-25T00:00:00+00:00,SPY,1,0.007180205868878575,0.5806070720215456
random_forest,2,2024-06-26T00:00:00+00:00,AAPL,1,0.03035604389741109,0.6063362597369949
random_forest,2,2024-06-26T00:00:00+00:00,MSFT,1,0.01440057099906733,0.44400584556375
random_forest,2,2024-06-26T00:00:00+00:00,QQQ,1,0.02246777530143551,0.6659967070307143
random_forest,2,2024-06-26T00:00:00+00:00,SPY,1,0.009713805393166464,0.5705286931206047
random_forest,2,2024-06-27T00:00:00+00:00,AAPL,1,0.050360381154437084,0.6469685262654012
random_forest,2,2024-06-27T00:00:00+00:00,MSFT,1,0.027694979919833163,0.3859249247484542
random_forest,2,2024-06-27T00:00:00+00:00,QQQ,1,0.02721313183009233,0.6921872486227653
random_forest,2,2024-06-27T00:00:00+00:00,SPY,1,0.013104574880942854,0.5662753377137567
random_forest,2,2024-06-28T00:00:00+00:00,AAPL,1,0.07253799432371166,0.561084469044028
random_forest,2,2024-06-28T00:00:00+00:00,MSFT,1,0.03879752417590776,0.432111468816916
random_forest,2,2024-06-28T00:00:00+00:00,QQQ,1,0.03714951270102995,0.6399732304052155
random_forest,2,2024-06-28T00:00:00+00:00,SPY,1,0.01744524398557412,0.5312713716022537
random_forest,2,2024-07-01T00:00:00+00:00,AAPL,1,0.05871787482802615,0.6649250351364321
random_forest,2,2024-07-01T00:00:00+00:00,MSFT,1,0.01566302154263788,0.3887694209385387
random_forest,2,2024-07-01T00:00:00+00:00,QQQ,1,0.03809575431168577,0.5968526742243976
random_forest,2,2024-07-01T00:00:00+00:00,SPY,1,0.02254376411809944,0.5467529281756255
random_forest,2,2024-07-02T00:00:00+00:00,AAPL,1,0.04967130402215325,0.734013039146311
random_forest,2,2024-07-02T00:00:00+00:00,MSFT,1,0.008435346013562661,0.4412355663879464
random_forest,2,2024-07-02T00:00:00+00:00,QQQ,1,0.03258777871313279,0.6509367674540372
random_forest,2,2024-07-02T00:00:00+00:00,SPY,1,0.02119274081986311,0.5369177753414885
random_forest,2,2024-07-03T00:00:00+00:00,AAPL,1,0.030735873760197707,0.696412134020735
random_forest,2,2024-07-03T00:00:00+00:00,MSFT,0,-0.01346313882864203,0.39377993483232454
random_forest,2,2024-07-03T00:00:00+00:00,QQQ,0,-0.000740128751186675,0.6985394488122819
random_forest,2,2024-07-03T00:00:00+00:00,SPY,1,0.00860124120110739,0.48989634497447004
random_forest,2,2024-07-05T00:00:00+00:00,AAPL,1,0.03926854064643148,0.6708479412690423
random_forest,2,2024-07-05T00:00:00+00:00,MSFT,0,-0.03034111229941705,0.37680618299184476
random_forest,2,2024-07-05T00:00:00+00:00,QQQ,0,-0.0018371550326704567,0.41919441921812306
random_forest,2,2024-07-05T00:00:00+00:00,SPY,1,0.009842706617758434,0.6118294874039363
random_forest,2,2024-07-08T00:00:00+00:00,AAPL,1,0.028958324224794385,0.5951309698213723
random_forest,2,2024-07-08T00:00:00+00:00,MSFT,0,-0.029309528194439882,0.27544232473000857
random_forest,2,2024-07-08T00:00:00+00:00,QQQ,0,-0.00449861581925004,0.26648119292880335
random_forest,2,2024-07-08T00:00:00+00:00,SPY,1,0.009861186122869237,0.6813722189779176
random_forest,2,2024-07-09T00:00:00+00:00,AAPL,0,-0.0013451102658534886,0.6433625788985695
random_forest,2,2024-07-09T00:00:00+00:00,MSFT,0,-0.042310182261204976,0.5435204582998702
random_forest,2,2024-07-09T00:00:00+00:00,QQQ,0,-0.02482563375025293,0.28025025372911416
random_forest,2,2024-07-09T00:00:00+00:00,SPY,1,0.0011013436714040203,0.6221206300847847
random_forest,2,2024-07-10T00:00:00+00:00,AAPL,0,-0.006785435833704945,0.5553762596622503
random_forest,2,2024-07-10T00:00:00+00:00,MSFT,0,-0.04217844835506901,0.446034661019665
random_forest,2,2024-07-10T00:00:00+00:00,QQQ,0,-0.036794132702393845,0.34013854507420704
random_forest,2,2024-07-10T00:00:00+00:00,SPY,0,-0.007206215399834237,0.6705687490613961
random_forest,2,2024-07-11T00:00:00+00:00,AAPL,0,-0.019872382691948243,0.5805641111339639
random_forest,2,2024-07-11T00:00:00+00:00,MSFT,0,-0.04863266399957078,0.6074855001003898
random_forest,2,2024-07-11T00:00:00+00:00,QQQ,0,-0.029070176380479373,0.5646091423894731
random_forest,2,2024-07-11T00:00:00+00:00,SPY,0,-0.011322693589926214,0.47332108761336694
random_forest,2,2024-07-12T00:00:00+00:00,AAPL,0,-0.041963564434994605,0.6393710650052562
random_forest,2,2024-07-12T00:00:00+00:00,MSFT,0,-0.027338810792960633,0.45672539046136196
random_forest,2,2024-07-12T00:00:00+00:00,QQQ,0,-0.03304687781136395,0.6554927884615382
random_forest,2,2024-07-12T00:00:00+00:00,SPY,0,-0.018032466313414153,0.459470382048507
random_forest,2,2024-07-15T00:00:00+00:00,AAPL,0,-0.04714172873397027,0.5752336378898881
random_forest,2,2024-07-15T00:00:00+00:00,MSFT,0,-0.024672737784485532,0.4307049608887844
random_forest,2,2024-07-15T00:00:00+00:00,QQQ,0,-0.034508023850590375,0.6990087336768839
random_forest,2,2024-07-15T00:00:00+00:00,SPY,0,-0.01676774382219337,0.4675798954603616
random_forest,2,2024-07-16T00:00:00+00:00,AAPL,0,-0.025703082932738597,0.6019123931623934
random_forest,2,2024-07-16T00:00:00+00:00,MSFT,0,-0.006823527619728709,0.4501787928166605
random_forest,2,2024-07-16T00:00:00+00:00,QQQ,0,-0.03155291672047489,0.7856827496441464
random_forest,2,2024-07-16T00:00:00+00:00,SPY,0,-0.019750748948364927,0.4087468795179709
random_forest,2,2024-07-17T00:00:00+00:00,AAPL,0,-0.0511874926098419,0.5774745827089577
random_forest,2,2024-07-17T00:00:00+00:00,MSFT,0,-0.036901267501724844,0.3102503909489205
random_forest,2,2024-07-17T00:00:00+00:00,QQQ,0,-0.04682826337781043,0.3638187012130027
random_forest,2,2024-07-17T00:00:00+00:00,SPY,0,-0.032661529780911525,0.6156947739760239
random_forest,2,2024-07-18T00:00:00+00:00,AAPL,0,-0.02916539832759346,0.6245666746447994
random_forest,2,2024-07-18T00:00:00+00:00,MSFT,0,-0.03633236754501468,0.34044649794649806
random_forest,2,2024-07-18T00:00:00+00:00,QQQ,0,-0.036365232072160025,0.5856303898307574
random_forest,2,2024-07-18T00:00:00+00:00,SPY,0,-0.020316728072436674,0.6824750163031413
random_forest,2,2024-07-19T00:00:00+00:00,AAPL,0,-0.04618077507394713,0.3846544677748721
random_forest,2,2024-07-19T00:00:00+00:00,MSFT,0,-0.025062415821008655,0.4179394160782029
random_forest,2,2024-07-19T00:00:00+00:00,QQQ,0,-0.03404366974959949,0.3460219590458562
random_forest,2,2024-07-19T00:00:00+00:00,SPY,0,-0.014595064274841696,0.6529860677516927
random_forest,2,2024-07-22T00:00:00+00:00,AAPL,0,-0.025038628739340152,0.34751867260598873
random_forest,2,2024-07-22T00:00:00+00:00,MSFT,0,-0.038374875805675224,0.37580811458278574
random_forest,2,2024-07-22T00:00:00+00:00,QQQ,0,-0.034255174430027235,0.337675942961837
random_forest,2,2024-07-22T00:00:00+00:00,SPY,0,-0.016899342858009758,0.5877387620603083
random_forest,2,2024-07-23T00:00:00+00:00,AAPL,0,-0.013403760661846453,0.3094985136391386
random_forest,2,2024-07-23T00:00:00+00:00,MSFT,0,-0.04720207295257539,0.26259537337662336
random_forest,2,2024-07-23T00:00:00+00:00,QQQ,0,-0.014530432246688707,0.3840614492791352
random_forest,2,2024-07-23T00:00:00+00:00,SPY,0,-0.0017796056164132157,0.5306887200883913
random_forest,2,2024-07-24T00:00:00+00:00,AAPL,1,0.02280065170701895,0.3502869873182374
random_forest,2,2024-07-24T00:00:00+00:00,MSFT,0,-0.020640827844814025,0.7815319392617189
random_forest,2,2024-07-24T00:00:00+00:00,QQQ,1,0.01530540558178406,0.6789119724230018
random_forest,2,2024-07-24T00:00:00+00:00,SPY,1,0.018686719681674457,0.5694372850393072
random_forest,2,2024-07-25T00:00:00+00:00,AAPL,1,5.547061422017663e-05,0.35529686459373944
random_forest,2,2024-07-25T00:00:00+00:00,MSFT,0,-0.015624505900366237,0.7621245247807747
random_forest,2,2024-07-25T00:00:00+00:00,QQQ,0,-0.02736595315566681,0.8225495021726641
random_forest,2,2024-07-25T00:00:00+00:00,SPY,0,-0.014015795725398905,0.4921568137744609
random_forest,2,2024-07-26T00:00:00+00:00,AAPL,0,-0.08419888527509967,0.34855832535520037
random_forest,2,2024-07-26T00:00:00+00:00,MSFT,0,-0.10006847930608664,0.523813981157731
random_forest,2,2024-07-26T00:00:00+00:00,QQQ,0,-0.08985982297784356,0.6991735118435485
random_forest,2,2024-07-26T00:00:00+00:00,SPY,0,-0.06483684108817545,0.4187365499084249
random_forest,2,2024-07-29T00:00:00+00:00,AAPL,0,-0.06524111153675494,0.28956595651617895
random_forest,2,2024-07-29T00:00:00+00:00,MSFT,0,-0.06667736236676003,0.38715100004162506
random_forest,2,2024-07-29T00:00:00+00:00,QQQ,0,-0.06331129326336782,0.5547498074841825
random_forest,2,2024-07-29T00:00:00+00:00,SPY,0,-0.05139947320417082,0.35549930971805965
random_forest,2,2024-07-30T00:00:00+00:00,AAPL,0,-0.06752788281062672,0.3697897666113127
random_forest,2,2024-07-30T00:00:00+00:00,MSFT,0,-0.03014621068423151,0.6616238188894439
random_forest,2,2024-07-30T00:00:00+00:00,QQQ,0,-0.04760322931385186,0.7057114153207903
random_forest,2,2024-07-30T00:00:00+00:00,SPY,0,-0.03928362236247673,0.46682571768509273
random_forest,2,2024-07-31T00:00:00+00:00,AAPL,0,-0.0520828054197231,0.2813390439217644
random_forest,2,2024-07-31T00:00:00+00:00,MSFT,0,-0.04551934940591407,0.7571592929129694
random_forest,2,2024-07-31T00:00:00+00:00,QQQ,0,-0.06694356452535044,0.3512035482899455
random_forest,2,2024-07-31T00:00:00+00:00,SPY,0,-0.05376106805609138,0.3696603263974588
random_forest,2,2024-08-01T00:00:00+00:00,AAPL,0,-0.03410349330301776,0.36753730518170347
random_forest,2,2024-08-01T00:00:00+00:00,MSFT,0,-0.02246666728152613,0.6826767442116706
random_forest,2,2024-08-01T00:00:00+00:00,QQQ,0,-0.011183649107189275,0.5877582459572589
random_forest,2,2024-08-01T00:00:00+00:00,SPY,0,-0.01306310507644437,0.432607808857809
random_forest,2,2024-08-02T00:00:00+00:00,AAPL,1,0.08437348572009418,0.3849594000149467
random_forest,2,2024-08-02T00:00:00+00:00,MSFT,1,0.04387969666317604,0.639426398254523
random_forest,2,2024-08-02T00:00:00+00:00,QQQ,1,0.06069607865630755,0.5617995719558218
random_forest,2,2024-08-02T00:00:00+00:00,SPY,1,0.04202687859722798,0.5611603674103675
random_forest,2,2024-08-05T00:00:00+00:00,AAPL,1,0.06588115620023127,0.645039263738712
random_forest,2,2024-08-05T00:00:00+00:00,MSFT,1,0.021929147743176447,0.7376728479853478
random_forest,2,2024-08-05T00:00:00+00:00,QQQ,1,0.040434699234424665,0.6623501877325888
random_forest,2,2024-08-05T00:00:00+00:00,SPY,1,0.031274178726262924,0.7841966887279386
random_forest,2,2024-08-06T00:00:00+00:00,AAPL,1,0.06517209125999845,0.5594637541788275
random_forest,2,2024-08-06T00:00:00+00:00,MSFT,1,0.013046232493869603,0.5513008238697574
random_forest,2,2024-08-06T00:00:00+00:00,QQQ,1,0.036045486969069396,0.45853785766929145
random_forest,2,2024-08-06T00:00:00+00:00,SPY,1,0.025158211228825333,0.8085653582528582
random_forest,2,2024-08-07T00:00:00+00:00,AAPL,1,0.05302758446653888,0.48858073701968807
random_forest,2,2024-08-07T00:00:00+00:00,MSFT,1,0.04292907328162898,0.62360714601983
random_forest,2,2024-08-07T00:00:00+00:00,QQQ,1,0.060679876540693733,0.47042291042291035
random_forest,2,2024-08-07T00:00:00+00:00,SPY,1,0.046748467040126584,0.7277727133977134
random_forest,2,2024-08-08T00:00:00+00:00,AAPL,1,0.054838665927198216,0.4730089692836404
random_forest,2,2024-08-08T00:00:00+00:00,MSFT,1,0.04080443583635063,0.5584315317035905
random_forest,2,2024-08-08T00:00:00+00:00,QQQ,1,0.0558171115068089,0.2803125433594183
random_forest,2,2024-08-08T00:00:00+00:00,SPY,1,0.03870869134949495,0.4090612332606334
random_forest,2,2024-08-09T00:00:00+00:00,AAPL,1,0.04257405638763734,0.46208615169552675
random_forest,2,2024-08-09T00:00:00+00:00,MSFT,1,0.029029107239135987,0.4728787248935274
random_forest,2,2024-08-09T00:00:00+00:00,QQQ,1,0.05057831417965053,0.24332987037901904
random_forest,2,2024-08-09T00:00:00+00:00,SPY,1,0.03633693117247261,0.4744930336530085
random_forest,2,2024-08-12T00:00:00+00:00,AAPL,1,0.028806595211934294,0.35748215836451136
random_forest,2,2024-08-12T00:00:00+00:00,MSFT,1,0.029361032375378127,0.461884995943384
random_forest,2,2024-08-12T00:00:00+00:00,QQQ,1,0.051709623505401536,0.2385983797656593
random_forest,2,2024-08-12T00:00:00+00:00,SPY,1,0.04007748589768445,0.5261534732628481
random_forest,2,2024-08-13T00:00:00+00:00,AAPL,1,0.024923605365042123,0.624903585487225
random_forest,2,2024-08-13T00:00:00+00:00,MSFT,1,0.022168647584411394,0.42762599648266264
random_forest,2,2024-08-13T00:00:00+00:00,QQQ,1,0.035767923010734615,0.4816679679593281
random_forest,2,2024-08-13T00:00:00+00:00,SPY,1,0.029108748701839327,0.423518337285994
random_forest,2,2024-08-14T00:00:00+00:00,AAPL,1,0.012176702902357839,0.5660947842362315
random_forest,2,2024-08-14T00:00:00+00:00,MSFT,1,0.008842637519270502,0.49313146103659855
random_forest,2,2024-08-14T00:00:00+00:00,QQQ,1,0.03223678095135907,0.5002326151177253
random_forest,2,2024-08-14T00:00:00+00:00,SPY,1,0.02172151154805424,0.6332933680043293
random_forest,2,2024-08-15T00:00:00+00:00,AAPL,1,0.00575717064864123,0.5065250622700311
random_forest,2,2024-08-15T00:00:00+00:00,MSFT,0,-0.010587480788759374,0.47138201646135097
random_forest,2,2024-08-15T00:00:00+00:00,QQQ,1,0.011980909533310324,0.5940715794622042
random_forest,2,2024-08-15T00:00:00+00:00,SPY,1,0.012680176257428455,0.6923977166624222
random_forest,2,2024-08-16T00:00:00+00:00,AAPL,1,0.002600469975250208,0.4828064840753502
random_forest,2,2024-08-16T00:00:00+00:00,MSFT,0,-0.008167691411361533,0.3976420722756347
random_forest,2,2024-08-16T00:00:00+00:00,QQQ,1,0.006991452935496634,0.47016413244693034
random_forest,2,2024-08-16T00:00:00+00:00,SPY,1,0.013204346520242272,0.7333564464538727
random_forest,2,2024-08-19T00:00:00+00:00,AAPL,0,-0.000981355840756759,0.43218375865942626
random_forest,2,2024-08-19T00:00:00+00:00,MSFT,0,-0.022918881717389428,0.41369291554034204
random_forest,2,2024-08-19T00:00:00+00:00,QQQ,0,-0.015835153370312605,0.5101423402985904
random_forest,2,2024-08-19T00:00:00+00:00,SPY,0,-0.001391142309593807,0.6903330893070637
random_forest,2,2024-08-20T00:00:00+00:00,AAPL,1,0.004170158872609964,0.4841232069981102
random_forest,2,2024-08-20T00:00:00+00:00,MSFT,0,-0.023648616687522717,0.49458538856976375
random_forest,2,2024-08-20T00:00:00+00:00,QQQ,0,-0.011873075745868933,0.4836866470034523
random_forest,2,2024-08-20T00:00:00+00:00,SPY,1,0.0005692312199616634,0.6323029933817474
random_forest,2,2024-08-21T00:00:00+00:00,AAPL,1,0.008122764371928382,0.4734087044867327
random_forest,2,2024-08-21T00:00:00+00:00,MSFT,0,-0.02415176216638837,0.5629373776754291
random_forest,2,2024-08-21T00:00:00+00:00,QQQ,0,-0.025793334392340772,0.5623586217703866
random_forest,2,2024-08-21T00:00:00+00:00,SPY,0,-0.0059893544900085915,0.6601754995413086
random_forest,2,2024-08-22T00:00:00+00:00,AAPL,1,0.018036279356065332,0.6060372118690133
random_forest,2,2024-08-22T00:00:00+00:00,MSFT,0,-0.005300958118354959,0.5200949073769798
random_forest,2,2024-08-22T00:00:00+00:00,QQQ,0,-0.010744297013803972,0.4654004359610977
random_forest,2,2024-08-22T00:00:00+00:00,SPY,1,0.00021384188073070298,0.6495224462124131
random_forest,2,2024-08-23T00:00:00+00:00,AAPL,1,0.005880034656304378,0.6380974948254361
random_forest,2,2024-08-23T00:00:00+00:00,MSFT,1,0.0016932766288406675,0.45994458991193704
random_forest,2,2024-08-23T00:00:00+00:00,QQQ,0,-0.015007810818497891,0.5084866881591921
random_forest,2,2024-08-23T00:00:00+00:00,SPY,0,-0.0068004058199966355,0.6859713975878352
random_forest,2,2024-08-26T00:00:00+00:00,AAPL,0,-0.021163194467120672,0.6341667584866115
random_forest,2,2024-08-26T00:00:00+00:00,MSFT,0,-0.01879806842098164,0.4395118178390236
random_forest,2,2024-08-26T00:00:00+00:00,QQQ,0,-0.03364320899169615,0.4531938248746008
random_forest,2,2024-08-26T00:00:00+00:00,SPY,0,-0.018569200590102253,0.6844081171183047
random_forest,2,2024-08-27T00:00:00+00:00,AAPL,0,-0.029540333311935618,0.6704492056146469
random_forest,2,2024-08-27T00:00:00+00:00,MSFT,0,-0.019462188669985836,0.4313286514880456
random_forest,2,2024-08-27T00:00:00+00:00,QQQ,0,-0.03828984275235703,0.671621538184038
random_forest,2,2024-08-27T00:00:00+00:00,SPY,0,-0.020350067198615873,0.7386742000850456
random_forest,2,2024-08-28T00:00:00+00:00,AAPL,0,-0.02867239712397418,0.548571799932094
random_forest,2,2024-08-28T00:00:00+00:00,MSFT,0,-0.016140458163853455,0.42387731025961467
random_forest,2,2024-08-28T00:00:00+00:00,QQQ,0,-0.02930556709812515,0.6621677418782201
random_forest,2,2024-08-28T00:00:00+00:00,SPY,0,-0.020468663319113123,0.6954692958185602
random_forest,2,2024-08-29T00:00:00+00:00,AAPL,0,-0.04262211203109034,0.6047555559228353
random_forest,2,2024-08-29T00:00:00+00:00,MSFT,0,-0.02207330693056153,0.4972844992876918
random_forest,2,2024-08-29T00:00:00+00:00,QQQ,0,-0.04817537968501884,0.7028282590947067
random_forest,2,2024-08-29T00:00:00+00:00,SPY,0,-0.030687022816884846,0.6193577052032936
random_forest,2,2024-08-30T00:00:00+00:00,AAPL,0,-0.04404911836428882,0.6286877149606924
random_forest,2,2024-08-30T00:00:00+00:00,MSFT,0,-0.025186180342761322,0.5291766272781653
random_forest,2,2024-08-30T00:00:00+00:00,QQQ,0,-0.0377674698963687,0.8132466262291629
random_forest,2,2024-08-30T00:00:00+00:00,SPY,0,-0.023561626169901317,0.7097933031021266
random_forest,2,2024-09-03T00:00:00+00:00,AAPL,0,-0.002898465877015921,0.37931218852634285
random_forest,2,2024-09-03T00:00:00+00:00,MSFT,1,0.021580674636462405,0.5828907108328549
random_forest,2,2024-09-03T00:00:00+00:00,QQQ,1,0.00070005068068002,0.5432428782839969
random_forest,2,2024-09-03T00:00:00+00:00,SPY,0,-0.004718750817777062,0.5527612960976931
random_forest,2,2024-09-04T00:00:00+00:00,AAPL,1,0.00191973647197341,0.4069088203463204
random_forest,2,2024-09-04T00:00:00+00:00,MSFT,1,0.03641678862486564,0.5782302390538165
random_forest,2,2024-09-04T00:00:00+00:00,QQQ,1,0.019050562940818194,0.5013863862852833
random_forest,2,2024-09-04T00:00:00+00:00,SPY,1,0.005465734300234226,0.4665434391996892
random_forest,2,2024-09-05T00:00:00+00:00,AAPL,0,-0.0036466696458499204,0.4859362361870584
random_forest,2,2024-09-05T00:00:00+00:00,MSFT,1,0.03891656373772179,0.6276926882349672
random_forest,2,2024-09-05T00:00:00+00:00,QQQ,1,0.02434349982493944,0.4496347662753911
random_forest,2,2024-09-05T00:00:00+00:00,SPY,1,0.01573212349631059,0.4395662224181476
